client_id,age,income_bracket,risk_tolerance,investment_experience,join_date,country,tenure_days,account_balance,last_updated,trade_count,total_trade_value,avg_trade_value,std_trade_value,total_quantity,avg_quantity,total_transaction_value,transaction_count,deposit_ratio,avg_daily_trades,value_per_trade,cluster,volatility_score,activity_score,size_score,behavioral_risk_score
C10000,54,Medium,Very High,Beginner,2020-02-16,Canada,2040,11119,2025-09-16 18:10:22.208536,101,2070146.74,20496.5,14622.27,10030,99.31,52091.0,10,0.8,0.0495098039215686,20496.502376237622,0,0.7134032639718977,0.09954664524340717,-0.37795482769772293,4.817818095242227
C10001,61,Medium,Low,Beginner,2025-11-15,Canada,-59,27182,2025-09-16 18:10:22.214717,98,2466664.64,25170.05,18070.9,10828,110.49,27182.0,1,1.0,98.0,25170.047346938776,3,0.7179524871821868,-0.19909329048681434,2.412127434804629,7.121144299040897
C10002,27,Medium,Very High,Intermediate,2024-08-17,Germany,396,46465,2025-09-16 18:10:22.216712,91,2056016.16,22593.58,16463.27,9686,106.44,46815.0,2,0.5,0.2297979797979798,22593.584175824173,2,0.7286702682797502,-0.8959198071906646,0.873989777805254,5.068587270220278
C10003,23,Low,Very High,Intermediate,2022-02-03,Germany,1322,25315,2025-09-16 18:10:22.217713,92,1998764.47,21725.7,17154.08,9172,99.7,34596.0,3,0.67,0.0695915279878971,21725.700760869564,2,0.7895754797313781,-0.7963731619472574,0.3558704479637964,4.738528114711352
C10004,57,Medium,High,Advanced,2025-11-07,Australia,-51,21668,2025-09-16 18:10:22.218707,95,1841425.29,19383.42,15530.8,8619,90.73,21668.0,1,1.0,95.0,19383.42410526316,3,0.8012414733829222,-0.49773322621703586,-1.0424571363808703,3.734490745997465
C10005,35,High,Low,Advanced,2025-03-04,UK,197,7994,2025-09-16 18:10:22.219704,85,1837008.27,21611.86,15681.8,8944,105.22,10123.0,2,1.0,0.4314720812182741,21611.862,0,0.7256108451563169,-1.4931996786511077,0.28790862777073795,3.973746504901477
C10006,70,High,Low,Beginner,2024-06-06,Japan,468,12329,2025-09-16 18:10:22.221699,103,2306990.82,22397.97,16418.1,10755,104.42,39071.0,7,1.0,0.22008547008547,22397.96912621359,0,0.733017322551999,0.2986399357302215,0.7572117415441492,6.067186616823229
C10007,46,Low,Very High,Beginner,2024-09-20,Canada,362,20934,2025-09-16 18:10:22.222696,99,2092687.5,21138.26,18626.68,9601,96.98,20934.0,1,1.0,0.2734806629834254,21138.257575757576,0,0.8811832194324415,-0.09954664524340717,0.005172172715989402,5.142475297846562
C10008,41,Low,High,Beginner,2024-04-12,Germany,523,10248,2025-09-16 18:10:22.223693,96,2284327.85,23795.08,18514.3,10540,109.79,19480.0,5,0.4,0.1835564053537285,23795.08177083333,0,0.778072609968111,-0.3981865809736287,1.591278314013613,6.235410600107106
C10009,32,Low,Very High,Beginner,2024-02-21,Canada,574,12255,2025-09-16 18:10:22.224691,101,1847589.3,18292.96,13723.06,9490,93.96,12255.0,1,1.0,0.1759581881533101,18292.963366336637,2,0.7501825839011292,0.09954664524340717,-1.6934554361676089,3.6378011792107463
C10010,39,High,High,Intermediate,2023-07-04,UK,806,14279,2025-09-16 18:10:22.226687,108,2272441.43,21041.12,14822.87,11466,106.17,54039.0,9,0.89,0.1339950372208436,21041.124351851853,0,0.7044715300326219,0.7963731619472574,-0.05281984426884587,5.7526521918231435
C10011,66,High,Very High,Intermediate,2023-11-25,USA,662,33200,2025-09-16 18:10:22.227686,100,2348302.36,23483.02,16473.87,10674,106.74,33200.0,1,1.0,0.1510574018126888,23483.0236,0,0.7015226320975751,0.0,1.404980302686787,6.360302419082087
C10012,46,Low,High,Intermediate,2021-07-31,Japan,1509,27553,2025-09-16 18:10:22.228723,90,1904728.2,21163.65,15131.48,9303,103.37,63789.0,7,1.0,0.0596421471172962,21163.646666666667,1,0.7149749688735165,-0.9954664524340717,0.020329855557714268,4.176320464853163
C10013,55,Low,Low,Beginner,2022-12-14,Canada,1008,49512,2025-09-16 18:10:22.229719,108,2241560.81,20755.19,14598.45,11050,102.31,71643.0,6,0.83,0.1071428571428571,20755.192685185182,1,0.7033638333351804,0.7963731619472574,-0.2235183970429252,5.594107650121104
C10014,19,High,Low,Advanced,2021-06-18,Germany,1552,27783,2025-09-16 18:10:22.230704,93,1929404.38,20746.28,16408.58,8723,93.8,51622.0,10,0.7,0.0599226804123711,20746.283655913976,2,0.7909167330239446,-0.6968265167038502,-0.22883761540132416,4.29205398158177
C10015,30,High,High,Beginner,2025-02-02,Japan,227,47708,2025-09-16 18:10:22.231704,104,2143555.61,20611.11,15090.08,10356,99.58,47708.0,1,1.0,0.4581497797356828,20611.111634615383,2,0.732133300923628,0.3981865809736287,-0.30953332196751865,5.173830366772235
C10016,29,Medium,Very High,Beginner,2021-06-26,UK,1544,26967,2025-09-16 18:10:22.232699,104,2137464.45,20552.54,16572.41,9511,91.45,59727.0,6,0.83,0.0673575129533678,20552.542788461546,2,0.8063436441432543,0.3981865809736287,-0.3444992725007882,5.210045488585163
C10017,40,Medium,Very High,Advanced,2024-02-28,UK,567,23245,2025-09-16 18:10:22.232699,120,2853797.72,23781.65,17878.62,12406,103.38,45669.0,4,1.0,0.2116402116402116,23781.647666666668,0,0.7517821513646025,1.9909329048681434,1.5832606818527488,8.40845433149461
C10018,52,Low,Very High,Intermediate,2025-07-06,Japan,73,16378,2025-09-16 18:10:22.233697,99,1854388.98,18731.2,15644.86,9334,94.28,16378.0,1,1.0,1.356164383561644,18731.201818181817,1,0.8352299906039122,-0.09954664524340717,-1.4318286961693132,3.773990283416549
C10019,25,High,Low,Advanced,2020-03-05,Australia,2022,33039,2025-09-16 18:10:22.234693,86,1881721.88,21880.49,15008.48,8619,100.22,62567.0,7,0.57,0.0425321463897131,21880.486976744185,2,0.6859297940768236,-1.3936530334077004,0.44827918081414386,4.1769826452200824
C10020,57,High,Low,Intermediate,2021-09-19,Canada,1459,17070,2025-09-16 18:10:22.235690,91,1638873.18,18009.6,12285.56,8584,94.33,49968.0,10,0.6,0.0623714873200822,18009.595384615382,1,0.682167288557214,-0.8959198071906646,-1.8626197138371894,2.5003029811733115
C10021,43,High,Very High,Beginner,2024-11-05,USA,316,43909,2025-09-16 18:10:22.236688,117,2268075.72,19385.26,16011.99,10930,93.42,43909.0,1,1.0,0.370253164556962,19385.26256410257,1,0.8259878897677927,1.692292969137922,-1.0413586670453534,5.779318952774239
C10022,55,Low,Low,Intermediate,2022-09-07,Germany,1106,14744,2025-09-16 18:10:22.236688,81,1634103.03,20174.11,15528.42,7907,97.62,41411.0,8,0.5,0.0732368896925858,20174.111481481483,1,0.7697202007920052,-1.8913862596247364,-0.5704197891527478,2.8549263368308884
C10023,63,Medium,Very High,Beginner,2022-01-21,Japan,1335,35541,2025-09-16 18:10:22.237685,98,1951698.36,19915.29,16658.69,9475,96.68,51854.0,9,0.33,0.0734082397003745,19915.289387755103,1,0.8364774000278177,-0.19909329048681434,-0.7249338290540772,4.3356084768318
C10024,32,Medium,High,Intermediate,2025-02-12,Germany,217,12279,2025-09-16 18:10:22.238683,87,1795034.9,20632.59,16477.79,8410,96.67,19043.0,2,1.0,0.4009216589861751,20632.585057471264,0,0.7986292559489623,-1.2941063881642934,-0.29670988646376895,3.685362062594355
C10025,29,Medium,Medium,Advanced,2021-05-01,USA,1600,36633,2025-09-16 18:10:22.239686,107,2379393.12,22237.32,16010.67,11224,104.9,93264.0,12,0.75,0.066875,22237.318878504677,2,0.7199909881226695,0.6968265167038502,0.661304622657862,6.3341123235509285
C10026,63,Low,Low,Advanced,2020-02-20,UK,2036,28456,2025-09-16 18:10:22.240682,99,2017194.33,20375.7,16737.23,8805,88.94,75875.0,11,0.73,0.0486247544204322,20375.700303030306,1,0.821430920164706,-0.09954664524340717,-0.4500717275512138,4.667231605112944
C10027,34,Medium,High,Advanced,2020-04-09,USA,1987,23352,2025-09-16 18:10:22.241679,108,2144105.9,19852.83,15541.5,9852,91.22,41899.0,9,0.56,0.054353296426774,19852.832407407408,2,0.782835494989883,0.7963731619472574,-0.7622220870412378,5.1703236976013525
C10028,29,Low,Very High,Advanced,2021-11-09,Germany,1408,15395,2025-09-16 18:10:22.242677,100,1930608.62,19306.09,14126.44,10115,101.15,27274.0,3,1.0,0.0710227272727272,19306.0862,2,0.7317090099548899,0.0,-1.0886226981827771,4.087036686793326
C10029,40,Medium,High,Beginner,2025-06-18,Australia,91,16102,2025-09-16 18:10:22.242677,104,2295502.55,22072.14,15836.69,10890,104.71,16102.0,1,1.0,1.1428571428571428,22072.139903846157,0,0.7174968081934965,0.3981865809736287,0.5626931200270697,5.965223030849607
C10030,35,Medium,Low,Advanced,2020-07-03,Canada,1902,41563,2025-09-16 18:10:22.243682,91,1953559.15,21467.68,15182.87,9403,103.33,95352.0,12,0.58,0.047844374342797,21467.682967032964,2,0.7072431674032779,-0.8959198071906646,0.2018340034257347,4.428541989981088
C10031,22,Low,Very High,Advanced,2022-08-19,Japan,1125,23332,2025-09-16 18:10:22.245664,95,1720686.87,18112.49,13245.46,8677,91.34,47583.0,5,0.6,0.0844444444444444,18112.493368421052,2,0.7312887405320858,-0.49773322621703586,-1.8011949801788623,2.9697667147603717
C10032,48,Medium,Very High,Intermediate,2023-02-16,Canada,944,22746,2025-09-16 18:10:22.245664,118,2445449.45,20724.15,15575.96,11746,99.54,48752.0,8,0.38,0.125,20724.147881355933,0,0.7515849865977614,1.791839614381329,-0.24204909713772793,6.540132793393137
C10033,19,Medium,High,Beginner,2021-07-10,Canada,1530,31835,2025-09-16 18:10:22.246661,116,2742409.66,23641.46,16583.99,12807,110.41,45106.0,4,0.75,0.0758169934640522,23641.462586206897,2,0.7014790964686615,1.5927463238945148,1.4995680643820442,7.917351174785643
C10034,53,Medium,Very High,Advanced,2021-12-15,USA,1372,48322,2025-09-16 18:10:22.247661,86,1727251.66,20084.32,15930.78,7683,89.34,68684.0,5,0.8,0.0626822157434402,20084.32162790697,1,0.7931948903423168,-1.3936530334077004,-0.6240238987375578,3.2864358504683926
C10035,30,Medium,Medium,Advanced,2023-05-09,UK,862,9625,2025-09-16 18:10:22.248656,94,2156925.15,22946.01,17024.52,10103,107.48,13118.0,3,1.0,0.1090487238979118,22946.01223404255,0,0.7419381408793948,-0.597279871460443,1.0843884451509964,5.550576959586749
C10036,56,Medium,High,Intermediate,2024-02-27,USA,568,45254,2025-09-16 18:10:22.249654,101,1772330.28,17547.82,15827.74,8813,87.26,52932.0,3,1.0,0.1778169014084507,17547.824554455445,1,0.9019775675838936,0.09954664524340717,-2.138299697399649,3.3673723470345034
C10037,20,High,High,Beginner,2025-04-15,Australia,155,20751,2025-09-16 18:10:22.250656,87,1810836.54,20814.21,16140.53,7935,91.21,20751.0,1,1.0,0.5612903225806452,20814.21310344828,2,0.7754572477168243,-1.2941063881642934,-0.18828379911781687,3.764035387592173
C10038,20,Medium,Medium,Intermediate,2020-07-08,USA,1897,11576,2025-09-16 18:10:22.251647,98,1967258.35,20074.06,15988.92,9328,95.18,70425.0,16,0.5,0.051660516605166,20074.06479591837,2,0.7964965731894793,-0.19909329048681434,-0.6301490592714709,4.386182108724067
C10039,37,Low,Low,Beginner,2020-08-09,Canada,1865,24556,2025-09-16 18:10:22.251647,106,2032802.68,19177.38,15523.93,9649,91.03,46643.0,7,0.43,0.0568364611260053,19177.383773584905,2,0.8094917032462202,0.597279871460443,-1.1654618221905817,4.639083318041693
C10040,18,Medium,High,Intermediate,2025-12-11,Canada,-85,23849,2025-09-16 18:10:22.252645,95,2081840.68,21914.11,16871.94,9684,101.94,23849.0,1,1.0,95.0,21914.112421052632,3,0.7699121707429596,-0.49773322621703586,0.4683501259554875,5.099767945167191
C10041,57,High,Very High,Advanced,2021-03-17,UK,1645,20278,2025-09-16 18:10:22.253679,96,1944871.98,20259.08,16462.79,9467,98.61,73316.0,14,0.57,0.0583586626139817,20259.083125,1,0.8126129123336301,-0.3981865809736287,-0.5196931916316283,4.319258920453754
C10042,70,High,Very High,Beginner,2025-11-24,UK,-68,29292,2025-09-16 18:10:22.254674,99,1984460.88,20045.06,14377.54,9649,97.46,29292.0,1,1.0,99.0,20045.05939393939,3,0.7172610109423468,-0.09954664524340717,-0.6474618911899415,4.388948925091343
C10043,20,Medium,Very High,Advanced,2023-04-13,Germany,888,10528,2025-09-16 18:10:22.255670,110,2366114.41,21510.13,17989.71,10404,94.58,37610.0,7,1.0,0.1238738738738738,21510.131,2,0.8363366469658714,0.9954664524340717,0.22717640738915157,6.316447319894508
C10044,64,High,Very High,Intermediate,2020-08-23,Japan,1851,39757,2025-09-16 18:10:22.255670,98,2083856.34,21263.84,16668.89,10013,102.17,68129.0,12,0.42,0.0529443544030253,21263.840204081636,1,0.7839077984032987,-0.19909329048681434,0.08014270486500895,5.0300294718493666
C10045,70,High,Very High,Beginner,2020-06-03,USA,1932,30843,2025-09-16 18:10:22.256670,86,1860431.36,21632.92,16042.16,8789,102.2,60118.0,10,0.3,0.0445134575569358,21632.922790697678,1,0.7415623965696726,-1.3936530334077004,0.30048132570877073,4.091931619537065
C10046,27,Low,Very High,Advanced,2022-09-08,Germany,1105,45749,2025-09-16 18:10:22.257666,98,1886498.3,19249.98,14473.73,9296,94.86,46992.0,2,1.0,0.0886877828054298,19249.982653061223,2,0.7518828590990744,-0.19909329048681434,-1.1221200429739975,3.8910163318236783
C10047,60,Low,Medium,Beginner,2021-03-09,UK,1653,35398,2025-09-16 18:10:22.258664,94,2197725.45,23380.06,17805.59,9774,103.98,42126.0,3,0.67,0.0568663036902601,23380.05797872341,0,0.7615716127332436,-0.597279871460443,1.343513779434176,5.807818400456039
C10048,39,Medium,Medium,Advanced,2023-03-11,Australia,921,37217,2025-09-16 18:10:22.258664,94,1966195.15,20916.97,13947.57,9711,103.31,51173.0,4,0.5,0.1020629750271444,20916.969680851063,2,0.6668064255960591,-0.597279871460443,-0.12693667470602124,4.3634216030489625
C10049,62,High,High,Intermediate,2020-08-01,Australia,1873,43186,2025-09-16 18:10:22.259660,99,2160738.25,21825.64,17522.04,9220,93.13,55553.0,5,0.4,0.0528563801388147,21825.63888888889,1,0.8028190696813473,-0.09954664524340717,0.41553404872006977,5.448846151740466
C10050,22,Medium,Very High,Advanced,2021-10-29,Australia,1419,13063,2025-09-16 18:10:22.260649,112,2256221.64,20144.84,16109.64,10425,93.08,58280.0,13,0.46,0.0789288231148696,20144.836071428574,2,0.7996906403823509,1.194559742920886,-0.5878938095063216,5.714200287939844
C10051,18,Low,Low,Intermediate,2023-06-23,Japan,817,26144,2025-09-16 18:10:22.261294,99,2029782.2,20502.85,14257.4,9768,98.67,37520.0,6,0.5,0.1211750305997552,20502.850505050505,2,0.6953862511797141,-0.09954664524340717,-0.3741639145017828,4.620964808234858
C10052,52,High,Very High,Intermediate,2020-07-24,UK,1881,32037,2025-09-16 18:10:22.262381,93,2007814.25,21589.4,18036.73,8809,94.72,55139.0,7,0.43,0.0494417862838915,21589.40053763441,1,0.8354437825970151,-0.6968265167038502,0.2745001379469851,4.797629153387417
C10053,53,Medium,Low,Advanced,2023-10-04,UK,714,17290,2025-09-16 18:10:22.262381,96,1708022.0,17791.9,15965.1,7951,82.82,22481.0,3,0.33,0.134453781512605,17791.895833333332,1,0.8973240631972976,-0.3981865809736287,-1.9925853520665342,3.038231468664645
C10054,64,Low,Low,Beginner,2023-01-02,Canada,989,38224,2025-09-16 18:10:22.263379,102,2119223.82,20776.7,17317.66,9975,97.79,48107.0,3,0.67,0.1031344792719919,20776.704117647056,1,0.8335135031068456,0.19909329048681434,-0.21067705171305148,5.174885306618955
C10055,45,Low,Medium,Advanced,2023-06-16,UK,824,6328,2025-09-16 18:10:22.263379,103,2200258.0,21361.73,15715.32,10686,103.75,17647.2,7,0.29,0.125,21361.72815533981,0,0.7356763707808309,0.2986399357302215,0.13858246750290812,5.498763073128341
C10056,60,High,Low,Beginner,2025-11-22,USA,-66,37820,2025-09-16 18:10:22.264368,91,2177292.16,23926.29,15606.62,9936,109.19,37820.0,1,1.0,91.0,23926.287472527478,3,0.6522791456594399,-0.8959198071906646,1.6696099235316306,5.732299074639004
C10057,69,Low,Low,Advanced,2021-06-06,Canada,1564,43691,2025-09-16 18:10:22.264368,98,1940913.0,19805.23,17340.75,8680,88.57,72039.0,8,0.5,0.0626598465473145,19805.23469387755,1,0.8755641817843065,-0.19909329048681434,-0.7906390111556943,4.311044748233212
C10058,36,Low,High,Intermediate,2022-12-19,UK,1003,43535,2025-09-16 18:10:22.265365,95,2170108.73,22843.25,18187.68,10127,106.6,67411.0,6,0.83,0.0947158524426719,22843.249789473684,2,0.7961949372352883,-0.49773322621703586,1.023041320739203,5.635896582598376
C10059,58,Medium,High,Advanced,2021-04-27,USA,1604,22423,2025-09-16 18:10:22.266363,98,1759532.36,17954.41,12041.91,9304,94.94,59463.0,8,0.62,0.0610972568578553,17954.411836734696,1,0.6706937181450129,-0.19909329048681434,-1.8955678239606506,3.10234875117672
C10060,35,High,Very High,Beginner,2025-07-21,UK,58,27740,2025-09-16 18:10:22.266363,104,2089510.47,20091.45,17274.2,9710,93.37,27740.0,1,1.0,1.793103448275862,20091.44682692308,2,0.8597786620676955,0.3981865809736287,-0.6197673300624298,5.0053357198087935
C10061,24,Medium,Very High,Advanced,2024-02-05,Australia,590,43776,2025-09-16 18:10:22.266363,72,1485111.15,20626.54,16508.28,6580,91.39,43776.0,1,1.0,0.1220338983050847,20626.54375,2,0.8003416956988423,-2.787306066815401,-0.3003217013984839,2.305669560029921
C10062,28,Medium,Low,Beginner,2025-06-22,Canada,87,9620,2025-09-16 18:10:22.266363,124,2592583.83,20907.93,14780.52,12769,102.98,9620.0,1,1.0,1.4252873563218391,20907.934112903225,0,0.7069336849702481,2.389119485841772,-0.1323335023109519,7.151350676083719
C10063,35,Low,Low,Advanced,2023-06-23,Australia,817,31824,2025-09-16 18:10:22.267906,100,2146406.49,21464.06,17188.23,9534,95.34,72313.0,8,0.88,0.1223990208078335,21464.0649,2,0.8007911830287466,0.0,0.19967288440694692,5.339638584862803
C10064,26,High,Low,Intermediate,2021-12-14,Japan,1373,16803,2025-09-16 18:10:22.268943,105,2262285.11,21545.57,17399.32,10700,101.9,54485.0,11,0.55,0.0764748725418791,21545.572476190475,2,0.8075590481013034,0.49773322621703586,0.24833388198193002,5.850102145622358
C10065,49,Medium,Very High,Beginner,2021-08-26,Germany,1483,5163,2025-09-16 18:10:22.268943,114,2491723.75,21857.23,15961.06,11708,102.7,16778.0,4,0.75,0.0768712070128118,21857.22587719298,0,0.7302416637423864,1.3936530334077004,0.4343930956271211,6.7772140476097205
C10066,57,Low,Low,Advanced,2023-10-18,Germany,700,36829,2025-09-16 18:10:22.269942,101,2339584.51,23164.2,17839.76,10540,104.36,51632.0,5,0.8,0.1442857142857143,23164.20306930693,0,0.7701435836333652,0.09954664524340717,1.2146466105403462,6.33984732247103
C10067,66,Medium,Very High,Advanced,2023-05-07,Canada,864,27325,2025-09-16 18:10:22.269942,100,2035332.86,20353.33,13729.51,10351,103.51,40209.0,5,0.2,0.1157407407407407,20353.3286,1,0.6745584137829043,0.0,-0.4634264878965989,4.611234914928891
C10068,49,Low,Very High,Beginner,2022-08-12,Japan,1132,17919,2025-09-16 18:10:22.270938,98,1889172.88,19277.27,15465.56,9402,95.94,68887.0,10,0.7,0.0865724381625441,19277.274285714284,1,0.8022692009812592,-0.19909329048681434,-1.105828071144512,3.9525477529530004
C10069,43,Medium,Low,Advanced,2025-06-30,Germany,79,5000,2025-09-16 18:10:22.270938,118,2448752.35,20752.14,13858.04,12099,102.53,5000.0,1,1.0,1.4936708860759491,20752.138559322037,0,0.6677884786821986,1.791839614381329,-0.22533922936538459,6.4782245645100005
C10070,58,Low,High,Beginner,2021-06-22,Australia,1548,41271,2025-09-16 18:10:22.271947,99,2003449.46,20236.86,14676.29,9668,97.66,56757.0,8,0.5,0.063953488372093,20236.86323232323,1,0.725225652596302,-0.09954664524340717,-0.532958402846402,4.501963751986666
C10071,31,Low,Low,Advanced,2024-08-16,USA,397,27988,2025-09-16 18:10:22.271947,111,2474791.36,22295.42,16799.95,11319,101.97,47416.0,4,0.75,0.2795969773299748,22295.417657657657,2,0.753515744489227,1.095013097677479,0.6959899859152109,6.7645079079667125
C10072,42,Low,Very High,Beginner,2024-07-24,Canada,420,33005,2025-09-16 18:10:22.272938,107,2296183.11,21459.66,17073.67,10437,97.54,33005.0,1,1.0,0.2547619047619047,21459.65523364486,2,0.7956169855440393,0.6968265167038502,0.1970461099089712,5.9754783144701
C10073,63,Medium,High,Beginner,2020-12-27,UK,1725,11719,2025-09-16 18:10:22.272938,101,2460686.91,24363.24,16932.01,10307,102.05,49515.0,13,0.31,0.0585507246376811,24363.236732673267,0,0.6949818661228965,0.09954664524340717,1.9304665410066562,6.931053189971027
C10074,18,High,Medium,Beginner,2024-12-13,Australia,278,28239,2025-09-16 18:10:22.273934,109,2195303.15,20140.4,14200.5,11149,102.28,28435.0,2,0.5,0.3920863309352518,20140.39587155963,2,0.7050753708963079,0.8959198071906646,-0.5905444637724592,5.348854363435544
C10075,65,Low,High,Intermediate,2025-02-25,Germany,204,9353,2025-09-16 18:10:22.274939,97,2269124.31,23393.03,18629.8,9742,100.43,9353.0,1,1.0,0.4754901960784313,23393.034123711343,0,0.7963825122269326,-0.2986399357302215,1.3512567942611595,6.122675530241881
C10076,50,High,Very High,Intermediate,2022-02-04,Canada,1321,36550,2025-09-16 18:10:22.274939,87,1580741.43,18169.44,14841.9,7745,89.02,57544.0,9,0.22,0.0658591975775927,18169.44172413793,1,0.8168606187092172,-1.2941063881642934,-1.7671961602562123,2.3452065675970633
C10077,65,Medium,High,Advanced,2023-08-21,USA,758,24523,2025-09-16 18:10:22.275930,122,2478264.12,20313.64,15334.74,11973,98.14,41283.0,5,0.8,0.1609498680738786,20313.64032786885,0,0.7548986789172202,2.190026195354958,-0.4871211878567416,6.684486299693271
C10078,67,Low,Very High,Intermediate,2020-08-17,Japan,1857,9462,2025-09-16 18:10:22.275930,103,2143945.37,20815.0,14068.72,10357,100.55,69490.0,16,0.56,0.0554658050619278,20815.00359223301,0,0.6758933461446073,0.2986399357302215,-0.18781217369658904,5.1423944239446175
C10079,66,Low,High,Intermediate,2025-05-04,Japan,136,30454,2025-09-16 18:10:22.276931,104,2339427.13,22494.49,16582.3,11425,109.86,40991.0,4,0.25,0.7647058823529411,22494.491634615384,0,0.7371716362540337,0.3981865809736287,0.8148336221224523,6.216056961976788
C10080,34,Low,Low,Beginner,2024-03-08,Australia,558,14346,2025-09-16 18:10:22.277902,101,2387045.93,23634.12,19879.62,10190,100.89,14346.0,1,1.0,0.1810035842293906,23634.118118811883,0,0.8411406898162487,0.09954664524340717,1.4951861269240587,6.664248867163049
C10081,30,Low,Very High,Beginner,2025-02-24,Australia,205,40874,2025-09-16 18:10:22.277902,90,1697129.07,18856.99,14387.55,8663,96.26,40874.0,1,1.0,0.4390243902439024,18856.98966666667,1,0.7629823211445728,-0.9954664524340717,-1.3567327952374362,2.9498548161975915
C10082,36,High,Medium,Beginner,2022-06-18,Canada,1187,49620,2025-09-16 18:10:22.278977,89,1981753.82,22266.9,18074.96,9370,105.28,80795.0,10,0.6,0.0749789385004212,22266.896853932583,2,0.8117411943288019,-1.095013097677479,0.6789637112147031,4.781548637480105
C10083,57,High,High,Beginner,2024-02-12,Japan,583,22522,2025-09-16 18:10:22.279974,87,1609377.55,18498.59,15709.92,7497,86.17,39584.0,4,0.5,0.1492281303602058,18498.592528735637,1,0.8492495914553487,-1.2941063881642934,-1.5706955179815703,2.5564282153860756
C10084,62,Medium,Low,Intermediate,2022-12-18,Germany,1004,43425,2025-09-16 18:10:22.279974,110,2179995.59,19818.14,17082.53,10179,92.54,100273.0,13,0.54,0.1095617529880478,19818.141727272727,1,0.8619643417596202,0.9954664524340717,-0.7829318159809546,5.407958748041986
C10085,27,Medium,Low,Beginner,2021-05-30,Australia,1571,26284,2025-09-16 18:10:22.280971,107,2557853.71,23905.17,18211.18,10517,98.29,45160.0,6,0.17,0.0681094844048376,23905.174859813083,2,0.7618092655270806,0.6968265167038502,1.6570014059413498,7.291541697113927
C10086,38,Low,High,Intermediate,2023-04-10,Canada,891,23943,2025-09-16 18:10:22.280971,95,1970884.64,20746.15,17554.87,8680,91.37,25587.0,2,0.5,0.1066217732884399,20746.15410526316,2,0.8461748324387898,-0.49773322621703586,-0.2289152246478537,4.5267003937164745
C10087,27,Low,Low,Beginner,2025-05-31,USA,109,11005,2025-09-16 18:10:22.281968,123,2411335.83,19604.36,16230.47,11970,97.32,11005.0,1,1.0,1.128440366972477,19604.35634146341,0,0.8279010383404507,2.289572840598365,-0.9105572369302863,6.452965201963552
C10088,54,Low,Very High,Intermediate,2025-04-27,UK,143,43763,2025-09-16 18:10:22.281968,114,2293805.77,20121.1,16487.03,11304,99.16,43763.0,1,1.0,0.7972027972027972,20121.103245614035,1,0.819390092986964,1.3936530334077004,-0.6020664519113051,5.903025782857218
C10089,58,Low,Medium,Beginner,2023-01-30,UK,961,19166,2025-09-16 18:10:22.282966,89,1627858.6,18290.55,13184.94,8333,93.63,46304.0,7,0.71,0.0926118626430801,18290.546067415733,1,0.720860772366058,-1.095013097677479,-1.6948941921994543,2.507063224904307
C10090,57,Medium,Medium,Advanced,2022-06-22,UK,1183,6889,2025-09-16 18:10:22.282966,107,2309422.7,21583.39,18866.09,9608,89.79,38622.0,9,0.56,0.0904480135249366,21583.38971962617,0,0.8741022610442567,0.6968265167038502,0.2709122027804318,6.11606969546157
C10091,68,Low,Medium,Beginner,2024-05-16,Japan,489,34248,2025-09-16 18:10:22.283963,98,2356619.67,24047.14,17695.86,10838,110.59,45998.0,3,0.67,0.2004089979550102,24047.13948979592,0,0.735882104898961,-0.19909329048681434,1.7417566730953253,6.519065023810595
C10092,39,Low,High,Intermediate,2024-06-20,Australia,454,47776,2025-09-16 18:10:22.283963,94,1935684.47,20592.39,15013.78,9478,100.83,53137.0,4,0.5,0.2070484581497797,20592.387978723404,1,0.7290936117662885,-0.597279871460443,-0.3207090534679941,4.242085739748379
C10093,53,High,High,Advanced,2025-08-27,Australia,21,46225,2025-09-16 18:10:22.284960,95,2013337.57,21193.03,16065.84,8726,91.85,46225.0,1,1.0,4.523809523809524,21193.02705263158,1,0.758071875517564,-0.49773322621703586,0.037869545273735664,4.691589774863974
C10094,60,High,High,Intermediate,2021-12-08,Japan,1379,43131,2025-09-16 18:10:22.284960,99,2374932.66,23989.22,18989.27,10502,106.08,49066.0,3,0.67,0.0717911530094271,23989.218787878788,0,0.7915751324970132,-0.09954664524340717,1.707178768794712,6.63041292211529
C10095,41,Medium,Low,Beginner,2023-05-19,Australia,852,13859,2025-09-16 18:10:22.285959,93,1960717.28,21082.98,16055.31,9133,98.2,67779.0,11,0.73,0.1091549295774647,21082.981505376345,0,0.7615294422325497,-0.6968265167038502,-0.027829666885839356,4.4504272573454
C10096,48,Low,Medium,Intermediate,2023-10-14,Australia,704,24062,2025-09-16 18:10:22.286954,93,2087825.16,22449.73,16352.4,9594,103.16,27611.0,2,0.5,0.1321022727272727,22449.73290322581,0,0.728400742458818,-0.6968265167038502,0.7881121615475978,5.172815116363681
C10097,22,High,Very High,Advanced,2023-10-22,Japan,696,37841,2025-09-16 18:10:22.286954,93,1793445.7,19284.36,13713.72,9142,98.3,37841.0,1,1.0,0.1336206896551724,19284.3623655914,2,0.7111317150270996,-0.6968265167038502,-1.101595382237548,3.4130378821238923
C10098,24,Low,Medium,Advanced,2020-02-16,UK,2040,29051,2025-09-16 18:10:22.286954,104,2035846.42,19575.45,16250.62,9897,95.16,92426.0,17,0.41,0.0509803921568627,19575.446346153847,2,0.8301530743865403,0.3981865809736287,-0.9278163393703892,4.693726192281481
C10099,27,Medium,Low,Advanced,2020-10-07,Canada,1806,35420,2025-09-16 18:10:22.287952,105,2394288.25,22802.75,18115.66,10866,103.49,69369.0,11,0.36,0.0581395348837209,22802.74523809524,2,0.7944506693271645,0.49773322621703586,0.9988630554737528,6.53060150056258
C10100,68,High,Very High,Intermediate,2024-06-30,Australia,444,24370,2025-09-16 18:10:22.288961,113,2214614.65,19598.36,13779.74,10532,93.2,24370.0,1,1.0,0.2545045045045045,19598.359734513277,1,0.7031067905681904,1.2941063881642934,-0.9141392021547975,5.415871843113025
C10101,68,Medium,High,Beginner,2022-05-29,UK,1207,5985,2025-09-16 18:10:22.288961,99,1857035.9,18757.94,15187.44,8728,88.16,5985.0,1,1.0,0.0820215410107705,18757.938383838384,1,0.8096539385454907,-0.09954664524340717,-1.4158650711520764,3.765119838688393
C10102,42,Low,High,Advanced,2022-01-25,Canada,1331,7734,2025-09-16 18:10:22.289952,86,1875403.8,21807.02,14726.03,9306,108.21,14503.0,3,0.33,0.0646130728775356,21807.02093023256,0,0.6752885080125575,-1.3936530334077004,0.4044180166400041,4.12668723384089
C10103,61,High,Very High,Advanced,2024-06-26,Germany,448,39025,2025-09-16 18:10:22.289952,112,2383737.38,21283.37,17111.71,11113,99.22,58016.0,5,0.4,0.25,21283.36946428571,1,0.8039943862273691,1.194559742920886,0.09180200167079207,6.345401985352184
C10104,25,Medium,High,Beginner,2025-11-08,USA,-52,26481,2025-09-16 18:10:22.290950,93,2038997.72,21924.71,15839.24,9472,101.85,26481.0,1,1.0,93.0,21924.706666666665,3,0.7224378338413598,-0.6968265167038502,0.47467826451878964,4.878072519234368
C10105,59,Low,Very High,Intermediate,2023-12-16,Japan,641,25318,2025-09-16 18:10:22.290950,112,2795773.34,24962.26,17902.71,12136,108.36,31233.0,3,0.33,0.1747269890795632,24962.261964285717,0,0.7171910716417504,1.194559742920886,2.288078009137766,8.29204468522254
C10106,26,Low,Very High,Advanced,2020-11-29,UK,1753,34514,2025-09-16 18:10:22.291947,79,1743157.11,22065.28,14243.49,8551,108.24,90796.0,14,0.64,0.0450656018254421,22065.279873417723,2,0.6455159417872784,-2.0904795501115507,0.558597739787045,3.5984528690422484
C10107,26,High,Medium,Advanced,2020-05-01,Canada,1965,37827,2025-09-16 18:10:22.291947,110,2196172.41,19965.2,14901.25,10464,95.13,74211.0,11,0.45,0.0559796437659033,19965.20372727273,2,0.7463611684330735,0.9954664524340717,-0.6951378483281854,5.382296132262823
C10108,20,Medium,Low,Beginner,2024-10-24,Germany,328,24161,2025-09-16 18:10:22.292944,119,2457694.86,20652.9,15166.08,11892,99.93,25927.0,2,1.0,0.3628048780487805,20652.89798319328,2,0.7343317403367081,1.8913862596247364,-0.2845849341787979,6.576821472975868
C10109,29,Low,Low,Advanced,2020-11-14,UK,1768,8899,2025-09-16 18:10:22.294464,81,1751260.57,21620.5,16237.34,8227,101.57,66799.0,19,0.47,0.045814479638009,21620.500864197533,2,0.7510159339515737,-1.8913862596247364,0.29306665769403367,3.634499862119665
C10110,31,Low,Medium,Advanced,2023-06-28,Germany,812,13847,2025-09-16 18:10:22.294464,95,2292384.87,24130.37,18110.58,10468,110.19,29955.0,5,0.6,0.1169950738916256,24130.36705263158,0,0.7505305554784283,-0.49773322621703586,1.7914445007013358,6.302847242916072
C10111,39,Medium,Medium,Intermediate,2020-07-11,USA,1894,30624,2025-09-16 18:10:22.295506,96,1638044.11,17062.96,12699.03,8736,91.0,56111.0,7,0.57,0.0506863780359028,17062.959479166668,1,0.7442454298667993,-0.3981865809736287,-2.427758307192396,2.495386963390872
C10112,56,Medium,Medium,Beginner,2025-10-20,Australia,-33,20724,2025-09-16 18:10:22.295506,104,2221719.77,21362.69,15408.59,10406,100.06,20724.0,1,1.0,104.0,21362.690096153845,3,0.7212851003314658,0.3981865809736287,0.13915558193882938,5.5778741885713545
C10113,24,Low,Very High,Beginner,2021-09-16,Japan,1462,43653,2025-09-16 18:10:22.296502,99,2143777.44,21654.32,16398.62,10117,102.19,59266.0,3,1.0,0.0677154582763338,21654.317575757574,2,0.7572909239357319,-0.09954664524340717,0.31325700167619475,5.312450027477968
C10114,60,Low,Very High,Advanced,2024-12-27,Germany,264,13381,2025-09-16 18:10:22.296502,118,2663529.59,22572.28,15970.13,12942,109.68,36051.0,6,0.33,0.4469696969696969,22572.284661016947,0,0.7075107166843579,1.791839614381329,0.8612738012582377,7.51761812275608
C10115,34,Low,High,Beginner,2025-09-02,Japan,15,38745,2025-09-16 18:10:22.297500,85,1743812.84,20515.45,16264.66,8742,102.85,38745.0,1,1.0,5.666666666666667,20515.44517647059,1,0.7928005478797686,-1.4931996786511077,-0.36664178753030807,3.4317241088836057
C10116,50,Low,Medium,Beginner,2024-07-26,Germany,418,48800,2025-09-16 18:10:22.298497,102,1855702.79,18193.16,12759.9,9643,94.54,48800.0,1,1.0,0.2440191387559808,18193.164607843137,1,0.7013569935074501,0.19909329048681434,-1.7530354577353107,3.629626035276371
C10117,57,High,Low,Beginner,2025-11-03,Canada,-47,25292,2025-09-16 18:10:22.298497,113,2452485.22,21703.41,16936.94,11729,103.8,25292.0,1,1.0,113.0,21703.409026548678,3,0.7803815160843388,1.2941063881642934,0.3425634471547369,6.646879633476816
C10118,53,Medium,High,Beginner,2023-10-20,UK,698,41019,2025-09-16 18:10:22.299494,99,1812194.03,18304.99,15926.16,8560,86.46,41019.0,1,1.0,0.1418338108882521,18304.990202020203,1,0.8700447255092736,-0.09954664524340717,-1.6862735958924626,3.5713133497654734
C10119,36,Low,High,Intermediate,2022-02-11,UK,1314,41025,2025-09-16 18:10:22.299494,119,2492553.99,20945.83,15314.54,12223,102.71,94797.0,12,0.67,0.0905631659056316,20945.831848739497,2,0.7311498279132409,1.8913862596247364,-0.10970742197612222,6.7352639060246355
C10120,20,Low,Medium,Intermediate,2024-09-07,Australia,375,46088,2025-09-16 18:10:22.300492,97,2300270.32,23714.13,17925.6,10415,107.37,48870.0,3,0.67,0.2586666666666666,23714.12701030928,2,0.7559037586451621,-0.2986399357302215,1.5429516331929163,6.262219260598233
C10121,55,High,Medium,Beginner,2022-10-16,Germany,1067,40548,2025-09-16 18:10:22.300492,81,1768255.43,21830.31,16916.16,7469,92.21,61004.0,8,0.5,0.0759137769447047,21830.313950617285,1,0.7748932562112035,-1.8913862596247364,0.41832201165314875,3.772121001493986
C10122,34,Medium,High,Beginner,2020-12-23,USA,1729,36626,2025-09-16 18:10:22.301489,90,1964662.82,21829.59,15936.83,8828,98.09,96236.0,18,0.33,0.0520532099479467,21829.58688888889,2,0.7300563134717601,-0.9954664524340717,0.4178921758262067,4.557112205164048
C10123,51,Medium,Medium,Advanced,2023-09-27,Australia,721,12356,2025-09-16 18:10:22.301489,108,2041106.49,18899.13,15202.99,10503,97.25,19705.0,5,0.8,0.1497919556171983,18899.134166666667,0,0.8044280345179909,0.7963731619472574,-1.3315754594772866,4.664844470373868
C10124,42,Low,High,Intermediate,2025-09-09,Japan,8,28818,2025-09-16 18:10:22.302486,112,2510639.66,22416.43,14639.3,11782,105.2,28818.0,1,1.0,14.0,22416.425535714287,0,0.6530611698651391,1.194559742920886,0.7682322545515613,6.830335956478899
C10125,25,Medium,Low,Intermediate,2022-11-21,UK,1031,22807,2025-09-16 18:10:22.302486,94,1965917.84,20914.02,15841.62,9708,103.28,42686.0,7,0.71,0.0911736178467507,20914.01957446809,2,0.7574641317164276,-0.597279871460443,-0.12869780760807298,4.445456258383873
C10126,20,Medium,High,Intermediate,2025-07-06,USA,73,11424,2025-09-16 18:10:22.303483,115,2135725.54,18571.53,15121.73,10670,92.78,11424.0,1,1.0,1.5753424657534247,18571.52643478261,2,0.8142425529829799,1.4931996786511077,-1.527150760735597,5.136461089744238
C10127,48,Medium,Medium,Intermediate,2020-06-10,USA,1925,20158,2025-09-16 18:10:22.303483,86,1779228.32,20688.7,16614.59,8252,95.95,30994.0,3,0.67,0.0446753246753246,20688.70139534884,1,0.8030755919898301,-1.3936530334077004,-0.26321254167254843,3.6285142250440767
C10128,34,High,High,Intermediate,2020-11-01,Australia,1781,47539,2025-09-16 18:10:22.304481,98,1867613.23,19057.28,12643.22,9556,97.51,47539.0,1,1.0,0.0550252667040988,19057.277857142857,2,0.663432557007086,-0.19909329048681434,-1.2371608261012146,3.7032327037788937
C10129,45,High,Low,Intermediate,2021-06-18,Germany,1552,19774,2025-09-16 18:10:22.304481,97,2183500.9,22510.32,15577.75,10412,107.34,97876.0,15,0.73,0.0625,22510.31855670103,0,0.6920270347111902,-0.2986399357302215,0.8242840403731196,5.540079463920886
C10130,64,Medium,Low,Intermediate,2022-03-14,Canada,1283,27765,2025-09-16 18:10:22.305479,80,1351359.63,16892.0,14063.09,6501,81.26,27765.0,1,1.0,0.0623538581449727,16891.995375,1,0.8325295998105612,-1.9909329048681434,-2.5298204363228,1.0128701342430466
C10131,57,High,Low,Advanced,2023-09-08,Japan,740,12106,2025-09-16 18:10:22.305479,89,1776520.08,19960.9,16141.6,8476,95.24,12106.0,1,1.0,0.1202702702702702,19960.8997752809,1,0.8086609321222991,-1.095013097677479,-0.6977049234057513,3.508302424468598
C10132,38,Medium,Very High,Advanced,2021-09-10,USA,1468,15267,2025-09-16 18:10:22.306476,92,2078195.36,22589.08,15868.7,9878,107.37,59144.0,13,0.62,0.0626702997275204,22589.08,0,0.7024943025568107,-0.7963731619472574,0.8713033038868707,5.13381536883268
C10133,59,Low,Very High,Beginner,2020-01-23,Japan,2064,6426,2025-09-16 18:10:22.306476,110,2297439.33,20885.81,13765.23,11143,101.3,81560.0,19,0.42,0.0532945736434108,20885.81209090909,0,0.6590709194424348,0.9954664524340717,-0.14553901410531575,5.808919162542709
C10134,59,Medium,Low,Advanced,2022-06-03,UK,1202,19637,2025-09-16 18:10:22.307473,105,2201944.14,20970.9,18257.97,10456,99.58,38360.0,8,0.12,0.0873544093178036,20970.896571428573,0,0.8706335922635652,0.49773322621703586,-0.09474077727970662,5.591715212309391
C10135,40,Medium,Very High,Intermediate,2022-01-10,USA,1346,5806,2025-09-16 18:10:22.308471,92,1764146.41,19175.5,15892.42,8360,90.87,28365.0,6,0.5,0.0683506686478454,19175.50445652174,0,0.8287877760684207,-0.7963731619472574,-1.1665841712942624,3.369777123150003
C10136,42,Low,Low,Intermediate,2021-04-19,USA,1612,35909,2025-09-16 18:10:22.308471,93,1670202.5,17959.17,13760.91,8185,88.01,58555.0,7,0.43,0.0576923076923076,17959.166666666668,1,0.7662330720183618,-0.6968265167038502,-1.8927261315492059,2.7338225273645707
C10137,65,Medium,High,Advanced,2020-11-07,USA,1775,11352,2025-09-16 18:10:22.309468,115,2362047.83,20539.55,15480.1,10986,95.53,90607.0,17,0.53,0.0647887323943662,20539.546347826086,0,0.7536727922471524,1.4931996786511077,-0.3522542272118558,6.164773086784007
C10138,21,High,Low,Intermediate,2020-01-23,Germany,2064,36753,2025-09-16 18:10:22.310466,98,2075249.79,21176.02,15619.32,9903,101.05,128145.0,21,0.76,0.0474806201550387,21176.018265306124,2,0.737594694375997,-0.19909329048681434,0.027714673862247494,4.938910155476211
C10139,40,High,Very High,Beginner,2025-08-16,UK,32,43577,2025-09-16 18:10:22.311219,82,1712710.12,20886.71,16983.61,7569,92.3,43577.0,1,1.0,2.5625,20886.708780487807,1,0.813129975951215,-1.791839614381329,-0.14500171932164038,3.3794280551701474
C10140,68,High,Medium,Beginner,2024-06-30,USA,444,26413,2025-09-16 18:10:22.312297,118,2385835.37,20218.94,16726.4,11058,93.71,26413.0,1,1.0,0.2657657657657657,20218.943813559323,0,0.827263941630966,1.791839614381329,-0.5436565389836098,6.3316437046124125
C10141,22,High,High,Intermediate,2020-04-02,Germany,1994,10887,2025-09-16 18:10:22.312297,95,1944044.76,20463.63,17379.5,8914,93.83,25132.48,7,0.43,0.047642928786359,20463.62905263158,2,0.8492872476681801,-0.49773322621703586,-0.3975780271860026,4.37392882478229
C10142,44,Medium,Medium,Beginner,2020-05-26,Canada,1940,33998,2025-09-16 18:10:22.313296,107,1990162.19,18599.65,14711.95,10374,96.95,73289.0,12,0.5,0.0551546391752577,18599.64663551402,1,0.7909799377945284,0.6968265167038502,-1.5103632837167198,4.395584572214625
C10143,45,High,Low,Intermediate,2020-04-27,UK,1969,9840,2025-09-16 18:10:22.314290,80,1778229.78,22227.87,16460.64,8060,100.75,21736.0,4,1.0,0.0406297613001523,22227.87225,0,0.7405405916086427,-1.9909329048681434,0.6556630274292565,3.867578052154356
C10144,21,High,Medium,Beginner,2024-01-01,Australia,625,25245,2025-09-16 18:10:22.315293,113,2330083.55,20620.21,14499.35,11477,101.57,29347.0,2,0.5,0.1808,20620.208407079645,2,0.7031620919476572,1.2941063881642934,-0.30410067471034424,5.978872588334254
C10145,33,Medium,Low,Beginner,2021-11-28,Australia,1389,36712,2025-09-16 18:10:22.316291,99,2087928.48,21090.19,15612.16,9767,98.66,93820.0,14,0.64,0.0712742980561555,21090.186666666665,2,0.7402569630714565,-0.09954664524340717,-0.023525338674385637,4.985944772311923
C10146,23,High,High,Beginner,2025-11-07,Japan,-51,19358,2025-09-16 18:10:22.316291,86,1898112.16,22071.07,15265.92,9309,108.24,19358.0,1,1.0,86.0,22071.07162790697,3,0.6916710426816642,-1.3936530334077004,0.5620543362286988,4.2872735895798915
C10147,23,Medium,Very High,Beginner,2020-02-10,Germany,2046,21868,2025-09-16 18:10:22.317282,109,2296687.65,21070.53,15487.19,10628,97.5,24307.0,2,0.5,0.0532746823069403,21070.52889908257,2,0.7350166322346899,0.8959198071906646,-0.03526224472670044,5.888904500006135
C10148,35,High,Medium,Beginner,2021-05-20,Japan,1581,28393,2025-09-16 18:10:22.317282,113,2286103.76,20231.01,15155.86,11703,103.57,48376.0,6,0.5,0.0714737507906388,20231.00672566372,2,0.7491400577628108,1.2941063881642934,-0.5364508189403017,5.80688646033439
C10149,25,High,Very High,Advanced,2020-09-14,UK,1829,40857,2025-09-16 18:10:22.318283,110,2272171.94,20656.11,16319.97,10598,96.35,51812.0,4,0.75,0.0601421541826134,20656.108545454543,2,0.7900795454710494,0.9954664524340717,-0.28266858278368495,5.80327069486371
C10150,22,Medium,Low,Advanced,2024-07-02,Japan,442,25773,2025-09-16 18:10:22.318283,107,2251969.97,21046.45,16762.58,10592,98.99,25773.0,1,1.0,0.2420814479638009,21046.44831775701,2,0.7964564095132434,0.6968265167038502,-0.04963786516107075,5.748610480476162
C10151,66,Medium,Very High,Beginner,2024-06-04,Canada,470,30117,2025-09-16 18:10:22.319276,107,2219486.09,20742.86,15872.78,10453,97.69,30117.0,1,1.0,0.2276595744680851,20742.860654205608,1,0.7652165612649364,0.6968265167038502,-0.2308793355792945,5.552530574233786
C10152,50,Low,Low,Advanced,2023-08-15,Germany,764,18073,2025-09-16 18:10:22.319276,96,2116391.73,22045.75,16067.3,9408,98.0,33851.0,5,0.8,0.1256544502617801,22045.7471875,0,0.7288162117414921,-0.3981865809736287,0.5469384429812619,5.226228921035158
C10153,32,Medium,Medium,Advanced,2024-10-05,UK,347,44805,2025-09-16 18:10:22.320276,95,2164767.12,22787.02,17999.22,8955,94.26,44805.0,1,1.0,0.2737752161383285,22787.02231578948,2,0.789889156195062,-0.49773322621703586,0.9894723366434929,5.599099746724246
C10154,38,Low,Very High,Intermediate,2022-01-10,Germany,1346,31640,2025-09-16 18:10:22.320276,105,2310750.21,22007.14,17058.93,10417,99.21,50816.0,7,0.43,0.0780089153046062,22007.144857142852,2,0.7751543362745,0.49773322621703586,0.5238884967615323,6.074483331098018
C10155,68,Medium,Very High,Advanced,2021-05-25,USA,1576,17872,2025-09-16 18:10:22.321274,117,2432002.09,20786.34,14833.37,11267,96.3,46170.0,7,0.71,0.074238578680203,20786.34264957265,0,0.7136114390508382,1.692292969137922,-0.20492202758567057,6.447489005621687
C10156,19,High,Medium,Advanced,2022-09-13,Germany,1100,14432,2025-09-16 18:10:22.321274,101,2032841.84,20127.15,13254.22,10572,104.67,43149.0,10,0.4,0.0918181818181818,20127.14693069307,2,0.6585244309303602,0.09954664524340717,-0.598454636976588,4.563695903671686
C10157,57,High,Low,Intermediate,2024-02-25,Germany,570,12215,2025-09-16 18:10:22.322269,97,2275470.67,23458.46,19226.05,9968,102.76,31423.0,6,0.33,0.1701754385964912,23458.46051546392,0,0.8195785230573533,-0.2986399357302215,1.3903181250344538,6.180127233672404
C10158,31,Medium,High,Intermediate,2021-04-15,Japan,1616,30289,2025-09-16 18:10:22.323268,100,2042197.77,20421.98,14998.38,10100,101.0,42154.0,3,1.0,0.0618811881188118,20421.9777,2,0.7344234006692789,0.0,-0.4224428357861517,4.704299057241572
C10159,66,Medium,Very High,Intermediate,2022-05-28,Germany,1208,40115,2025-09-16 18:10:22.323268,110,2487216.74,22611.06,16132.44,11878,107.98,73576.0,8,0.62,0.0910596026490066,22611.061272727275,0,0.7134756176844429,0.9954664524340717,0.8844252364926629,6.809585777165804
C10160,61,High,High,Beginner,2020-03-26,Canada,2001,31023,2025-09-16 18:10:22.324263,101,2517195.05,24922.72,20284.66,10375,102.72,42354.0,5,0.4,0.0504747626186906,24922.72326732673,0,0.8139023348976355,0.09954664524340717,2.264472858308239,7.349018601263888
C10161,43,High,High,Intermediate,2022-08-01,USA,1143,15290,2025-09-16 18:10:22.324263,107,2506250.45,23422.9,15761.43,11197,104.64,38756.4,9,0.22,0.0936132983377077,23422.90140186916,0,0.6729068561109,0.6968265167038502,1.3690890111371858,6.943813191163617
C10162,45,Low,Very High,Beginner,2024-02-14,Germany,581,10353,2025-09-16 18:10:22.325260,103,2145813.61,20833.14,16192.26,10532,102.25,12108.0,2,0.5,0.1772805507745266,20833.141844660197,0,0.7772356927472287,0.2986399357302215,-0.17698269883448398,5.24590771336635
C10163,35,Medium,Medium,Intermediate,2021-11-11,Canada,1406,47271,2025-09-16 18:10:22.325260,112,2719930.22,24285.09,16490.91,12578,112.3,70237.0,6,0.83,0.0796586059743954,24285.09125,2,0.6790549262942818,1.194559742920886,1.8838114439573974,7.883790997105086
C10164,38,High,Medium,Advanced,2023-10-04,Japan,714,41410,2025-09-16 18:10:22.326257,87,1731149.04,19898.26,16294.33,8301,95.41,41410.0,1,1.0,0.1218487394957983,19898.26482758621,1,0.8188821535149305,-1.2941063881642934,-0.7351006403496495,3.299500226936842
C10165,64,High,High,Advanced,2024-06-21,USA,453,26261,2025-09-16 18:10:22.326257,97,1806941.56,18628.26,14701.22,8972,92.49,30733.0,2,0.5,0.2141280353200883,18628.26350515464,1,0.7891891137443863,-0.2986399357302215,-1.4932832795378443,3.4910670886980273
C10166,70,Low,High,Intermediate,2020-10-18,UK,1795,29866,2025-09-16 18:10:22.327964,97,1831493.24,18881.37,14549.24,9178,94.62,62111.0,7,0.71,0.0540389972144846,18881.373608247424,1,0.7705606108031356,-0.2986399357302215,-1.3421780765418407,3.613317925096507
C10167,70,Low,Low,Beginner,2022-03-02,Germany,1295,25990,2025-09-16 18:10:22.329014,93,2102624.71,22608.87,19145.95,9472,101.85,25990.0,1,1.0,0.0718146718146718,22608.867849462364,0,0.8468335657642333,-0.6968265167038502,0.883117819185715,5.36977830161953
C10168,21,High,High,Intermediate,2023-07-23,Japan,787,15902,2025-09-16 18:10:22.329014,110,2271240.14,20647.64,18011.43,10634,96.67,19439.0,2,1.0,0.1397712833545108,20647.63763636364,2,0.8723239072358875,0.9954664524340717,-0.28772512369228725,5.874500395298208
C10169,20,Medium,High,Intermediate,2025-03-12,Australia,189,17138,2025-09-16 18:10:22.330009,99,2040374.24,20609.84,16043.42,9781,98.8,18305.0,2,0.5,0.5238095238095238,20609.840808080808,2,0.7784349611641818,-0.09954664524340717,-0.31029150460670707,4.756545101089769
C10170,28,High,Very High,Beginner,2020-08-25,Japan,1849,47269,2025-09-16 18:10:22.330009,97,2078650.27,21429.38,15886.11,10017,103.27,62938.0,4,0.75,0.0524607896160086,21429.384226804123,2,0.7413238273809135,-0.2986399357302215,0.17896912540927226,4.990067922804648
C10171,19,High,Low,Intermediate,2025-05-16,Japan,124,13472,2025-09-16 18:10:22.331006,86,1978861.71,23010.02,16029.2,8977,104.38,13472.0,1,1.0,0.6935483870967742,23010.01988372093,2,0.6966182558728763,-1.3936530334077004,1.1226020441544908,4.809118012463868
C10172,45,High,Medium,Beginner,2021-07-19,UK,1521,13025,2025-09-16 18:10:22.331006,105,2028271.38,19316.87,14157.31,10232,97.45,13426.0,2,0.5,0.0690335305719921,19316.870285714285,0,0.732898756372021,0.49773322621703586,-1.0821871006627393,4.55338667782539
C10173,33,Medium,Medium,Advanced,2025-09-09,Canada,8,25544,2025-09-16 18:10:22.332004,106,2118936.11,19989.96,16131.69,9546,90.06,25544.0,1,1.0,13.25,19989.96330188679,2,0.8069896087836095,0.597279871460443,-0.6803562718350369,5.084434659880098
C10174,28,Medium,Very High,Beginner,2021-11-12,Australia,1405,47748,2025-09-16 18:10:22.332004,99,1890157.89,19092.5,14900.97,9664,97.62,48348.0,2,0.5,0.0704626334519573,19092.503939393937,2,0.780461961503208,-0.09954664524340717,-1.2161346902333334,3.9224943996741537
C10175,56,High,High,Beginner,2021-09-09,Japan,1469,24417,2025-09-16 18:10:22.333001,104,2364125.18,22731.97,16782.68,10758,103.44,35611.0,6,0.33,0.0707964601769911,22731.972884615385,0,0.7382853311877501,0.3981865809736287,0.9566078057086035,6.347915338982244
C10176,58,Low,Medium,Advanced,2023-04-12,Germany,889,18029,2025-09-16 18:10:22.333001,130,3054107.87,23493.14,17575.9,14418,110.91,18029.0,1,1.0,0.1462317210348706,23493.137461538463,0,0.7481290283035814,2.9863993573022154,1.4110218840321287,9.164765984274057
C10177,64,High,Medium,Intermediate,2023-11-06,UK,681,25752,2025-09-16 18:10:22.333998,94,2177354.57,23163.35,16287.04,10501,111.71,53036.0,8,0.62,0.1380323054331864,23163.346489361706,0,0.7031383629742676,-0.597279871460443,1.2141391654668723,5.634507407554947
C10178,47,High,Low,Advanced,2021-06-25,Germany,1545,44287,2025-09-16 18:10:22.334997,113,2323344.83,20560.57,16755.32,10713,94.81,84377.0,13,0.38,0.0731391585760517,20560.57371681416,2,0.8149248780554236,1.2941063881642934,-0.33970540904198476,6.049152007464277
C10179,18,Medium,Medium,Intermediate,2023-02-18,Canada,942,33174,2025-09-16 18:10:22.334997,90,1960227.73,21780.31,17125.57,9394,104.38,33174.0,1,1.0,0.0955414012738853,21780.30811111111,2,0.7862867883882276,-0.9954664524340717,0.3884723014488891,4.581853298042281
C10180,67,Low,Very High,Advanced,2024-02-04,Japan,591,15349,2025-09-16 18:10:22.335993,100,1802786.94,18027.87,11939.57,9722,97.22,32335.0,4,0.75,0.1692047377326565,18027.8694,1,0.6622840080386646,0.0,-1.8517126297285527,3.318783500475352
C10181,69,Low,High,Beginner,2024-11-17,Australia,304,24421,2025-09-16 18:10:22.335993,101,2229580.93,22075.06,16270.58,10740,106.34,28364.0,3,0.67,0.3322368421052631,22075.05871287129,0,0.7370571133215492,0.09954664524340717,0.5644363431029996,5.709294193779998
C10182,29,Medium,Very High,Advanced,2023-12-01,Canada,656,36321,2025-09-16 18:10:22.336990,99,2108234.96,21295.3,15333.27,10390,104.95,45909.0,7,0.43,0.1509146341463414,21295.302626262623,2,0.7200307110019583,-0.09954664524340717,0.09892414252552859,5.080277400278817
C10183,57,Medium,Medium,Beginner,2021-03-20,Germany,1642,40164,2025-09-16 18:10:22.336990,100,2121519.69,21215.2,15590.06,10363,103.63,44563.0,4,0.5,0.0609013398294762,21215.1969,1,0.7348533127191824,0.0,0.051104906778305516,5.141690422567302
C10184,69,High,High,Beginner,2022-11-10,Canada,1042,47483,2025-09-16 18:10:22.337988,86,1843223.91,21432.84,17139.5,8910,103.6,65479.0,7,0.57,0.0825335892514395,21432.836162790696,1,0.7996840362733076,-1.3936530334077004,0.18103472535540652,4.035340326664924
C10185,23,High,Medium,Beginner,2022-02-19,USA,1306,13446,2025-09-16 18:10:22.337988,97,2223177.64,22919.36,14999.32,10537,108.63,44787.0,7,0.71,0.0742725880551301,22919.357113402064,2,0.6544388674029292,-0.2986399357302215,1.0684785496121274,5.7307378823131385
C10186,40,Low,Medium,Intermediate,2023-08-01,Canada,778,39880,2025-09-16 18:10:22.338985,104,1962785.31,18872.94,13705.33,9612,92.42,62657.0,8,0.38,0.1336760925449871,18872.935673076925,1,0.7261894543192529,0.3981865809736287,-1.347210737682279,4.210766128690963
C10187,46,Low,Very High,Intermediate,2021-08-20,USA,1489,5516,2025-09-16 18:10:22.339983,89,1708373.68,19195.21,13320.92,9051,101.7,60533.2,14,0.57,0.0597716588314304,19195.20988764045,1,0.6939710479854089,-1.095013097677479,-1.1548174155317439,2.9806374182910247
C10188,50,High,Medium,Beginner,2024-08-18,Australia,395,22060,2025-09-16 18:10:22.339983,88,1680477.56,19096.34,14982.95,8565,97.33,41769.0,6,0.67,0.2227848101265822,19096.33590909091,1,0.7845979910286474,-1.194559742920886,-1.2138422324896463,2.9179375299911667
C10189,25,High,Very High,Advanced,2023-11-04,UK,683,13747,2025-09-16 18:10:22.340980,92,2044644.4,22224.4,16349.99,9415,102.34,31279.0,4,0.75,0.1346998535871156,22224.395652173916,2,0.7356774536095462,-0.7963731619472574,0.6535914575410824,4.9635304256708075
C10190,18,High,High,Intermediate,2022-02-22,Germany,1303,30987,2025-09-16 18:10:22.340980,101,1848864.44,18305.59,13693.72,9510,94.16,59046.0,7,0.43,0.0775134305448963,18305.588514851486,2,0.7480622039497224,0.09954664524340717,-1.6859153993700124,3.6428024932694867
C10191,50,High,High,Advanced,2022-04-11,USA,1255,48041,2025-09-16 18:10:22.341978,101,2573908.84,25484.25,20039.15,10503,103.99,64137.0,3,1.0,0.0804780876494024,25484.245940594057,0,0.7863346969206472,0.09954664524340717,2.599703013728197,7.632932678760685
C10192,44,Low,High,Beginner,2023-05-07,Germany,864,23953,2025-09-16 18:10:22.341978,111,2767017.65,24928.09,17928.65,12128,109.26,27612.0,2,0.5,0.1284722222222222,24928.086936936936,0,0.7192147493049007,1.095013097677479,2.267678717184176,8.18322483348972
C10193,62,High,Medium,Advanced,2021-04-24,Germany,1607,48344,2025-09-16 18:10:22.342975,100,2155443.83,21554.44,16741.16,9791,97.91,64438.0,6,0.33,0.0622277535780958,21554.4383,1,0.776691948387432,0.0,0.2536292205721651,5.367191019609615
C10194,48,Medium,Low,Advanced,2022-09-11,USA,1102,43439,2025-09-16 18:10:22.344464,89,1874630.92,21063.27,14044.69,9295,104.44,71307.0,11,0.36,0.0807622504537205,21063.268764044944,1,0.6667858314497227,-1.095013097677479,-0.039596422648357985,3.984687818361384
C10195,60,High,High,Advanced,2021-03-16,Japan,1646,14484,2025-09-16 18:10:22.345043,92,2146688.13,23333.57,13586.65,10695,116.25,60072.0,14,0.5,0.0558930741190765,23333.56663043478,0,0.582279094026332,-0.7963731619472574,1.3157595188862545,5.433028243391948
C10196,20,Low,High,Advanced,2021-07-18,Canada,1522,36874,2025-09-16 18:10:22.345043,115,2781301.55,24185.23,17933.27,12822,111.5,63053.0,11,0.55,0.0755584756898817,24185.230869565217,2,0.7414967730304819,1.4931996786511077,1.8241956027374497,8.161986811522295
C10197,58,High,Low,Intermediate,2023-03-16,USA,916,18636,2025-09-16 18:10:22.346080,96,1942011.57,20229.29,16683.82,8593,89.51,36619.0,4,1.0,0.1048034934497816,20229.2871875,1,0.8247358162347763,-0.3981865809736287,-0.5374776489713268,4.314034381777205
C10198,37,Low,Very High,Advanced,2025-03-25,Germany,176,29968,2025-09-16 18:10:22.347083,101,2408417.81,23845.72,18516.6,10849,107.42,35078.0,3,0.33,0.5738636363636364,23845.72089108911,0,0.776516708239466,0.09954664524340717,1.6215101005084869,6.7211862427588835
C10199,23,Low,Medium,Beginner,2020-12-06,Australia,1746,46416,2025-09-16 18:10:22.347083,103,2256840.81,21911.08,17177.02,10537,102.3,69386.0,9,0.33,0.058991981672394,21911.07582524272,2,0.7839421881532083,0.2986399357302215,0.46654123351711,5.845946917333922
C10200,44,Medium,Very High,Beginner,2024-03-11,Germany,555,24409,2025-09-16 18:10:22.348076,96,2012127.01,20959.66,17625.19,9298,96.85,26486.0,3,0.33,0.1729729729729729,20959.656354166666,0,0.8409101101830849,-0.3981865809736287,-0.10145099213362514,4.7313299849355674
C10201,54,Low,Low,Intermediate,2023-10-19,Germany,699,28377,2025-09-16 18:10:22.348076,119,2381472.48,20012.37,16800.54,11406,95.85,28377.0,1,1.0,0.1702432045779685,20012.373781512604,0,0.8395077644476892,1.8913862596247364,-0.6669776317214878,6.321003127737619
C10202,23,High,Medium,Advanced,2024-01-04,UK,622,36470,2025-09-16 18:10:22.349073,106,2492925.86,23518.17,16921.4,11316,106.75,58958.0,8,0.5,0.1704180064308681,23518.16849056604,2,0.7195032606703669,0.597279871460443,1.4259646489603803,6.947435587277587
C10203,43,Low,Low,Beginner,2021-02-27,Australia,1663,44623,2025-09-16 18:10:22.349073,95,1826752.33,19228.97,17204.93,8557,90.07,85181.0,8,0.75,0.0571256764882742,19228.97189473684,1,0.8947400718811251,-0.49773322621703586,-1.1346628912018266,3.735683795196385
C10204,28,Medium,Medium,Advanced,2020-01-25,Germany,2062,9147,2025-09-16 18:10:22.350069,101,2326532.71,23034.98,17153.78,10393,102.9,12493.0,2,1.0,0.0489815712900097,23034.977326732675,0,0.7446839545769086,0.09954664524340717,1.1375030194884568,6.245164034993016
C10205,61,High,High,Beginner,2025-10-21,Japan,-34,32920,2025-09-16 18:10:22.350069,89,1776385.91,19959.39,17080.26,8744,98.25,32920.0,1,1.0,89.0,19959.39224719101,3,0.8557506015965417,-1.095013097677479,-0.6986063846539211,3.550925369371746
C10206,50,High,Low,Intermediate,2020-08-23,UK,1851,14061,2025-09-16 18:10:22.351067,92,1810474.36,19679.07,16297.03,8247,89.64,35319.0,5,0.6,0.0497028633171258,19679.069130434786,1,0.8281402525627481,-0.7963731619472574,-0.8659557999430821,3.646602478382142
C10207,32,High,Low,Intermediate,2020-11-23,Japan,1759,44561,2025-09-16 18:10:22.351067,93,1883315.93,20250.71,15683.7,8989,96.66,107624.0,18,0.5,0.0528709494030699,20250.70892473118,2,0.7744765492172868,-0.6968265167038502,-0.524690033119823,4.003867215744995
C10208,27,Low,Low,Advanced,2022-05-31,Canada,1205,8332,2025-09-16 18:10:22.352064,92,1985963.3,21586.56,15509.97,10096,109.74,10265.0,2,0.5,0.0763485477178423,21586.557608695653,2,0.7185012341012185,-0.7963731619472574,0.27280467440738304,4.596286148688285
C10209,28,Low,High,Intermediate,2024-02-18,USA,577,40126,2025-09-16 18:10:22.352064,82,1785964.61,21780.06,15415.55,8743,106.62,75335.0,6,0.83,0.1421143847487001,21780.0562195122,2,0.7077827150154774,-1.791839614381329,0.38832305289786784,3.77437002377713
C10210,61,Low,Medium,Advanced,2023-11-19,Japan,668,44570,2025-09-16 18:10:22.353062,100,2289589.5,22895.9,18747.04,10217,102.17,60088.0,6,0.5,0.1497005988023952,22895.895,1,0.8187946313532117,0.0,1.0544730655842893,6.145070586672369
C10211,27,High,Medium,Advanced,2021-10-06,Japan,1442,5277,2025-09-16 18:10:22.354099,123,2590942.49,21064.57,16235.27,12323,100.19,43842.0,11,0.36,0.0852981969486823,21064.57308943089,0,0.7707382586020033,2.289572840598365,-0.03882033018304767,7.204662430942148
C10212,21,Low,Medium,Intermediate,2025-04-17,Canada,153,14173,2025-09-16 18:10:22.354099,125,2754079.35,22032.63,16322.37,12743,101.94,16339.0,3,1.0,0.8169934640522876,22032.6348,0,0.7408271277645928,2.4886661310851794,0.5391058790236648,7.89410157711061
C10213,22,High,Medium,Intermediate,2023-10-06,Japan,712,25565,2025-09-16 18:10:22.355100,107,2206810.68,20624.4,15308.57,11141,104.12,41913.0,6,0.5,0.1502808988764045,20624.398878504675,2,0.7422552898508562,0.6968265167038502,-0.3015992689952259,5.466080612538236
C10214,60,Low,Medium,Intermediate,2024-05-13,Australia,492,20819,2025-09-16 18:10:22.355100,100,2074910.07,20749.1,14886.35,10033,100.33,20819.0,1,1.0,0.2032520325203252,20749.1007,0,0.717445575952692,0.0,-0.2271540917458041,4.868846173959471
C10215,37,High,Low,Advanced,2020-10-09,Germany,1804,18156,2025-09-16 18:10:22.356097,108,2311565.62,21403.39,17214.93,10498,97.2,51505.0,14,0.71,0.0598669623059867,21403.38537037037,0,0.8043085698106702,0.7963731619472574,0.16345324604509714,6.044361811566135
C10216,45,Medium,High,Advanced,2020-09-05,Germany,1838,48850,2025-09-16 18:10:22.356097,96,2069654.32,21558.9,17002.68,9930,103.44,79663.0,11,0.45,0.0522306855277475,21558.899166666662,1,0.7886617591806632,-0.3981865809736287,0.25629181472238666,5.013243353307246
C10217,47,High,Very High,Beginner,2024-02-01,USA,594,8020,2025-09-16 18:10:22.357098,105,2369277.35,22564.55,16195.46,10222,97.35,21324.0,4,0.5,0.1767676767676767,22564.54619047619,0,0.7177391084688151,0.49773322621703586,0.8566590360606594,6.328583992745874
C10218,58,Low,Low,Advanced,2021-08-25,Japan,1484,11930,2025-09-16 18:10:22.357098,99,2198279.89,22204.85,15557.45,10360,104.65,40282.0,10,0.5,0.0667115902964959,22204.84737373737,0,0.7006329698241601,-0.09954664524340717,0.6419202208512151,5.563459232455547
C10219,57,Medium,Medium,Intermediate,2020-12-31,Japan,1721,13752,2025-09-16 18:10:22.358096,94,2146231.19,22832.25,15805.87,9862,104.91,40445.0,8,0.5,0.0546194073213248,22832.24670212766,0,0.6922607276987595,-0.597279871460443,1.0164743844942659,5.442062360234512
C10220,41,Medium,Very High,Advanced,2025-02-13,Australia,216,15340,2025-09-16 18:10:22.359090,118,2306099.64,19543.22,14684.77,11524,97.66,15340.0,1,1.0,0.5462962962962963,19543.217288135595,0,0.7513997181631277,1.791839614381329,-0.9470574625680547,5.8893729878783265
C10221,41,Low,Very High,Beginner,2022-05-03,Australia,1233,25434,2025-09-16 18:10:22.359090,97,2232659.91,23017.11,18427.3,9969,102.77,67509.0,10,0.6,0.0786699107866991,23017.112474226804,0,0.8005913861470879,-0.2986399357302215,1.126834733061455,5.919460577576443
C10222,37,Low,Low,Intermediate,2020-04-02,USA,1994,39882,2025-09-16 18:10:22.360093,109,2229485.4,20453.99,16122.05,10934,100.31,59774.0,4,0.75,0.0546639919759277,20453.994495412844,2,0.7882105154055515,0.8959198071906646,-0.4033330513133835,5.59833289583533
C10223,38,High,Low,Beginner,2022-09-05,USA,1108,42686,2025-09-16 18:10:22.361045,86,1799889.17,20928.94,14191.7,8823,102.59,71230.0,9,0.56,0.0776173285198556,20928.943837209303,1,0.6780897646990245,-1.3936530334077004,-0.11979065408312296,3.6455272076324685
C10224,66,Medium,Very High,Advanced,2020-10-04,Australia,1809,18610,2025-09-16 18:10:22.361045,113,2096897.84,18556.62,15310.74,10849,96.01,27205.0,5,0.4,0.062465450525152,18556.618053097347,1,0.825082369526347,1.2941063881642934,-1.5360519443185072,4.954524781151925
C10225,37,Low,High,Intermediate,2024-04-19,Australia,516,11219,2025-09-16 18:10:22.362043,102,2408966.27,23617.32,17039.35,10864,106.51,11219.0,1,1.0,0.1976744186046511,23617.31637254902,0,0.7214768652836139,0.19909329048681434,1.485156624295428,6.636429204704866
C10226,45,High,Low,Beginner,2023-05-22,Germany,849,21844,2025-09-16 18:10:22.363039,95,2048402.54,21562.13,15757.15,9560,100.63,23446.0,2,0.5,0.1118963486454652,21562.132,0,0.7307789165541623,-0.49773322621703586,0.2582201060015816,4.86974527903213
C10227,70,High,High,Beginner,2025-10-14,Australia,-27,27083,2025-09-16 18:10:22.363039,84,1724123.39,20525.28,17388.87,8095,96.37,27083.0,1,1.0,84.0,20525.27845238095,3,0.84719282757653,-1.5927463238945148,-0.3607733345041518,3.395470672148524
C10228,50,High,Very High,Intermediate,2024-03-25,Canada,541,47234,2025-09-16 18:10:22.364036,108,2247871.08,20813.62,16729.51,10161,94.08,63304.0,6,0.67,0.199630314232902,20813.62111111111,1,0.8037770459919994,0.7963731619472574,-0.1886360256982272,5.718959781087306
C10229,60,High,Medium,Beginner,2025-09-04,Canada,13,37524,2025-09-16 18:10:22.364036,101,2349339.14,23260.78,17697.98,10441,103.38,37524.0,1,1.0,7.769230769230769,23260.78356435644,0,0.7608506679483663,0.09954664524340717,1.272304310770893,6.384478833978199
C10230,67,Low,Medium,Beginner,2020-10-14,UK,1799,38579,2025-09-16 18:10:22.365033,110,2190583.95,19914.4,15885.43,10549,95.9,44229.0,3,0.67,0.0611450806003335,19914.399545454547,1,0.7976855943437914,0.9954664524340717,-0.7254651538957128,5.401672486918801
C10231,23,Low,Low,Advanced,2023-10-28,USA,690,8123,2025-09-16 18:10:22.365033,106,2561941.84,24169.26,17730.58,11473,108.24,13686.0,3,0.67,0.1536231884057971,24169.26264150943,0,0.7336004494965921,0.597279871460443,1.8146616052982085,7.319138091358414
C10232,66,Medium,Very High,Intermediate,2022-09-11,USA,1102,5037,2025-09-16 18:10:22.366031,97,1783712.11,18388.78,13710.66,9099,93.8,41508.0,8,0.75,0.088021778584392,18388.784639175257,1,0.7455992186539836,-0.2986399357302215,-1.636251451532166,3.318909420756682
C10233,67,Low,Very High,Intermediate,2025-11-24,USA,-68,16677,2025-09-16 18:10:22.366031,112,2360281.62,21073.94,16084.51,11331,101.17,16677.0,1,1.0,112.0,21073.94303571429,3,0.7632417099033214,1.194559742920886,-0.03322649449077002,6.1924174455266146
C10234,23,Medium,Low,Intermediate,2020-01-23,Japan,2064,9451,2025-09-16 18:10:22.367028,116,2361366.06,20356.6,14022.08,11546,99.53,48666.33,14,0.29,0.0562015503875969,20356.603965517243,2,0.688822298419186,1.5927463238945148,-0.4614743168492422,6.096001644141066
C10235,21,Medium,High,Intermediate,2021-06-25,Germany,1545,34515,2025-09-16 18:10:22.367028,92,2102093.45,22848.84,17260.29,9998,108.67,70787.0,8,0.88,0.059546925566343,22848.84184782609,2,0.7554120909420348,-0.7963731619472574,1.0263785183400393,5.325753411911317
C10236,61,High,Medium,Beginner,2024-10-11,Japan,341,8815,2025-09-16 18:10:22.368531,112,2307334.73,20601.2,16307.95,10867,97.03,10033.0,2,0.5,0.3284457478005865,20601.20294642857,0,0.7916019455177369,1.194559742920886,-0.3154495345300028,5.958150286406778
C10237,39,Low,Very High,Intermediate,2021-11-12,UK,1405,27947,2025-09-16 18:10:22.368531,104,2001016.84,19240.55,16465.66,9823,94.45,37831.0,5,1.0,0.0740213523131672,19240.546538461535,2,0.8557790707646091,0.3981865809736287,-1.1277496983185211,4.532873598158922
C10238,34,Medium,High,Intermediate,2022-04-28,Australia,1238,9539,2025-09-16 18:10:22.369533,106,2482485.42,23419.67,14994.82,11837,111.67,37015.0,10,0.6,0.08562197092084,23419.673773584906,0,0.6402660669428732,0.597279871460443,1.3671607198579887,6.82004984535947
C10239,20,High,Low,Advanced,2021-11-08,UK,1409,35616,2025-09-16 18:10:22.369533,92,2161162.69,23490.9,17519.02,9504,103.3,64991.0,9,0.33,0.0652945351312987,23490.898804347824,2,0.7457790037844442,-0.7963731619472574,1.409684617014979,5.670582639833317
C10240,70,Low,High,Intermediate,2022-12-27,Germany,995,37464,2025-09-16 18:10:22.370530,121,2486100.78,20546.29,15708.35,12188,100.73,46814.0,5,0.4,0.121608040201005,20546.287438016527,1,0.7645346191453543,2.0904795501115507,-0.34823048627632064,6.729685535063786
C10241,52,Low,Medium,Beginner,2021-07-08,Canada,1532,37140,2025-09-16 18:10:22.370530,90,1906780.65,21186.45,15112.38,9229,102.54,50761.0,5,0.6,0.0587467362924282,21186.451666666664,1,0.7133040221462302,-0.9954664524340717,0.033941323410856226,4.187339298308904
C10242,24,Low,High,Advanced,2023-11-05,Canada,682,43979,2025-09-16 18:10:22.371527,84,2018527.41,24030.09,16748.63,9674,115.17,48935.0,2,1.0,0.1231671554252199,24030.08821428571,2,0.6969857374649866,-1.5927463238945148,1.7315779219156733,5.1877009182181055
C10243,20,Medium,Low,Intermediate,2021-01-02,UK,1719,22017,2025-09-16 18:10:22.371527,117,2443809.22,20887.26,15452.72,12143,103.79,22017.0,1,1.0,0.0680628272251308,20887.258290598293,2,0.7398155622135215,1.692292969137922,-0.14467337250939397,6.52726850227519
C10244,61,High,High,Beginner,2023-06-11,USA,829,35061,2025-09-16 18:10:22.372525,95,2015255.84,21213.22,15370.81,10128,106.61,50636.0,3,1.0,0.1145958986731001,21213.21936842105,1,0.7245863664262191,-0.49773322621703586,0.0499228582542171,4.671811927896723
C10245,42,Low,Very High,Intermediate,2025-06-16,USA,93,26096,2025-09-16 18:10:22.372525,89,2118621.18,23804.73,18825.86,9471,106.42,31536.0,3,0.33,0.956989247311828,23804.73235955056,0,0.790845348802528,-1.095013097677479,1.5970393080830338,5.609475170644166
C10246,70,Low,Medium,Beginner,2022-07-03,Japan,1172,46234,2025-09-16 18:10:22.373522,109,1944098.19,17835.76,13674.05,9583,87.92,81051.0,14,0.5,0.0930034129692832,17835.763211009173,1,0.7666648351401903,0.8959198071906646,-1.9664011862753594,4.136035267648159
C10247,55,Medium,Very High,Advanced,2020-02-15,Canada,2041,20921,2025-09-16 18:10:22.373522,110,2431059.87,22100.54,16069.49,11473,104.3,20921.0,1,1.0,0.0538951494365507,22100.544272727275,0,0.7271084778923953,0.9954664524340717,0.5796477554230901,6.540914581411827
C10248,69,Low,Medium,Intermediate,2023-09-22,USA,726,6638,2025-09-16 18:10:22.374519,94,1752296.03,18641.45,13477.14,8867,94.33,15617.0,2,1.0,0.1294765840220385,18641.447127659576,1,0.7229662928581199,-0.597279871460443,-1.485408925985959,3.1616345859170245
C10249,30,Medium,Medium,Intermediate,2023-06-23,Canada,817,15979,2025-09-16 18:10:22.374519,106,2475515.16,23353.92,17331.34,10507,99.12,30268.0,6,0.5,0.1297429620563035,23353.916603773585,0,0.7421169550979022,0.597279871460443,1.3279083509393874,6.877816390954255
C10250,21,Low,Very High,Intermediate,2023-10-06,USA,712,18182,2025-09-16 18:10:22.375517,109,2318588.45,21271.45,18333.36,10620,97.43,38679.0,9,0.44,0.1530898876404494,21271.45366972477,2,0.8618763647988266,0.8959198071906646,0.0846858307580976,6.116661237237569
C10251,64,Medium,Low,Advanced,2022-11-30,Australia,1022,5592,2025-09-16 18:10:22.376516,103,2232719.17,21676.89,16740.73,10433,101.29,31105.0,5,0.6,0.1007827788649706,21676.885145631062,0,0.7722846773683864,0.2986399357302215,0.32673116086239734,5.706171102001215
C10252,20,High,Very High,Beginner,2022-06-22,UK,1183,44890,2025-09-16 18:10:22.376516,93,1754143.79,18861.76,15982.15,8498,91.38,88534.0,8,0.75,0.0786136939983093,18861.7611827957,2,0.8473307899156813,-0.6968265167038502,-1.3538851328839518,3.305908234392685
C10253,57,Medium,Very High,Advanced,2023-11-13,UK,674,36106,2025-09-16 18:10:22.377875,98,2002791.72,20436.65,14971.07,9792,99.92,55679.0,8,0.25,0.14540059347181,20436.650204081638,1,0.7325598862827322,-0.19909329048681434,-0.4136849308122208,4.5269359718245745
C10254,42,Low,Very High,Beginner,2023-04-07,Germany,894,29656,2025-09-16 18:10:22.378953,99,2195708.4,22178.87,14786.3,10246,103.49,57641.0,8,0.62,0.110738255033557,22178.872727272726,2,0.6666841006778073,-0.09954664524340717,0.6264103114290821,5.5178181722181945
C10255,32,High,Low,Intermediate,2022-05-18,Canada,1218,15202,2025-09-16 18:10:22.378953,108,2301844.22,21313.37,16872.78,10780,99.81,25984.0,4,0.5,0.0886699507389162,21313.37240740741,0,0.7916523759499319,0.7963731619472574,0.10971182779334784,5.983089424706719
C10256,19,Low,Medium,Beginner,2024-01-27,UK,599,44645,2025-09-16 18:10:22.379952,89,1699473.32,19095.21,17169.67,7959,89.43,53308.0,3,0.67,0.1485809682804674,19095.20584269663,2,0.8991610985163294,-1.095013097677479,-1.2145168359402632,3.1148976407547053
C10257,58,Low,Low,Advanced,2020-05-28,UK,1938,6497,2025-09-16 18:10:22.379952,92,1932363.95,21003.96,15768.91,8973,97.53,23984.0,5,0.4,0.0474716202270381,21003.95597826087,0,0.7507589045113398,-0.7963731619472574,-0.07500414889265154,4.30509235875124
C10258,39,Medium,Low,Advanced,2025-07-02,USA,77,11024,2025-09-16 18:10:22.380949,108,2169908.0,20091.74,14786.37,10250,94.91,13504.0,2,0.5,1.4025974025974026,20091.74074074074,0,0.7359427306943052,0.7963731619472574,-0.6195942017432445,5.258669033878734
C10259,47,Low,Very High,Intermediate,2025-01-02,UK,258,46698,2025-09-16 18:10:22.380949,92,1844543.35,20049.38,12799.67,9183,99.82,46698.0,1,1.0,0.3565891472868217,20049.384239130435,1,0.6384072724443349,-0.7963731619472574,-0.6448828762282937,3.6755232947653593
C10260,68,Medium,High,Beginner,2022-08-16,USA,1128,27362,2025-09-16 18:10:22.381946,82,1732387.74,21126.68,16211.36,8157,99.48,46197.0,9,0.44,0.0726950354609929,21126.67975609756,1,0.7673406327922797,-1.791839614381329,-0.0017410201673159996,3.4693756066294257
C10261,18,Medium,High,Intermediate,2025-04-16,Australia,154,12317,2025-09-16 18:10:22.381946,115,2466138.79,21444.69,14884.53,12047,104.76,15121.0,2,0.5,0.7467532467532467,21444.685130434784,2,0.6940893060240089,1.4931996786511077,0.18810910667381517,6.608441584534823
C10262,35,Medium,Very High,Advanced,2021-09-28,UK,1450,12749,2025-09-16 18:10:22.382942,93,1830563.53,19683.48,16932.1,8733,93.9,19752.0,4,0.5,0.0641379310344827,19683.4788172043,2,0.8602188230942902,-0.6968265167038502,-0.8633230555030665,3.770497079641455
C10263,61,Medium,High,Advanced,2020-09-21,Australia,1822,30891,2025-09-16 18:10:22.382942,103,2007670.23,19491.94,15952.14,10057,97.64,114854.0,19,0.63,0.0565312843029637,19491.943980582524,1,0.8183967321877659,0.2986399357302215,-0.9776713253535448,4.54500798722815
C10264,42,Medium,Low,Beginner,2022-08-19,Japan,1125,38822,2025-09-16 18:10:22.383943,119,2638468.0,22172.0,16731.41,12182,102.37,66249.0,8,0.38,0.1057777777777777,22172.0,2,0.7546188886884359,1.8913862596247364,0.6223089612470174,7.432433501715812
C10265,27,Low,High,Advanced,2023-02-23,Australia,937,16017,2025-09-16 18:10:22.383943,106,2146758.33,20252.44,15221.51,10020,94.53,26655.0,4,0.5,0.1131270010672358,20252.4370754717,2,0.751588944344484,0.597279871460443,-0.5236572331467558,5.17791382242451
C10266,44,High,Medium,Beginner,2024-08-09,USA,404,17619,2025-09-16 18:10:22.384936,94,2058003.48,21893.65,15243.01,9395,99.95,17619.0,1,1.0,0.2326732673267326,21893.654042553197,0,0.696229728711293,-0.597279871460443,0.4561356245399049,4.928638729140534
C10267,22,Medium,Very High,Advanced,2020-12-22,Germany,1730,20284,2025-09-16 18:10:22.384936,113,2605885.45,23060.93,17303.83,12128,107.33,21842.0,2,1.0,0.0653179190751445,23060.93318584071,2,0.7503526527334328,1.2941063881642934,1.152995019084468,7.367043132506982
C10268,44,Medium,Low,Advanced,2023-01-20,Japan,971,27835,2025-09-16 18:10:22.385933,114,2121861.48,18612.82,14292.78,10364,90.91,62329.0,11,0.55,0.11740473738414,18612.82,1,0.7678997594131357,1.3936530334077004,-1.5025008700489189,5.024580010604121
C10269,28,High,High,Intermediate,2025-06-18,Germany,91,39009,2025-09-16 18:10:22.385933,91,1686181.46,18529.47,12994.48,8559,94.05,39009.0,1,1.0,1.0,18529.466593406592,1,0.7012871927799338,-0.8959198071906646,-1.5522603369594188,2.804349788452308
C10270,49,Low,High,Intermediate,2020-09-12,Japan,1831,10020,2025-09-16 18:10:22.386930,101,2180530.61,21589.41,14640.28,10607,105.02,26985.0,4,0.75,0.0551611141452758,21589.41198019802,0,0.6781232094809446,0.09954664524340717,0.27450610788902496,5.387358843856343
C10271,52,High,Low,Beginner,2023-11-01,USA,686,17665,2025-09-16 18:10:22.386930,101,2102030.91,20812.19,16798.96,10073,99.73,24028.0,3,0.33,0.1472303206997084,20812.18722772277,0,0.8071692599385264,0.09954664524340717,-0.1894897274100692,5.078263800490665
C10272,40,High,Medium,Intermediate,2022-04-03,UK,1263,40898,2025-09-16 18:10:22.387928,117,2733335.71,23361.84,14794.54,12853,109.85,52838.0,5,0.2,0.0926365795724465,23361.843675213677,2,0.6332780294702814,1.692292969137922,1.3326365450357431,7.792231099356115
C10273,48,High,Low,Intermediate,2025-02-06,Australia,223,21859,2025-09-16 18:10:22.388933,79,1846256.73,23370.34,14971.95,8843,111.94,21859.0,1,1.0,0.3542600896860987,23370.33835443038,0,0.6406389466306438,-2.0904795501115507,1.3377109957704674,4.312925907825574
C10274,55,High,Very High,Intermediate,2025-06-15,Australia,94,20703,2025-09-16 18:10:22.388933,88,1856810.71,21100.12,14357.63,9153,104.01,25593.0,3,0.67,0.9361702127659576,21100.12170454545,1,0.6804525282320669,-1.194559742920886,-0.0175971862278195,3.9257380523009613
C10275,29,Medium,Low,Beginner,2025-10-14,Canada,-27,27736,2025-09-16 18:10:22.389927,103,2402471.89,23324.97,17075.82,11026,107.05,27736.0,1,1.0,103.0,23324.969805825243,3,0.7320832566987224,0.2986399357302215,1.3106253687311227,6.57702033428596
C10276,24,Medium,Very High,Intermediate,2025-06-05,Australia,104,31616,2025-09-16 18:10:22.389927,104,2258424.71,21715.62,16614.97,10012,96.27,31616.0,1,1.0,1.0,21715.622211538463,2,0.7651160777357497,0.3981865809736287,0.3498527463866166,5.812755327786825
C10277,37,High,Medium,Beginner,2020-11-20,UK,1762,29767,2025-09-16 18:10:22.390924,105,2033150.05,19363.33,13468.72,10323,98.31,38643.0,3,0.67,0.0595913734392735,19363.33380952381,2,0.6955787046959381,0.49773322621703586,-1.0544507499409397,4.544542741820267
C10278,57,High,Low,Advanced,2023-07-09,UK,801,7481,2025-09-16 18:10:22.390924,97,2100255.78,21652.12,17392.27,9545,98.4,14053.8,3,0.33,0.1210986267166042,21652.121443298965,0,0.8032594498829676,-0.2986399357302215,0.31194361442720686,5.169932941679601
C10279,54,Low,Very High,Beginner,2023-12-20,USA,637,30538,2025-09-16 18:10:22.391925,89,1860516.46,20904.68,15224.1,8885,99.83,32362.0,2,0.5,0.1397174254317111,20904.67932584269,1,0.7282627622140114,-1.095013097677479,-0.13427373347422877,3.954050172423659
C10280,19,High,Very High,Intermediate,2025-04-04,Canada,166,35664,2025-09-16 18:10:22.391925,102,2363770.42,23174.22,17422.59,10526,103.2,35664.0,1,1.0,0.6144578313253012,23174.21980392157,2,0.7518091223782288,0.19909329048681434,1.22062849246528,6.420310886874944
C10281,63,Low,Very High,Beginner,2024-08-04,Canada,409,15993,2025-09-16 18:10:22.392919,91,2157557.81,23709.43,17820.88,10120,111.21,30757.0,5,0.6,0.2224938875305623,23709.426483516483,0,0.7516367959921433,-0.8959198071906646,1.5401457604337154,5.7045164806804625
C10282,43,Medium,Low,Beginner,2025-04-09,UK,161,27911,2025-09-16 18:10:22.393917,117,2371312.83,20267.63,12968.2,12044,102.94,27911.0,1,1.0,0.7267080745341615,20267.631025641025,0,0.6398478756519632,1.692292969137922,-0.5145888911867004,6.093655536173918
C10283,41,Low,Medium,Advanced,2021-10-20,Germany,1428,17658,2025-09-16 18:10:22.394698,101,2282315.73,22597.19,18230.72,10210,101.09,21865.0,2,1.0,0.0707282913165266,22597.185445544557,0,0.8067693372494545,0.09954664524340717,0.8761449268819997,6.061273166253505
C10284,65,Medium,High,Beginner,2024-06-25,UK,449,37712,2025-09-16 18:10:22.394698,112,2193197.73,19582.12,14593.21,10384,92.71,53481.0,4,0.75,0.2494432071269487,19582.122589285715,1,0.7452313641219643,1.194559742920886,-0.923834388029142,5.353935360164874
C10285,24,Medium,High,Advanced,2024-07-09,Canada,435,6467,2025-09-16 18:10:22.395738,114,2178760.77,19111.94,14962.05,10965,96.18,6618.0,2,0.5,0.2620689655172414,19111.936578947367,2,0.782864010665584,1.3936530334077004,-1.204529122905918,5.313360509569038
C10286,60,Low,Very High,Advanced,2025-10-25,Germany,-38,16308,2025-09-16 18:10:22.396735,104,2008530.95,19312.8,14280.54,10073,96.86,16308.0,1,1.0,104.0,19312.797596153847,3,0.7394339505405741,0.3981865809736287,-1.084616867073366,4.465312558680914
C10287,36,Medium,Medium,Advanced,2023-12-29,Germany,628,34614,2025-09-16 18:10:22.396735,125,2755451.92,22043.62,17305.45,13022,104.18,53933.0,5,0.6,0.1990445859872611,22043.61536,2,0.7850548140459689,2.4886661310851794,0.5456668453265598,7.940969858517172
C10288,63,Medium,High,Advanced,2024-12-04,UK,287,48020,2025-09-16 18:10:22.397732,89,1839791.37,20671.81,19470.77,8065,90.62,48020.0,1,1.0,0.3101045296167247,20671.813146067416,1,0.9418996207879232,-1.095013097677479,-0.273295773779547,4.022905480091242
C10289,55,Medium,Very High,Intermediate,2025-05-07,Japan,133,10971,2025-09-16 18:10:22.397732,99,2146843.79,21685.29,16515.98,9548,96.44,13052.0,2,0.5,0.7443609022556391,21685.29080808081,0,0.7616213571504,-0.09954664524340717,0.33174591217671384,5.333507948260211
C10290,40,Low,Low,Advanced,2025-10-21,USA,-34,33780,2025-09-16 18:10:22.398729,96,1977491.26,20598.87,16915.45,9544,99.42,33780.0,1,1.0,96.0,20598.867291666666,3,0.821183395011474,-0.3981865809736287,-0.31684053102552234,4.514362331768922
C10291,38,High,Very High,Beginner,2023-11-22,Japan,665,19901,2025-09-16 18:10:22.398729,109,2546769.08,23364.85,17866.02,11222,102.95,19901.0,1,1.0,0.1639097744360902,23364.853944954128,0,0.7646537426946889,0.8959198071906646,1.3344334975900387,7.180222985302975
C10292,29,Medium,Very High,Advanced,2020-05-07,Australia,1959,8588,2025-09-16 18:10:22.399727,94,1830855.13,19477.18,15274.13,9118,97.0,8588.0,1,1.0,0.0479836651352731,19477.182234042557,2,0.7842064405627508,-0.597279871460443,-0.9864829598058413,3.678561531683288
C10293,40,High,High,Intermediate,2022-01-25,USA,1331,6726,2025-09-16 18:10:22.399727,101,2113912.56,20929.83,15141.55,10615,105.1,58506.0,13,0.46,0.0758827948910593,20929.827326732677,0,0.7234435253415817,0.09954664524340717,-0.11925932924148532,5.065810167775146
C10294,31,Medium,Low,Intermediate,2020-09-28,Canada,1815,21361,2025-09-16 18:10:22.400724,93,2010886.91,21622.44,17597.99,8880,95.48,49263.0,13,0.38,0.0512396694214876,21622.43989247312,2,0.8138762322846081,-0.6968265167038502,0.2942248264499582,4.795928541902704
C10295,47,High,Low,Intermediate,2023-07-30,Australia,780,27166,2025-09-16 18:10:22.400724,97,2072330.64,21364.23,14671.81,9677,99.76,32351.0,2,1.0,0.1243589743589743,21364.23340206185,0,0.6867464916825928,-0.2986399357302215,0.1400749530131211,4.903811471373916
C10296,53,Medium,Medium,Intermediate,2021-01-13,Germany,1708,36182,2025-09-16 18:10:22.401721,105,2329929.45,22189.8,17994.72,9779,93.13,62147.0,11,0.82,0.0614754098360655,22189.804285714286,0,0.810945569586026,0.49773322621703586,0.6329354580797335,6.208141479501562
C10297,45,Low,Low,Advanced,2022-05-18,USA,1218,17158,2025-09-16 18:10:22.401721,109,2152538.44,19748.06,16757.31,10791,99.0,68771.0,14,0.57,0.0894909688013136,19748.059082568805,0,0.8485547441115735,0.8959198071906646,-0.8247691698032438,5.265113654077818
C10298,59,Medium,Medium,Beginner,2024-08-17,Australia,396,46675,2025-09-16 18:10:22.402718,107,2498263.94,23348.26,16793.16,11154,104.24,46776.0,2,0.5,0.2702020202020202,23348.261121495325,0,0.7192467447253029,0.6968265167038502,1.3245293637442652,6.945456015737502
C10299,38,Low,Very High,Advanced,2020-05-09,Japan,1957,40745,2025-09-16 18:10:22.403716,104,2292924.79,22047.35,17371.53,10938,105.17,83645.0,15,0.33,0.0531425651507409,22047.35375,2,0.7879191830310672,0.3981865809736287,0.5478936337077973,6.016552393986302
C10300,41,Low,Low,Intermediate,2025-04-10,Canada,160,5214,2025-09-16 18:10:22.403716,112,2482083.17,22161.46,17197.01,11296,100.86,5214.0,1,1.0,0.7,22161.456875,0,0.7759872318881518,1.194559742920886,0.616016642335959,6.803307263831064
C10301,49,Low,Medium,Advanced,2022-04-20,USA,1246,20409,2025-09-16 18:10:22.404713,104,2385938.74,22941.72,17061.78,10654,102.44,61605.0,12,0.75,0.0834670947030497,22941.71865384616,0,0.7437009953918013,0.3981865809736287,1.0818273400154728,6.468466819162842
C10302,32,High,Low,Beginner,2021-06-24,UK,1546,15998,2025-09-16 18:10:22.404713,107,2532188.08,23665.31,18006.5,11549,107.93,15998.0,1,1.0,0.0692108667529107,23665.309158878503,0,0.76088164490556,0.6968265167038502,1.5138063761494773,7.1585438601379074
C10303,20,High,Medium,Intermediate,2021-08-17,Canada,1492,45156,2025-09-16 18:10:22.405711,106,2235817.77,21092.62,15854.89,10718,101.11,68355.0,8,0.62,0.0710455764075067,21092.620471698112,2,0.751679497378704,0.597279871460443,-0.022074642758458444,5.640862864457634
C10304,34,Medium,High,Advanced,2021-03-06,Australia,1656,8388,2025-09-16 18:10:22.405711,108,2181199.29,20196.29,15647.79,10610,98.24,81472.0,15,0.67,0.0652173913043478,20196.289722222224,0,0.7747853689959889,0.7963731619472574,-0.557178457706138,5.352111291484471
C10305,38,High,High,Intermediate,2023-08-21,UK,758,24576,2025-09-16 18:10:22.406708,101,2301454.95,22786.68,16206.89,10921,108.13,36021.0,5,0.6,0.1332453825857519,22786.68267326733,0,0.7112440250181246,0.09954664524340717,0.9892693586141039,6.0775138114232385
C10306,49,High,Low,Advanced,2022-12-11,USA,1011,25593,2025-09-16 18:10:22.406708,112,2427458.05,21673.73,16767.98,11568,103.29,43156.0,7,0.29,0.1107814045499505,21673.73258928571,0,0.7736545578449118,1.194559742920886,0.3248446591774882,6.532458202713687
C10307,28,Low,Medium,Beginner,2021-11-20,Germany,1397,19445,2025-09-16 18:10:22.407706,93,1653086.12,17775.12,12085.01,8640,92.9,58928.0,11,0.73,0.066571224051539,17775.119569892475,2,0.679883455076534,-0.6968265167038502,-2.002602914811085,2.5527428240020065
C10308,70,Medium,High,Advanced,2025-09-01,Canada,16,26937,2025-09-16 18:10:22.408703,103,2342655.57,22744.23,17793.81,10775,104.61,26937.0,1,1.0,6.4375,22744.228834951453,0,0.782343917556233,0.2986399357302215,0.963926954650687,6.303464582545383
C10309,51,High,High,Advanced,2025-06-23,UK,86,44109,2025-09-16 18:10:22.408703,99,2052753.41,20734.88,13537.97,10552,106.59,44921.0,2,0.5,1.1511627906976745,20734.88292929293,1,0.6529080467309191,-0.09954664524340717,-0.23564334932789407,4.7095936684304585
C10310,59,Medium,Low,Beginner,2025-04-04,Australia,166,40163,2025-09-16 18:10:22.409700,87,1712023.48,19678.43,14848.82,8147,93.64,40163.0,1,1.0,0.5240963855421686,19678.4308045977,1,0.7545734085493608,-1.2941063881642934,-0.8663378762336963,3.119048421424276
C10311,30,Medium,Medium,Intermediate,2020-03-15,Australia,2012,37714,2025-09-16 18:10:22.409700,105,2475851.15,23579.53,16022.28,10966,104.44,37714.0,1,1.0,0.0521868787276341,23579.53476190476,2,0.6794995489731984,0.49773322621703586,1.4625962133230481,6.852461086338397
C10312,53,Medium,Very High,Beginner,2022-09-14,USA,1099,24354,2025-09-16 18:10:22.410700,92,1899493.11,20646.66,16151.57,9272,100.78,46940.0,7,0.57,0.0837124658780709,20646.66423913044,1,0.7822848828817833,-0.7963731619472574,-0.2883101780122905,4.137343892526896
C10313,60,Medium,Medium,Beginner,2020-03-28,USA,1999,13331,2025-09-16 18:10:22.411226,92,1793645.86,19496.15,16374.09,8917,96.92,62859.0,13,0.54,0.0460230115057528,19496.150652173917,1,0.8398627421311387,-0.7963731619472574,-0.9751579797543446,3.556647235995137
C10314,32,Low,High,Beginner,2025-12-03,Australia,-77,40812,2025-09-16 18:10:22.412271,117,2274058.89,19436.4,13193.84,11432,97.71,40812.0,1,1.0,117.0,19436.40076923077,3,0.6788211808771171,1.692292969137922,-1.0108283834484348,5.671685681860958
C10315,31,Low,Medium,Beginner,2021-03-14,Canada,1648,11654,2025-09-16 18:10:22.412271,97,1987011.7,20484.66,13997.11,9436,97.28,41226.0,9,0.44,0.0588592233009708,20484.656701030926,2,0.6832971599235721,-0.2986399357302215,-0.3850232390740917,4.416062479741109
C10316,61,Medium,Low,Intermediate,2020-01-22,Germany,2065,6033,2025-09-16 18:10:22.413268,85,2222767.42,26150.2,19515.7,9814,115.46,48066.0,12,0.5,0.0411622276029055,26150.20494117647,0,0.7462925713761271,-1.4931996786511077,2.9972713039387315,6.493059044079746
C10317,57,Low,Very High,Beginner,2021-07-30,Germany,1510,38239,2025-09-16 18:10:22.413268,74,1546893.77,20903.97,15925.89,7393,99.91,74437.0,8,0.75,0.0490066225165562,20903.969864864863,1,0.761859589350731,-2.5882127763285867,-0.13469759935912876,2.6067227760405967
C10318,21,Low,Low,Advanced,2022-03-30,Japan,1267,29808,2025-09-16 18:10:22.414265,105,2299064.36,21895.85,16337.03,10873,103.55,29808.0,1,1.0,0.0828729281767955,21895.85104761905,2,0.7461244939109467,0.49773322621703586,0.45744901178889064,5.986383271899484
C10319,20,Low,Very High,Intermediate,2021-07-22,USA,1518,29368,2025-09-16 18:10:22.414265,96,2070617.6,21568.93,16559.5,9527,99.24,42250.0,8,0.5,0.0632411067193675,21568.93333333333,2,0.7677478669549208,-0.3981865809736287,0.26227966658936047,4.999469452559243
C10320,39,High,High,Intermediate,2020-10-25,Japan,1788,20756,2025-09-16 18:10:22.415262,104,2277821.29,21902.13,14170.28,10933,105.12,32074.0,5,0.4,0.058165548098434,21902.127788461537,0,0.646981823229065,0.3981865809736287,0.4611981353905471,5.806490494155209
C10321,42,Medium,High,Beginner,2024-12-28,Japan,263,28135,2025-09-16 18:10:22.415262,88,1798682.49,20439.57,16097.7,8412,95.59,29188.0,2,0.5,0.3346007604562737,20439.57375,1,0.787575276779306,-1.194559742920886,-0.41194170773629313,3.660686900197588
C10322,46,Medium,Medium,Intermediate,2020-04-20,Japan,1976,30787,2025-09-16 18:10:22.416260,80,1822359.11,22779.49,17443.67,8209,102.61,58733.0,6,0.67,0.0404858299595141,22779.488875000003,1,0.7657620956395422,-1.9909329048681434,0.9849769702867321,4.194746942208979
C10323,66,High,High,Advanced,2022-07-22,Japan,1153,30937,2025-09-16 18:10:22.416260,104,2144603.85,20621.19,14975.3,10649,102.39,30937.0,1,1.0,0.0901994796183868,20621.19086538461,1,0.7262093021789722,0.3981865809736287,-0.303515620390341,5.173916836692182
C10324,29,Medium,Medium,Beginner,2023-09-24,Australia,724,45408,2025-09-16 18:10:22.417257,100,2282215.38,22822.15,15598.6,10818,108.18,72946.0,9,0.56,0.1381215469613259,22822.1538,2,0.6834851230055012,0.0,1.0104447430330064,5.979575825584345
C10325,37,Medium,Low,Beginner,2022-04-10,USA,1256,10068,2025-09-16 18:10:22.417257,84,1669324.78,19872.91,13564.58,8056,95.9,29378.0,7,0.43,0.0668789808917197,19872.914047619048,1,0.682566367985363,-1.5927463238945148,-0.7502344434232083,2.8841530694276027
C10326,18,High,High,Intermediate,2021-10-25,USA,1423,23151,2025-09-16 18:10:22.418255,112,2354129.66,21019.01,17209.26,10931,97.6,54622.0,9,0.67,0.0787069571328179,21019.014821428573,2,0.8187474100825871,1.194559742920886,-0.06601938612116982,6.213377054581715
C10327,23,High,High,Intermediate,2022-08-27,Canada,1117,13184,2025-09-16 18:10:22.418255,104,2109371.67,20282.42,14366.86,10530,101.25,15445.0,2,0.5,0.0931065353625783,20282.419903846152,2,0.7083405234681069,0.3981865809736287,-0.505759346908282,4.970794794439736
C10328,32,Low,Very High,Beginner,2023-06-16,UK,824,33171,2025-09-16 18:10:22.419252,98,2369681.61,24180.42,17055.3,10580,107.96,37390.0,3,0.33,0.1189320388349514,24180.42459183673,2,0.7053351430620312,-0.19909329048681434,1.8213240606157992,6.564301567579771
C10329,37,High,Medium,Beginner,2021-07-14,Canada,1526,9232,2025-09-16 18:10:22.419252,86,1428252.87,16607.59,13094.29,7244,84.23,40236.0,9,0.78,0.0563564875491481,16607.591511627907,1,0.7884521474819646,-1.3936530334077004,-2.6996115579066697,1.3666859508394305
C10330,30,Medium,Medium,Intermediate,2024-01-12,USA,614,35501,2025-09-16 18:10:22.420249,98,2359270.55,24074.19,19681.32,10334,105.45,47356.0,6,0.67,0.1596091205211726,24074.189285714285,2,0.8175278171352806,-0.19909329048681434,1.7579053663158293,6.609310688574644
C10331,27,High,High,Intermediate,2022-08-08,Australia,1136,16705,2025-09-16 18:10:22.421251,100,2322813.4,23228.13,16697.37,10298,102.98,28480.0,3,1.0,0.0880281690140845,23228.134,2,0.7188426274521452,0.0,1.2528124500075126,6.235863454813845
C10332,42,Medium,Very High,Beginner,2021-02-09,Japan,1681,8157,2025-09-16 18:10:22.421251,100,1792087.96,17920.88,13992.79,9054,90.54,8157.0,1,1.0,0.0594883997620464,17920.8796,1,0.7808093129355255,0.0,-1.9155850396236263,3.3692177438012
C10333,21,Medium,Very High,Advanced,2020-07-15,Australia,1890,48313,2025-09-16 18:10:22.422244,108,2317114.74,21454.77,14320.34,11569,107.12,48575.0,2,0.5,0.0571428571428571,21454.766111111112,2,0.6674664888041214,0.7963731619472574,0.19412680825099496,5.94638843045683
C10334,33,Low,High,Beginner,2020-04-29,Japan,1967,43512,2025-09-16 18:10:22.422244,100,2022821.59,20228.22,16054.88,9886,98.86,94731.0,12,0.67,0.050838840874428,20228.2159,2,0.7936872349618502,0.0,-0.5381164327696977,4.652243558673438
C10335,53,Low,Medium,Intermediate,2021-06-06,Japan,1564,26100,2025-09-16 18:10:22.423241,94,1741639.74,18528.08,15378.22,8845,94.1,55279.0,10,0.5,0.0601023017902813,18528.08234042553,1,0.8299953368076993,-0.597279871460443,-1.5530901589030968,3.1979451432239117
C10336,55,High,High,Beginner,2023-02-07,Japan,953,32591,2025-09-16 18:10:22.423241,97,1963690.75,20244.23,17327.13,9412,97.03,44433.0,3,0.67,0.1017838405036726,20244.234536082477,1,0.8559046207240286,-0.2986399357302215,-0.5285585555622947,4.44289054804747
C10337,64,Medium,Low,Intermediate,2021-03-22,Germany,1640,43868,2025-09-16 18:10:22.424239,95,1902920.02,20030.74,15546.49,9236,97.22,79307.0,10,0.6,0.0579268292682926,20030.73705263158,1,0.776131585752698,-0.49773322621703586,-0.6560108481924413,4.067935624766333
C10338,19,Medium,Very High,Beginner,2024-11-06,UK,315,38478,2025-09-16 18:10:22.424239,124,2518688.55,20312.0,15825.58,11860,95.65,43815.0,2,1.0,0.3936507936507936,20312.00443548387,2,0.7791246553761323,2.389119485841772,-0.48810025835144094,6.8896640778980895
C10339,56,High,Very High,Beginner,2022-05-04,Japan,1232,18490,2025-09-16 18:10:22.425237,108,2090488.17,19356.37,15851.0,9906,91.72,18723.0,2,0.5,0.0876623376623376,19356.371944444443,1,0.8189035444145778,0.7963731619472574,-1.0586058296013743,4.930101747625961
C10340,49,High,Medium,Advanced,2025-11-05,UK,-49,36577,2025-09-16 18:10:22.425237,108,2407204.67,22288.93,18520.58,10826,100.24,36577.0,1,1.0,108.0,22288.93212962963,3,0.8309317674738088,0.7963731619472574,0.6921154935306992,6.556784826943776
C10341,40,High,Medium,Advanced,2022-06-16,Australia,1189,18339,2025-09-16 18:10:22.426233,107,2306652.2,21557.5,15970.94,11116,103.89,19831.0,2,0.5,0.0899915895710681,21557.497196261684,0,0.7408530673779428,0.6968265167038502,0.2554560228366665,5.978842875248906
C10342,53,High,Medium,Advanced,2020-03-27,Australia,2000,40154,2025-09-16 18:10:22.426557,98,1918121.73,19572.67,15624.06,9399,95.91,93013.0,18,0.5,0.049,19572.67071428572,1,0.7982590009436629,-0.19909329048681434,-0.9294759832577475,4.111586587158155
C10343,39,Low,Medium,Beginner,2024-06-05,Australia,469,26229,2025-09-16 18:10:22.427648,100,2259441.11,22594.41,16324.32,10677,106.77,31934.0,4,0.5,0.2132196162046908,22594.4111,0,0.7224937495601789,0.0,0.8744852829946436,5.890108617554467
C10344,57,Medium,High,Intermediate,2020-12-21,Japan,1731,14457,2025-09-16 18:10:22.428012,100,2349526.59,23495.27,17574.13,11338,113.38,67492.0,18,0.5,0.0577700751010976,23495.2659,0,0.7479858711987563,0.0,1.4122934816868307,6.409927840674503
C10345,59,Medium,High,Intermediate,2020-01-26,Germany,2061,6216,2025-09-16 18:10:22.429013,104,2125371.21,20436.26,15003.97,10015,96.3,50162.0,12,0.5,0.0504609412906356,20436.261634615385,0,0.734183749864212,0.3981865809736287,-0.4139177585518159,5.0793955297309665
C10346,64,Low,High,Advanced,2025-09-02,Australia,15,16394,2025-09-16 18:10:22.430010,87,1724686.36,19823.98,14023.01,8546,98.23,16394.0,1,1.0,5.8,19823.98114942529,1,0.7073761172075436,-1.2941063881642934,-0.779445369829097,3.155679566678023
C10347,26,Medium,Low,Beginner,2022-09-17,Germany,1096,10969,2025-09-16 18:10:22.430010,87,1557762.39,17905.31,14410.03,7439,85.51,33006.0,6,0.83,0.0793795620437956,17905.314827586204,2,0.8047908693007828,-1.2941063881642934,-1.9248802393812325,2.1885560206595125
C10348,30,Low,Medium,Advanced,2023-04-16,Canada,885,24550,2025-09-16 18:10:22.431007,119,2610705.6,21938.7,16869.48,11946,100.39,43047.0,8,0.5,0.1344632768361582,21938.702521008403,2,0.7689370837834512,1.8913862596247364,0.4830302134339424,7.31711864196851
C10349,52,Low,Medium,Intermediate,2025-06-25,Australia,84,34908,2025-09-16 18:10:22.431007,93,1922117.58,20667.93,16030.92,9122,98.09,42270.0,3,0.67,1.1071428571428572,20667.930967741937,1,0.7756422631584295,-0.6968265167038502,-0.2756121112913982,4.234794569487821
C10350,29,High,Very High,Advanced,2025-06-23,Canada,86,37594,2025-09-16 18:10:22.432005,88,1810796.88,20577.24,17359.21,8163,92.76,37594.0,1,1.0,1.0232558139534884,20577.23727272727,2,0.843612165674308,-1.194559742920886,-0.3297535156598835,3.788242400546092
C10351,26,Low,Medium,Beginner,2020-08-14,USA,1860,48018,2025-09-16 18:10:22.433002,97,2084094.81,21485.51,13602.79,10015,103.25,82084.0,11,0.27,0.0521505376344086,21485.51350515464,2,0.6331145967677753,-0.2986399357302215,0.21247841008457258,4.9211340584643715
C10352,31,Low,Low,Advanced,2023-06-10,Japan,830,44167,2025-09-16 18:10:22.433002,98,2048949.47,20907.65,16085.64,9516,97.1,51956.0,4,0.75,0.1180722891566265,20907.647653061224,2,0.7693662367602289,-0.19909329048681434,-0.13250066068809507,4.82038092719675
C10353,40,High,Medium,Advanced,2024-06-27,Canada,447,29687,2025-09-16 18:10:22.434000,89,1984847.44,22301.66,15533.11,9249,103.92,29997.0,2,0.5,0.1991051454138702,22301.65662921348,2,0.6965001708393008,-1.095013097677479,0.6997152297487035,4.694352768267526
C10354,49,Low,High,Intermediate,2024-04-14,Japan,521,12618,2025-09-16 18:10:22.434000,92,2082456.28,22635.39,15714.52,10058,109.33,13459.0,2,1.0,0.1765834932821497,22635.394347826088,0,0.6942456038972601,-0.7963731619472574,0.8989501054780545,5.151716134076349
C10355,48,Low,High,Intermediate,2023-11-23,USA,664,47720,2025-09-16 18:10:22.434997,108,2463150.41,22806.95,16025.44,11710,108.43,57388.0,3,1.0,0.1626506024096385,22806.94824074074,2,0.7026559886350433,0.7963731619472574,1.001370431130911,6.723794221955395
C10356,26,Medium,High,Intermediate,2021-09-13,Germany,1465,46138,2025-09-16 18:10:22.435994,102,2003131.67,19638.55,13586.49,10440,102.35,84172.0,12,0.42,0.0696245733788396,19638.545784313726,2,0.6918275534599041,0.19909329048681434,-0.8901460050926144,4.417115271086572
C10357,40,High,Low,Beginner,2025-09-09,Germany,8,25625,2025-09-16 18:10:22.435994,107,2173437.01,20312.5,16048.36,10623,99.28,25625.0,1,1.0,13.375,20312.495420560743,0,0.7900731076923078,0.6968265167038502,-0.48780176124939834,5.338377837750713
C10358,39,High,Medium,Advanced,2021-07-20,Australia,1520,49513,2025-09-16 18:10:22.436991,109,2320884.26,21292.52,15203.03,11110,101.93,69089.0,8,0.75,0.0717105263157894,21292.51614678899,2,0.7140080178391285,0.8959198071906646,0.09726449863817245,5.991814555392912
C10359,46,Medium,Medium,Advanced,2022-11-23,UK,1029,5832,2025-09-16 18:10:22.436991,104,2142180.22,20597.89,15809.74,10596,101.88,16095.0,3,0.67,0.1010689990281827,20597.886730769234,0,0.7675417239338592,0.3981865809736287,-0.31742558534552556,5.199222556705433
C10360,38,Medium,Low,Advanced,2025-06-16,Japan,93,35125,2025-09-16 18:10:22.437989,111,2244773.05,20223.18,16475.28,11114,100.13,35125.0,1,1.0,1.1935483870967742,20223.180630630628,2,0.8146730632867827,1.095013097677479,-0.5411252835582876,5.679322037695494
C10361,50,High,High,Advanced,2023-12-18,Australia,639,15486,2025-09-16 18:10:22.438987,105,1964992.43,18714.21,13922.97,9719,92.56,27482.0,3,0.67,0.1643192488262911,18714.21361904762,1,0.7439785061725822,0.49773322621703586,-1.4419716276967216,4.231598388599341
C10362,60,Low,Medium,Advanced,2021-05-30,Canada,1571,7651,2025-09-16 18:10:22.438987,90,2009908.86,22332.32,17690.71,9334,103.71,39154.0,9,0.78,0.057288351368555,22332.320666666667,0,0.7921572859425263,-0.9954664524340717,0.7180190720459554,4.891379739726368
C10363,62,Medium,Very High,Advanced,2023-11-19,Canada,668,13549,2025-09-16 18:10:22.439984,101,2145373.93,21241.33,15486.23,10326,102.24,33824.0,7,0.57,0.1511976047904191,21241.32603960396,0,0.7290612216843295,0.09954664524340717,0.06670436533105221,5.242603409666722
C10364,57,High,Medium,Intermediate,2020-11-05,Australia,1777,31229,2025-09-16 18:10:22.439984,89,1745906.35,19616.93,12902.66,9229,103.7,39540.0,5,0.6,0.0500844119302194,19616.92528089888,1,0.6577308477932072,-1.095013097677479,-0.9030530197849357,3.1795253220489723
C10365,60,Low,Medium,Advanced,2022-12-13,Japan,1009,23971,2025-09-16 18:10:22.440981,92,2144340.3,23308.05,17612.62,9625,104.62,45152.0,4,1.0,0.0911793855302279,23308.046739130437,0,0.7556453671585568,-0.7963731619472574,1.3005242267980002,5.578953109312882
C10366,23,High,High,Advanced,2025-11-08,Canada,-52,24562,2025-09-16 18:10:22.440981,105,2488597.92,23700.93,17793.04,11378,108.36,24562.0,1,1.0,105.0,23700.93257142857,3,0.7507317223416972,0.49773322621703586,1.5350713096989912,6.985075605839103
C10367,61,Low,Low,Beginner,2020-06-15,Germany,1920,9343,2025-09-16 18:10:22.441978,101,2244657.31,22224.33,15117.29,10761,106.54,75301.0,17,0.59,0.0526041666666666,22224.3298019802,0,0.6802135317465138,0.09954664524340717,0.6535496679467966,5.739073038688875
C10368,46,Medium,Low,Intermediate,2021-04-27,Canada,1604,46130,2025-09-16 18:10:22.442976,112,2347116.3,20956.4,15238.02,11907,106.31,58591.0,8,0.62,0.0698254364089775,20956.395535714284,2,0.7271296596743715,1.194559742920886,-0.10339719323894192,6.094338651657106
C10369,50,High,Medium,Intermediate,2024-09-15,Canada,367,40241,2025-09-16 18:10:22.442976,105,2062500.25,19642.86,17100.95,9480,90.29,41726.0,2,0.5,0.2861035422343324,19642.85952380952,1,0.8705936915500085,0.49773322621703586,-0.8875729600730065,4.860044848195118
C10370,37,Low,Medium,Intermediate,2021-06-25,Japan,1545,22709,2025-09-16 18:10:22.443974,95,2054076.41,21621.86,16245.43,9666,101.75,47083.0,7,0.86,0.0614886731391585,21621.856947368426,2,0.7513428539450352,-0.49773322621703586,0.2938785698115899,4.921627878525459
C10371,52,Low,Medium,Beginner,2024-08-23,Germany,390,43513,2025-09-16 18:10:22.444618,111,2386439.21,21499.45,16826.59,11055,99.59,75764.0,7,0.43,0.2846153846153846,21499.45234234234,1,0.7826521143564138,1.095013097677479,0.22080050928952155,6.352885597350357
C10372,48,Low,Medium,Advanced,2021-08-03,USA,1506,19831,2025-09-16 18:10:22.445660,103,2332259.33,22643.29,18822.16,10375,100.73,45720.0,7,0.57,0.0683930942895086,22643.29446601942,0,0.8312466960410788,0.2986399357302215,0.9036663596903285,6.2929834748244176
C10373,57,Low,Low,Advanced,2024-09-05,Germany,377,26079,2025-09-16 18:10:22.445660,92,1849305.86,20101.15,16003.73,8668,94.22,32814.0,4,0.25,0.2440318302387268,20101.150652173917,1,0.7961599211985383,-0.7963731619472574,-0.613976486282803,3.849619760526044
C10374,54,Low,Medium,Intermediate,2024-05-28,Germany,477,7817,2025-09-16 18:10:22.446657,97,2285408.45,23560.91,17243.98,10434,107.57,8171.0,2,0.5,0.2033542976939203,23560.911855670103,0,0.7318893879735545,-0.2986399357302215,1.4514801812429823,6.155647777448254
C10375,61,Medium,Low,Beginner,2020-01-21,Germany,2066,44903,2025-09-16 18:10:22.446657,94,1863700.1,19826.6,15044.55,9028,96.04,138278.0,20,0.55,0.0454985479186834,19826.59680851064,1,0.7588063510637225,-0.597279871460443,-0.7778812450143944,3.847621841249442
C10376,67,High,Medium,Beginner,2025-07-20,Australia,59,46487,2025-09-16 18:10:22.447655,102,2209404.61,21660.83,16320.38,10096,98.98,46487.0,1,1.0,1.728813559322034,21660.82950980392,1,0.7534512758744701,0.19909329048681434,0.31714343394479055,5.588081148410125
C10377,27,Medium,High,Beginner,2022-04-22,Australia,1244,38105,2025-09-16 18:10:22.447655,105,2487036.79,23686.06,17183.81,11385,108.43,38105.0,1,1.0,0.0844051446945337,23686.064666666665,2,0.725481992361752,0.49773322621703586,1.5261940058842451,6.953582834480245
C10378,32,High,Medium,Beginner,2020-08-06,Canada,1868,8736,2025-09-16 18:10:22.448652,94,2253901.22,23977.67,18723.42,10065,107.07,77751.0,15,0.73,0.0503211991434689,23977.672553191493,0,0.7808690335633112,-0.597279871460443,1.7002834857375264,6.154856942441403
C10379,61,Medium,High,Beginner,2025-06-20,Australia,89,45386,2025-09-16 18:10:22.448652,88,1674560.63,19029.1,15015.27,8352,94.91,51774.0,3,0.33,0.9887640449438202,19029.09806818182,1,0.7890688471866774,-1.194559742920886,-1.2539841227723356,2.8850199395383855
C10380,26,Medium,Medium,Beginner,2025-07-22,Canada,57,42309,2025-09-16 18:10:22.449649,97,1952951.24,20133.52,14850.82,9531,98.26,42309.0,1,1.0,1.7017543859649122,20133.51793814433,2,0.7376166711037115,-0.2986399357302215,-0.5946517838965659,4.272741735374984
C10381,27,Low,Medium,Intermediate,2023-11-01,Germany,686,45885,2025-09-16 18:10:22.449649,100,2164881.07,21648.81,17605.35,9714,97.14,58457.0,6,0.17,0.1457725947521866,21648.8107,2,0.813224837762445,0.0,0.30996756361168626,5.45289353058205
C10382,51,Low,High,Beginner,2023-10-11,USA,707,28607,2025-09-16 18:10:22.450646,86,1728195.11,20095.29,15969.8,7912,92.0,54717.0,7,0.71,0.1216407355021216,20095.29197674419,1,0.7947036345332662,-1.3936530334077004,-0.6174748723187425,3.293871642544612
C10383,67,Medium,Medium,Advanced,2023-11-25,Germany,662,20020,2025-09-16 18:10:22.451644,105,2134238.99,20326.09,14531.99,10602,100.97,32777.0,5,0.4,0.1586102719033232,20326.085619047622,0,0.7149427164791654,0.49773322621703586,-0.47968861001588053,5.092808353377085
C10384,41,Low,High,Advanced,2022-06-28,UK,1177,41751,2025-09-16 18:10:22.451644,96,1908377.75,19878.93,17023.05,9224,96.08,61904.0,5,0.8,0.0815632965165675,19878.93489583333,1,0.8563363319856753,-0.3981865809736287,-0.7466405383146152,4.150178030618115
C10385,21,Medium,High,Advanced,2020-01-25,Australia,2062,38846,2025-09-16 18:10:22.452641,108,2265113.14,20973.27,16052.28,10693,99.01,48562.0,5,0.6,0.052376333656644,20973.269814814816,2,0.765368490464291,0.7963731619472574,-0.09332590101602532,5.7714691236256375
C10386,36,Medium,Low,Beginner,2025-01-28,Canada,232,38443,2025-09-16 18:10:22.452641,88,1837572.01,20881.5,14462.52,9158,104.07,38776.0,2,0.5,0.3793103448275862,20881.500113636364,1,0.6925996695639681,-1.194559742920886,-0.14811205912492373,3.8165071144797738
C10387,35,Low,Medium,Intermediate,2022-12-10,USA,1012,42208,2025-09-16 18:10:22.453645,95,1895702.07,19954.76,17537.74,8512,89.6,47824.0,2,1.0,0.0938735177865612,19954.75863157895,2,0.8788750152845739,-0.49773322621703586,-0.7013704678188362,4.120889983938754
C10388,48,High,Very High,Beginner,2023-08-15,Japan,764,21494,2025-09-16 18:10:22.453645,104,2080758.53,20007.29,14098.73,10354,99.56,21494.0,1,1.0,0.1361256544502617,20007.29355769231,0,0.7046796442696637,0.3981865809736287,-0.6700103622782395,4.815844002762736
C10389,44,Medium,Low,Intermediate,2024-03-21,UK,545,24174,2025-09-16 18:10:22.454642,99,2251060.95,22737.99,15506.5,10718,108.26,26738.0,2,0.5,0.181651376146789,22737.989393939395,0,0.681964412861471,-0.09954664524340717,0.9602017108171966,5.839945072156534
C10390,48,High,Very High,Advanced,2021-11-06,Canada,1411,8343,2025-09-16 18:10:22.454642,117,2250131.09,19231.89,14051.84,11281,96.42,58800.6,15,0.33,0.0829199149539333,19231.889658119657,0,0.7306530975374755,1.692292969137922,-1.1329196681258988,5.606849627661467
C10391,46,Low,Very High,Intermediate,2022-07-09,UK,1166,5072,2025-09-16 18:10:22.455640,108,2148826.5,19896.54,15825.1,9938,92.02,6438.0,2,1.0,0.0926243567753001,19896.541666666668,0,0.7953694461449076,0.7963731619472574,-0.7361274703806746,5.205970530005687
C10392,46,High,Very High,Intermediate,2020-02-17,Canada,2039,34961,2025-09-16 18:10:22.455640,115,1953749.06,16989.12,15118.27,9587,83.37,63026.0,7,0.86,0.0564001961745953,16989.122260869564,1,0.8898795228946527,1.4931996786511077,-2.4718403592220466,4.334490549463165
C10393,36,High,Very High,Beginner,2024-01-24,Japan,602,48794,2025-09-16 18:10:22.456638,105,2456584.37,23396.04,16363.44,11167,106.35,51712.0,2,1.0,0.1744186046511628,23396.04161904762,2,0.6994106694979151,0.49773322621703586,1.3530537468154573,6.769748375277516
C10394,35,Low,High,Beginner,2023-02-11,UK,949,6835,2025-09-16 18:10:22.456638,98,1996590.08,20373.37,15307.44,9231,94.19,48330.0,9,0.67,0.1032665964172813,20373.368163265302,0,0.7513455064135193,-0.19909329048681434,-0.45146272404673327,4.509409802724684
C10395,57,High,Low,Beginner,2023-12-27,Germany,630,19772,2025-09-16 18:10:22.457635,119,1842638.81,15484.36,10603.35,10366,87.11,20070.0,2,0.5,0.1888888888888888,15484.35974789916,1,0.6847780599262739,1.8913862596247364,-3.3701733577612805,3.6836806845744627
C10396,65,High,Very High,Intermediate,2025-02-11,UK,218,6853,2025-09-16 18:10:22.457635,95,1982981.88,20873.49,15000.58,9492,99.92,6853.0,1,1.0,0.4357798165137614,20873.493473684208,0,0.7186426419348177,-0.49773322621703586,-0.15289398269964516,4.479165570294556
C10397,35,High,High,Advanced,2024-06-27,Australia,447,19502,2025-09-16 18:10:22.458632,116,2868809.09,24731.11,17982.02,13205,113.84,27662.0,4,0.5,0.2595078299776286,24731.112844827585,0,0.7271012097718218,1.5927463238945148,2.150082798863475,8.541297084725542
C10398,19,Medium,Low,Intermediate,2025-04-07,USA,163,12529,2025-09-16 18:10:22.458632,103,2174750.83,21114.09,15299.61,10558,102.5,14876.0,2,0.5,0.6319018404907976,21114.08572815534,2,0.724616121272572,0.2986399357302215,-0.009257177196748663,5.352128646376172
C10399,18,Low,Very High,Beginner,2025-07-27,Germany,52,9759,2025-09-16 18:10:22.459630,82,1736879.54,21181.46,16674.92,8419,102.67,9759.0,1,1.0,1.5769230769230769,21181.45780487805,2,0.7872412949815546,-1.791839614381329,0.03096232233247016,3.5179191132874976
C10400,64,Medium,Medium,Beginner,2023-07-07,Germany,803,43526,2025-09-16 18:10:22.460625,88,1845732.1,20974.23,14606.17,8780,99.77,52657.0,6,0.33,0.1095890410958904,20974.22840909091,1,0.6963864704449222,-1.194559742920886,-0.09275278658010407,3.8710877082219053
C10401,67,Low,Low,Intermediate,2024-10-15,USA,337,12245,2025-09-16 18:10:22.461622,97,2105154.88,21702.63,15096.93,9785,100.88,25821.0,3,0.67,0.2878338278931751,21702.62762886598,0,0.6956267512278466,-0.2986399357302215,0.34209779167555115,5.098434979841925
C10402,27,High,Low,Advanced,2020-07-22,Japan,1883,30663,2025-09-16 18:10:22.462619,113,2212204.58,19577.03,14774.09,11315,100.13,62932.0,8,0.62,0.0600106213489113,19577.03168141593,2,0.7546645226574205,1.2941063881642934,-0.9268730885279357,5.451698879935621
C10403,23,Medium,Medium,Advanced,2022-10-24,Canada,1059,9803,2025-09-16 18:10:22.462619,100,2365382.48,23653.82,19718.37,10186,101.86,59200.0,13,0.38,0.0944287063267233,23653.8248,0,0.8336230680710346,0.0,1.5069469127445376,6.576301852482906
C10404,59,Medium,Low,Advanced,2022-09-21,Germany,1092,32039,2025-09-16 18:10:22.463616,102,2173850.41,21312.26,17780.39,9967,97.72,32039.0,1,1.0,0.0934065934065934,21312.258921568628,1,0.8342798933571569,0.19909329048681434,0.10904916422681293,5.470639119554241
C10405,20,Medium,Very High,Beginner,2025-01-15,Canada,245,41973,2025-09-16 18:10:22.463616,82,1725964.74,21048.35,14556.14,8746,106.66,44921.0,2,0.5,0.3346938775510204,21048.35048780488,2,0.6915572954649652,-1.791839614381329,-0.048503576173310185,3.3562890189426553
C10406,26,High,Very High,Advanced,2020-02-01,Germany,2055,6711,2025-09-16 18:10:22.464613,114,2347103.09,20588.62,13584.98,11638,102.09,57197.0,12,0.58,0.0554744525547445,20588.623596491227,2,0.6598295563277189,1.3936530334077004,-0.32295972161739556,6.013344217374774
C10407,61,Low,Low,Advanced,2021-04-27,Australia,1604,28588,2025-09-16 18:10:22.464613,105,2359427.62,22470.74,15972.1,11178,106.46,78260.0,15,0.53,0.0654613466334164,22470.73923809524,0,0.7107954611196605,0.49773322621703586,0.8006550097754289,6.270495243947319
C10408,24,Medium,Very High,Intermediate,2021-06-04,Canada,1566,14301,2025-09-16 18:10:22.465611,77,1497089.63,19442.72,13145.46,7721,100.27,14301.0,1,1.0,0.0491698595146871,19442.722467532465,2,0.6761121900639416,-2.289572840598365,-1.0070553800786166,1.998161590147869
C10409,55,Low,High,Beginner,2021-02-08,Japan,1682,6531,2025-09-16 18:10:22.465611,96,2247725.32,23413.81,15939.06,11169,116.34,13037.0,4,0.25,0.0570749108204518,23413.805416666662,0,0.6807546486453934,-0.3981865809736287,1.3636623338220515,5.935558278091555
C10410,34,Low,Very High,Intermediate,2024-11-06,Australia,315,49386,2025-09-16 18:10:22.466609,101,2264484.89,22420.64,15965.2,11051,109.42,64362.0,5,0.4,0.3206349206349206,22420.642475247525,2,0.7120760156712744,0.09954664524340717,0.7707456001507594,5.876625650102336
C10411,38,Low,High,Advanced,2022-07-12,Australia,1163,44349,2025-09-16 18:10:22.466609,104,1976540.08,19005.19,14713.83,9707,93.34,49009.0,2,1.0,0.0894239036973344,19005.19307692308,1,0.7742006262499875,0.3981865809736287,-1.2682582541920124,4.327929471837424
C10412,27,Medium,Very High,Intermediate,2022-09-16,Japan,1097,12355,2025-09-16 18:10:22.466609,104,2464216.3,23694.39,19541.84,10696,102.85,23728.0,5,0.6,0.0948040109389243,23694.3875,0,0.8247454355229233,0.3981865809736287,1.5311669676042736,6.957910592025466
C10413,21,High,Very High,Intermediate,2025-07-03,UK,76,44709,2025-09-16 18:10:22.468118,102,2231686.75,21879.28,16043.33,10301,100.99,47745.0,2,0.5,1.3421052631578947,21879.281862745094,2,0.7332659027170912,0.19909329048681434,0.44755681782719914,5.689800669655039
C10414,26,High,Medium,Advanced,2020-11-14,UK,1768,26679,2025-09-16 18:10:22.468118,109,2090093.28,19175.17,13575.48,11067,101.53,38409.0,3,0.67,0.0616515837104072,19175.16770642202,2,0.707971819806552,0.8959198071906646,-1.1667811793816116,4.819770176435866
C10415,43,High,Low,Intermediate,2024-01-11,USA,615,5154,2025-09-16 18:10:22.469120,115,2341956.65,20364.84,15952.43,10965,95.35,35685.0,9,0.56,0.1869918699186991,20364.840434782607,0,0.7833319584146009,1.4931996786511077,-0.45655508460757926,6.095892980477899
C10416,62,Medium,High,Beginner,2024-01-18,USA,608,29098,2025-09-16 18:10:22.469120,90,1993108.43,22145.65,15734.04,9386,104.29,29098.0,1,1.0,0.1480263157894736,22145.649222222222,1,0.7104799362403,-0.9954664524340717,0.6065781639693735,4.713168261575727
C10417,32,Medium,Low,Advanced,2020-08-21,Canada,1853,40101,2025-09-16 18:10:22.470117,104,2330141.18,22405.2,14883.2,10536,101.31,80490.0,17,0.59,0.0561252023745277,22405.203653846154,2,0.6642743648795816,0.3981865809736287,0.7615280096396848,6.099595666510727
C10418,37,Low,Very High,Advanced,2020-07-29,Canada,1876,38240,2025-09-16 18:10:22.471115,114,2309721.39,20260.71,16526.72,10689,93.76,57666.0,6,0.33,0.0607675906183368,20260.713947368426,2,0.8157029047846794,1.3936530334077004,-0.518720091078971,5.9765360716612825
C10419,34,Medium,Very High,Advanced,2021-10-09,Germany,1439,16024,2025-09-16 18:10:22.471115,105,2147391.41,20451.35,15972.68,10456,99.58,86819.0,16,0.62,0.0729673384294649,20451.34676190476,2,0.7810085886750753,0.49773322621703586,-0.4049091160121702,5.222781879390621
C10420,29,Medium,Medium,Intermediate,2021-08-27,USA,1482,9578,2025-09-16 18:10:22.472112,99,1982161.33,20021.83,15215.14,9532,96.28,22385.0,5,0.4,0.0668016194331983,20021.831616161617,2,0.759927539091082,-0.09954664524340717,-0.6613300665508403,4.41552433581456
C10421,61,High,Low,Beginner,2020-07-20,USA,1885,6760,2025-09-16 18:10:22.472112,91,1677529.08,18434.39,15166.02,8867,97.44,44438.0,11,0.64,0.0482758620689655,18434.38549450549,1,0.8227025684061149,-0.8959198071906646,-1.6090225458838399,2.8640123834734235
C10422,37,Low,Low,Beginner,2024-11-08,Australia,313,17776,2025-09-16 18:10:22.473110,91,2266854.82,24910.49,18295.96,10127,111.29,17776.0,1,1.0,0.2907348242811501,24910.492527472525,0,0.734468089547817,-0.8959198071906646,2.257171619192278,6.350351727138989
C10423,67,Low,High,Beginner,2020-05-02,USA,1964,11585,2025-09-16 18:10:22.473110,106,2473934.39,23339.0,18911.94,11205,105.71,19135.0,2,1.0,0.0539714867617108,23339.003679245285,0,0.810314923518574,0.597279871460443,1.3190011974144373,6.932530553586277
C10424,65,High,High,Intermediate,2024-05-27,Canada,478,8904,2025-09-16 18:10:22.474107,111,2412530.8,21734.51,16475.82,11771,106.05,22468.0,4,0.75,0.2322175732217573,21734.51171171171,0,0.7580488356995396,1.095013097677479,0.36112996690178556,6.459678883752037
C10425,44,High,High,Beginner,2023-02-01,Germany,959,17060,2025-09-16 18:10:22.474107,87,1604000.48,18436.79,14688.5,7874,90.51,43205.0,5,0.8,0.0907194994786235,18436.787126436782,1,0.7966950862921365,-1.2941063881642934,-1.6075897597940347,2.473884008532697
C10426,57,High,High,Intermediate,2021-12-12,Japan,1375,7529,2025-09-16 18:10:22.475713,103,2551752.04,24774.29,19420.8,10981,106.61,21941.0,8,0.5,0.0749090909090909,24774.29165048544,0,0.7839094480608727,0.2986399357302215,2.175861008595874,7.423294251512721
C10427,65,High,High,Beginner,2020-05-04,USA,1962,7484,2025-09-16 18:10:22.476253,102,2013086.92,19736.15,15949.02,9624,94.35,67318.0,18,0.56,0.0519877675840978,19736.146274509803,0,0.8081120177947573,0.19909329048681434,-0.8318793707738983,4.578192787327941
C10428,67,Low,High,Intermediate,2024-11-16,Canada,305,36916,2025-09-16 18:10:22.477352,104,2130439.1,20484.99,15387.41,10271,98.76,36916.0,1,1.0,0.340983606557377,20484.991346153845,1,0.751155358142718,0.3981865809736287,-0.3848262309867425,5.121903056576721
C10429,51,Low,High,Beginner,2023-09-16,Germany,732,24584,2025-09-16 18:10:22.477903,98,2197098.09,22419.37,16571.49,10380,105.92,24584.0,1,1.0,0.133879781420765,22419.36826530612,0,0.7391594857482615,-0.19909329048681434,0.769987417511571,5.6253309431572855
C10430,52,Low,Low,Intermediate,2024-04-02,USA,533,13985,2025-09-16 18:10:22.478493,77,1709945.4,22207.08,15796.72,7561,98.19,18618.0,2,0.5,0.1444652908067542,22207.08311688312,0,0.7113371051034174,-2.289572840598365,0.6432515179263271,3.5535873656673567
C10431,52,High,High,Beginner,2025-01-06,Germany,254,38084,2025-09-16 18:10:22.479048,87,1908412.66,21935.78,17318.33,8869,101.94,60976.0,5,1.0,0.3425196850393701,21935.777701149425,1,0.7895014446716735,-1.2941063881642934,0.48128699035801253,4.394882199379795
C10432,39,Medium,Low,Beginner,2024-09-06,Canada,376,45166,2025-09-16 18:10:22.479600,80,1642107.97,20526.35,16698.29,7364,92.05,45166.0,1,1.0,0.2127659574468085,20526.349625,1,0.8135050800556359,-1.9909329048681434,-0.36013455070578076,2.997522157412954
C10433,44,High,Medium,Advanced,2025-01-03,Japan,257,36669,2025-09-16 18:10:22.480148,88,2063803.22,23452.31,19084.26,9175,104.26,36669.0,1,1.0,0.3424124513618677,23452.30931818182,0,0.8137475583428667,-1.194559742920886,1.3866466106793314,5.34459440606276
C10434,59,Medium,Low,Advanced,2020-04-11,UK,1985,24790,2025-09-16 18:10:22.480697,117,2132356.13,18225.27,14660.15,10867,92.88,33659.0,4,0.25,0.0589420654911838,18225.266068376062,1,0.8043858883846439,1.692292969137922,-1.733865973842135,5.120331672981982
C10435,69,High,Low,Intermediate,2022-05-22,Germany,1214,49411,2025-09-16 18:10:22.481245,118,2389674.95,20251.48,13327.71,12213,103.5,78442.0,7,0.86,0.0971993410214168,20251.482627118647,1,0.6581104195841488,1.791839614381329,-0.5242303475826771,6.193473812128633
C10436,19,Low,High,Intermediate,2023-04-13,Germany,888,18038,2025-09-16 18:10:22.481794,103,1993349.2,19352.9,16725.25,9871,95.83,18038.0,1,1.0,0.1159909909909909,19352.90485436893,2,0.8642244831523958,0.2986399357302215,-1.0606773994895484,4.510699455224296
C10437,54,Low,Very High,Beginner,2022-04-25,Canada,1241,44502,2025-09-16 18:10:22.481794,88,1773768.02,20156.45,16172.79,8539,97.03,70354.0,9,0.56,0.0709105560032232,20156.454772727277,1,0.8023630153127163,-1.194559742920886,-0.5809627067968922,3.518358890123963
C10438,56,High,Low,Intermediate,2023-04-26,Australia,875,22751,2025-09-16 18:10:22.482830,107,2219435.85,20742.39,15711.18,11037,103.15,37420.0,6,0.17,0.1222857142857142,20742.39112149533,0,0.7574430911770534,0.6968265167038502,-0.23115992285521522,5.545098208778431
C10439,41,Medium,Low,Advanced,2023-04-24,Japan,877,9743,2025-09-16 18:10:22.482830,111,2560614.97,23068.6,16739.11,11583,104.35,16157.0,2,1.0,0.1265678449258837,23068.603333333336,0,0.725623141413003,1.095013097677479,1.1575739646298004,7.164722688291741
C10440,27,Medium,Very High,Beginner,2025-12-26,UK,-100,30057,2025-09-16 18:10:22.483829,89,1629023.91,18303.64,15542.58,8168,91.78,30057.0,1,1.0,89.0,18303.639438202244,3,0.8491524090290238,-1.095013097677479,-1.6870795380679788,2.6326634842845467
C10441,70,High,High,Advanced,2023-03-07,Germany,925,10278,2025-09-16 18:10:22.483829,123,2371363.27,19279.38,13834.97,11937,97.05,32472.0,7,0.86,0.1329729729729729,19279.37617886179,0,0.7176045080287851,2.289572840598365,-1.104568413373892,6.172146977642145
C10442,31,Medium,Medium,Beginner,2021-06-12,Canada,1558,19482,2025-09-16 18:10:22.484826,97,2381209.4,24548.55,16491.07,10757,110.9,38890.0,5,0.8,0.0622593068035943,24548.55051546392,0,0.671773689281037,-0.2986399357302215,2.0410955369656816,6.6442754071966865
C10443,35,Low,Low,Beginner,2022-06-05,Australia,1200,10891,2025-09-16 18:10:22.484826,75,1394932.24,18599.1,17917.79,6583,87.77,40720.0,13,0.38,0.0625,18599.096533333333,1,0.9633686576232184,-2.4886661310851794,-1.5106916305289684,1.6147588430949784
C10444,21,High,Medium,Advanced,2022-11-01,USA,1051,16520,2025-09-16 18:10:22.485823,102,2289535.56,22446.43,16840.07,10566,103.59,30670.0,6,0.5,0.0970504281636536,22446.42705882353,2,0.7502337788236259,0.19909329048681434,0.7861420806741171,6.017908696222726
C10445,41,Low,Low,Intermediate,2020-06-24,UK,1911,47111,2025-09-16 18:10:22.485823,103,2068597.84,20083.47,16537.65,9826,95.4,75503.0,11,0.45,0.053898482469911,20083.47417475728,2,0.8234458487502408,0.2986399357302215,-0.6245313438110294,4.875548503515574
C10446,56,Medium,Very High,Advanced,2022-06-12,Canada,1193,17333,2025-09-16 18:10:22.486820,89,2207789.45,24806.62,16981.73,10591,119.0,46745.0,11,0.55,0.074601844090528,24806.623033707867,0,0.6845644428785542,-1.095013097677479,2.195161831213947,6.063351581018808
C10447,69,Medium,Very High,Advanced,2020-09-02,Australia,1841,10191,2025-09-16 18:10:22.487822,97,2117737.84,21832.35,16087.06,10009,103.19,55979.0,14,0.43,0.0526887561108093,21832.34886597938,0,0.7368450945500599,-0.2986399357302215,0.4195398798294809,5.207936024096254
C10448,32,High,Low,Intermediate,2024-12-25,Japan,266,11887,2025-09-16 18:10:22.487822,101,2023055.03,20030.25,15515.02,10258,101.56,11887.0,1,1.0,0.3796992481203007,20030.247821782177,0,0.7745794485840167,0.09954664524340717,-0.656303375352444,4.617409245885174
C10449,19,Low,High,Beginner,2023-08-04,Germany,775,30888,2025-09-16 18:10:22.488854,106,2287086.78,21576.29,18229.33,11416,107.7,50060.0,6,0.5,0.1367741935483871,21576.290377358488,2,0.8448778728873222,0.597279871460443,0.26667354393142784,5.993327008484416
C10450,70,Medium,Very High,Beginner,2023-05-26,Japan,845,43828,2025-09-16 18:10:22.488854,92,1946136.29,21153.66,19618.74,8773,95.36,63561.0,8,0.5,0.1088757396449704,21153.65532608696,1,0.9274395069222064,-0.7963731619472574,0.014365883458902239,4.5506065707644465
C10451,26,Low,Very High,Advanced,2025-01-31,Australia,229,36200,2025-09-16 18:10:22.489775,87,1898224.61,21818.67,15359.4,9369,107.69,36200.0,1,1.0,0.3799126637554585,21818.67367816092,2,0.7039567489677419,-1.2941063881642934,0.4113729991175953,4.251423353435554
C10452,25,High,Very High,Beginner,2023-09-22,Canada,726,30516,2025-09-16 18:10:22.490818,87,1781583.38,20477.97,12904.36,9315,107.07,54641.0,7,0.43,0.1198347107438016,20477.96988505747,2,0.6301581650915593,-1.2941063881642934,-0.3890171302994208,3.444713182318409
C10453,39,High,High,Beginner,2025-06-10,Japan,99,46807,2025-09-16 18:10:22.491814,105,2092720.7,19930.67,15491.37,10077,95.97,46807.0,1,1.0,1.0606060606060606,19930.67333333333,1,0.7772628817796894,0.49773322621703586,-0.7157520581952486,4.93247629768897
C10454,65,Medium,Very High,Beginner,2020-09-10,Australia,1833,45176,2025-09-16 18:10:22.491814,106,2100200.89,19813.22,17874.97,10117,95.44,45176.0,1,1.0,0.0578286961265684,19813.215943396222,1,0.9021739020714452,0.597279871460443,-0.7858690274650527,5.074903450546533
C10455,49,High,High,Beginner,2024-08-04,Japan,409,33997,2025-09-16 18:10:22.492804,96,2162719.49,22528.33,14142.25,11071,115.32,44577.0,3,0.67,0.2347188264058679,22528.32802083333,0,0.627754032367246,-0.3981865809736287,0.8350359059886953,5.398826969225775
C10456,22,High,High,Beginner,2021-09-02,Germany,1476,41482,2025-09-16 18:10:22.492804,94,1896870.62,20179.47,12657.08,10131,107.78,45881.0,3,0.67,0.0636856368563685,20179.474680851064,2,0.6272255911577459,-0.597279871460443,-0.5672199002188508,3.9205982034447175
C10457,18,High,Very High,Beginner,2025-08-29,Germany,19,28057,2025-09-16 18:10:22.493802,103,1920565.1,18646.26,15210.6,9754,94.7,32529.0,2,0.5,5.421052631578948,18646.26310679612,2,0.8157453559051521,0.2986399357302215,-1.4825373838643108,4.076665774109476
C10458,49,High,Low,Beginner,2024-06-26,UK,448,22020,2025-09-16 18:10:22.494410,114,2532769.65,22217.28,14431.65,12538,109.98,32282.0,5,0.4,0.2544642857142857,22217.277631578945,0,0.6495687140820119,1.3936530334077004,0.6493408588079943,6.901124201269545
C10459,26,Medium,Medium,Beginner,2025-04-03,Canada,167,20187,2025-09-16 18:10:22.494713,73,1514476.69,20746.26,17228.75,7041,96.45,20187.0,1,1.0,0.437125748502994,20746.25602739726,2,0.8304508860874201,-2.6877594215719935,-0.22884955528540613,2.491272492329034
C10460,60,High,Low,Advanced,2023-03-08,Canada,924,33687,2025-09-16 18:10:22.495749,97,2150101.86,22166.0,15683.13,10112,104.25,39701.0,2,1.0,0.1049783549783549,22165.99855670103,1,0.7075309031850582,-0.2986399357302215,0.6187269960225062,5.364696474296923
C10461,35,High,Low,Advanced,2020-02-23,Japan,2033,16448,2025-09-16 18:10:22.495749,83,1501701.11,18092.78,14990.03,7363,88.71,46265.0,9,0.56,0.0408263649778652,18092.784457831327,1,0.8285089411356354,-1.692292969137922,-1.812961735941383,1.9462722244911768
C10462,51,Medium,Medium,Intermediate,2023-11-04,USA,683,46303,2025-09-16 18:10:22.496746,102,2318514.48,22730.53,16900.51,10576,103.69,53930.0,3,1.0,0.1493411420204978,22730.534117647057,1,0.7435158793041781,0.19909329048681434,0.9557481340547195,6.16822352925148
C10463,61,Low,Very High,Beginner,2024-10-25,Canada,327,49063,2025-09-16 18:10:22.497744,93,1957519.61,21048.6,14835.95,9376,100.82,61391.0,4,0.5,0.2844036697247706,21048.597956989248,1,0.7048426023583517,-0.6968265167038502,-0.04835432762228889,4.379175704994442
C10464,70,Medium,Low,Intermediate,2024-09-21,Japan,361,5142,2025-09-16 18:10:22.498742,112,2371016.62,21169.79,17648.78,10745,95.94,9870.0,3,0.33,0.3102493074792243,21169.79125,0,0.8336776132403769,1.194559742920886,0.023995399970797006,6.3102213502677476
C10465,67,Low,Low,Advanced,2022-02-13,Germany,1312,43543,2025-09-16 18:10:22.498742,105,2095939.17,19961.33,15697.54,10391,98.96,73740.0,13,0.23,0.080030487804878,19961.32542857143,1,0.7863974995654097,0.49773322621703586,-0.6974482158979944,4.9577967856936045
C10466,22,Low,Low,Beginner,2024-06-11,Australia,463,41256,2025-09-16 18:10:22.499738,93,2150611.94,23124.86,18566.54,9618,103.42,50690.0,2,1.0,0.2008639308855291,23124.859569892476,2,0.8028822660980435,-0.6968265167038502,1.1911608585516344,5.613484825490354
C10467,20,Low,Medium,Intermediate,2020-08-12,Germany,1862,15081,2025-09-16 18:10:22.500735,92,2056153.63,22349.5,15861.45,9604,104.39,15081.0,1,1.0,0.0494092373791621,22349.495978260868,2,0.7097004407257433,-0.7963731619472574,0.7282754324721391,5.008477702031442
C10468,18,High,Low,Beginner,2023-12-22,Japan,635,16432,2025-09-16 18:10:22.500735,85,1887862.86,22210.15,18056.72,8430,99.18,19108.0,3,0.67,0.1338582677165354,22210.151294117648,2,0.812994059022564,-1.4931996786511077,0.6450842901328684,4.383989924497719
C10469,61,Low,Very High,Intermediate,2024-04-29,Australia,506,10111,2025-09-16 18:10:22.501732,122,2623253.17,21502.08,16614.77,12708,104.16,10111.0,1,1.0,0.2411067193675889,21502.075163934427,0,0.7727052452599934,2.190026195354958,0.2223706040462662,7.355644568053217
C10470,62,Low,High,Advanced,2021-12-23,USA,1364,13950,2025-09-16 18:10:22.501732,101,2070929.55,20504.25,15193.68,9849,97.51,27378.0,4,0.75,0.0740469208211143,20504.25297029703,0,0.7410014996890889,0.09954664524340717,-0.3733281226160627,4.847555595979511
C10471,26,Low,High,Intermediate,2023-05-13,Germany,858,24802,2025-09-16 18:10:22.502730,98,2074073.43,21164.01,15008.71,10569,107.85,64744.0,10,0.6,0.1142191142191142,21164.01459183673,2,0.7091619215829137,-0.19909329048681434,0.020544773471183116,4.906055649189559
C10472,39,High,High,Advanced,2020-11-21,Japan,1761,12312,2025-09-16 18:10:22.502730,99,2077705.46,20986.92,15346.44,10142,102.44,76038.0,17,0.41,0.0562180579216354,20986.92383838384,0,0.7312383141499563,-0.09954664524340717,-0.08517693013026374,4.9207295609498845
C10473,30,High,Medium,Intermediate,2021-02-14,USA,1676,45767,2025-09-16 18:10:22.503727,95,2084670.44,21943.9,18312.96,9469,99.67,74607.0,8,0.75,0.0566825775656324,21943.89936842105,2,0.8345353378387614,-0.49773322621703586,0.4861345832951859,5.175814533047837
C10474,31,High,Low,Advanced,2020-04-11,UK,1985,40774,2025-09-16 18:10:22.503727,80,1790314.73,22378.93,17153.2,7845,98.06,69488.0,10,0.6,0.0403022670025188,22378.934125,2,0.7664888357039412,-1.9909329048681434,0.7458449718983665,3.974744162702433
C10475,70,Medium,Low,Advanced,2025-02-05,Japan,224,30809,2025-09-16 18:10:22.504724,97,1941998.33,20020.6,14257.19,9669,99.68,39088.0,3,0.67,0.4330357142857143,20020.601340206187,1,0.7121260102094843,-0.2986399357302215,-0.662064369421867,4.187009681555502
C10476,55,High,Medium,Intermediate,2024-09-18,UK,364,12281,2025-09-16 18:10:22.504724,96,1804406.27,18795.9,16215.1,8899,92.7,14192.0,2,0.5,0.2637362637362637,18795.89864583333,1,0.8626934597438802,-0.3981865809736287,-1.3932031711650008,3.559389926505595
C10477,67,Low,Very High,Beginner,2025-10-03,Japan,-16,49527,2025-09-16 18:10:22.505722,110,2664857.83,24225.98,16682.76,11704,106.4,49527.0,1,1.0,110.0,24225.980272727276,3,0.6886309655997404,0.9954664524340717,1.8485231165539213,7.676338139374773
C10478,19,Low,Medium,Beginner,2021-01-08,Japan,1713,20851,2025-09-16 18:10:22.506719,86,1627119.19,18919.99,14807.39,7841,91.17,80944.0,19,0.42,0.0502043199065966,18919.99058139535,2,0.7826320204186153,-1.3936530334077004,-1.3191221603800691,2.6352446333546458
C10479,67,Medium,Low,Beginner,2020-07-09,Canada,1896,16882,2025-09-16 18:10:22.506719,94,2052995.87,21840.38,14805.58,9543,101.52,35470.0,6,0.5,0.0495780590717299,21840.38159574468,0,0.6778993772086382,-0.597279871460443,0.42433374328828644,4.882376198580819
C10480,68,Medium,High,Intermediate,2025-10-03,UK,-16,46890,2025-09-16 18:10:22.507716,100,2124118.21,21241.18,13730.06,10688,106.88,46890.0,1,1.0,100.0,21241.1821,3,0.6463887599464813,0.0,0.06661481620043856,5.074367141076491
C10481,29,Medium,Very High,Advanced,2023-02-14,Canada,946,8065,2025-09-16 18:10:22.507716,101,1824441.7,18063.78,13425.24,9236,91.45,21324.0,5,0.6,0.1067653276955602,18063.77920792079,2,0.7432132145099198,0.09954664524340717,-1.8302745678598535,3.5051116986102264
C10482,30,Medium,Low,Advanced,2023-11-20,Australia,667,43708,2025-09-16 18:10:22.508713,107,2105577.81,19678.3,15846.53,10186,95.2,53898.0,4,0.75,0.1604197901049475,19678.297289719627,2,0.8052794194620471,0.6968265167038502,-0.866415485480228,5.003021808287312
C10483,65,High,Very High,Intermediate,2021-07-29,Japan,1511,45182,2025-09-16 18:10:22.508713,99,1847786.83,18664.51,13711.64,9270,93.64,71370.0,11,0.55,0.0655195234943745,18664.51343434344,1,0.7346370196699512,-0.09954664524340717,-1.471642239639756,3.6444217342706287
C10484,69,Medium,Medium,Intermediate,2022-12-13,Germany,1009,38768,2025-09-16 18:10:22.509711,100,1902524.18,19025.24,14772.03,9418,94.18,41227.0,2,1.0,0.0991080277502477,19025.2418,1,0.7764438188427584,0.0,-1.2562885204001026,3.9735947064856383
C10485,46,Medium,Very High,Advanced,2023-06-18,Canada,822,39535,2025-09-16 18:10:22.511057,82,1756503.08,21420.77,16336.66,8241,100.5,73772.0,9,0.89,0.0997566909975669,21420.769268292683,1,0.7626551239754686,-1.791839614381329,0.1738290053120984,3.627069563988864
C10486,44,Medium,Very High,Advanced,2022-07-10,Australia,1165,43561,2025-09-16 18:10:22.511305,102,2326519.37,22809.01,16090.75,10221,100.21,45348.0,2,0.5,0.0875536480686695,22809.01343137255,2,0.7054558702898548,0.19909329048681434,1.0026002391913251,6.176336964324972
C10487,61,Low,Medium,Beginner,2021-05-01,USA,1600,39377,2025-09-16 18:10:22.512350,109,2244870.98,20595.15,14048.19,11368,104.29,64164.0,11,0.27,0.068125,20595.146605504586,1,0.6821115651014923,0.8959198071906646,-0.31906134946471776,5.578190490575791
C10488,34,High,Medium,Advanced,2020-04-07,USA,1989,34262,2025-09-16 18:10:22.512350,99,2250747.35,22734.82,15890.07,10714,108.22,63097.0,11,0.55,0.0497737556561085,22734.82171717172,2,0.6989309790004935,-0.09954664524340717,0.9583092391902455,5.853855598772073
C10489,29,Medium,High,Beginner,2020-05-30,UK,1936,28455,2025-09-16 18:10:22.513347,97,1895499.93,19541.24,15749.88,9470,97.63,79588.0,15,0.47,0.0501033057851239,19541.236391752576,2,0.8059816060802691,-0.2986399357302215,-0.9482395110921431,4.009535262883793
C10490,60,High,Medium,Intermediate,2021-05-30,Germany,1571,35784,2025-09-16 18:10:22.513347,87,1712405.01,19682.82,14227.56,8566,98.46,70783.0,9,0.56,0.0553787396562698,19682.81620689655,1,0.722841544047042,-1.2941063881642934,-0.8637170716777627,3.0921844413778152
C10491,23,Medium,Very High,Advanced,2022-11-04,Canada,1048,42966,2025-09-16 18:10:22.514344,101,2265588.09,22431.57,19672.26,10284,101.82,70512.0,8,0.5,0.0963740458015267,22431.56524752475,2,0.876989885237636,0.09954664524340717,0.7772707468014107,6.034831305249242
C10492,44,Medium,Very High,Intermediate,2025-01-23,Canada,237,9986,2025-09-16 18:10:22.515341,96,1903737.86,19830.6,16545.95,8698,90.6,9986.0,1,1.0,0.4050632911392405,19830.602708333336,0,0.8343645678900287,-0.3981865809736287,-0.7754932681980536,4.103276674410536
C10493,68,Medium,High,Intermediate,2020-07-01,Canada,1904,24375,2025-09-16 18:10:22.515341,117,2305192.44,19702.5,14692.52,11534,98.58,64372.0,9,0.78,0.0614495798319327,19702.499487179488,1,0.7457185636340566,1.692292969137922,-0.8519682257413659,5.880017019625124
C10494,70,Medium,High,Intermediate,2024-07-12,UK,432,9819,2025-09-16 18:10:22.516339,91,1675826.88,18415.68,15922.4,8411,92.43,11542.0,2,0.5,0.2106481481481481,18415.68,1,0.864611027124711,-0.8959198071906646,-1.6201923074422735,2.892378363574651
C10495,32,High,Very High,Beginner,2024-03-08,Japan,558,19835,2025-09-16 18:10:22.516339,94,1932230.96,20555.65,16197.52,9264,98.55,24669.0,2,1.0,0.1684587813620071,20555.648510638297,2,0.7879838389931721,-0.597279871460443,-0.3426426205260829,4.27618971889537
C10496,41,Low,Low,Advanced,2021-04-12,UK,1619,22559,2025-09-16 18:10:22.517336,98,1958308.15,19982.74,15353.71,9659,98.56,52729.0,8,0.5,0.0605311920938851,19982.7362244898,2,0.768348584828707,-0.19909329048681434,-0.6846665699885306,4.309897551519774
C10497,42,High,Very High,Beginner,2021-04-19,Japan,1612,44988,2025-09-16 18:10:22.517336,116,2295642.57,19790.02,15322.5,11009,94.91,61212.0,5,0.8,0.0719602977667493,19790.022155172413,2,0.7742538916079923,1.5927463238945148,-0.7997192929998296,5.862702901743096
C10498,32,Low,Low,Beginner,2020-09-02,USA,1841,28081,2025-09-16 18:10:22.518333,103,2451822.64,23804.1,17069.28,10854,105.38,72298.0,12,0.58,0.0559478544269418,23804.103300970877,2,0.7170731092542881,0.2986399357302215,1.5966632017344595,6.82712741902634
C10499,24,Medium,Low,Beginner,2023-06-15,USA,825,10590,2025-09-16 18:10:22.518333,99,1936084.14,19556.41,16203.83,9066,91.58,13829.0,2,0.5,0.12,19556.405454545453,2,0.828568740377196,-0.09954664524340717,-0.9391831090161717,4.222461536408668
C10500,41,Low,Very High,Advanced,2020-11-09,UK,1773,6721,2025-09-16 18:10:22.519330,85,1911772.81,22491.44,14750.27,9051,106.48,10705.0,2,0.5,0.047941342357586,22491.44482352941,0,0.6558170575116579,-1.4931996786511077,0.8130127897999906,4.393911515551775
C10501,23,Low,Low,Advanced,2021-05-06,Japan,1595,11350,2025-09-16 18:10:22.519330,100,2251164.95,22511.65,18583.82,10428,104.28,15542.0,2,1.0,0.0626959247648902,22511.649500000003,2,0.8255201195825272,0.0,0.825078042664554,5.9395888918149815
C10502,70,High,Low,Beginner,2022-07-16,UK,1159,29891,2025-09-16 18:10:22.520328,97,1936754.99,19966.55,15513.92,9492,97.86,56416.0,6,1.0,0.083692838654012,19966.546288659792,1,0.7769955250155886,-0.2986399357302215,-0.6943319061526713,4.217095116098354
C10503,26,High,Medium,Beginner,2021-05-31,USA,1570,27512,2025-09-16 18:10:22.520328,107,2211858.95,20671.58,14584.85,11196,104.64,59520.0,6,0.83,0.0681528662420382,20671.57897196262,2,0.7055508093720944,0.6968265167038502,-0.27343308244648634,5.458201388690345
C10504,36,Low,High,Advanced,2025-11-10,Australia,-54,21108,2025-09-16 18:10:22.521325,89,1908597.96,21444.92,17456.95,8905,100.06,21108.0,1,1.0,89.0,21444.920898876404,3,0.81403661100158,-1.095013097677479,0.1882464153407545,4.330827995865526
C10505,63,Low,High,Beginner,2024-10-15,Germany,337,11340,2025-09-16 18:10:22.521325,115,2361877.47,20538.06,19247.61,10445,90.83,15850.0,4,0.5,0.3412462908011869,20538.064956521743,0,0.9371678727202082,1.4931996786511077,-0.3531437485759415,6.333283340457727
C10506,40,Medium,Very High,Beginner,2024-06-19,Japan,455,15357,2025-09-16 18:10:22.522323,103,2305441.99,22382.93,17716.01,10495,101.89,24560.0,3,0.67,0.2263736263736263,22382.93194174757,0,0.7914964662803305,0.2986399357302215,0.7482329487147074,6.112866040426825
C10507,33,Low,Low,Intermediate,2020-01-14,Germany,2073,27872,2025-09-16 18:10:22.522323,80,1750100.12,21876.25,16823.5,8043,100.54,27872.0,1,1.0,0.0385914134105161,21876.2515,2,0.7690303411233643,-1.9909329048681434,0.44574792538882174,3.700156905031951
C10508,62,Low,Low,Beginner,2023-02-02,Australia,958,22980,2025-09-16 18:10:22.523320,91,2023239.32,22233.4,17511.13,9246,101.6,39849.0,7,0.57,0.0949895615866388,22233.399120879123,0,0.7876046848435238,-0.8959198071906646,0.6589644053778492,4.924544960133446
C10509,53,Medium,Low,Advanced,2022-03-15,Japan,1282,36528,2025-09-16 18:10:22.523320,100,1899356.91,18993.57,15258.72,9005,90.05,61560.0,8,0.62,0.078003120124805,18993.5691,1,0.8033624010652026,0.0,-1.2751953268434817,3.980988054067688
C10510,53,Low,Low,Intermediate,2023-05-03,Canada,868,28676,2025-09-16 18:10:22.524317,88,1603193.74,18218.11,11418.43,8366,95.07,67164.0,11,0.55,0.1013824884792626,18218.110681818183,1,0.6267626005112495,-1.194559742920886,-1.7381404523433848,2.288457746988417
C10511,32,Low,Low,Advanced,2025-01-20,Canada,240,18109,2025-09-16 18:10:22.525315,97,1950375.17,20106.96,16889.9,8937,92.13,18109.0,1,1.0,0.4041666666666667,20106.96051546392,2,0.8400026657436033,-0.2986399357302215,-0.6105079499570694,4.352592334860594
C10512,59,Medium,Very High,Intermediate,2021-07-02,Japan,1538,5010,2025-09-16 18:10:22.525315,109,2336018.53,21431.36,17213.1,11233,103.06,15947.4,6,0.5,0.0708712613784135,21431.362660550458,0,0.803173480357756,0.8959198071906646,0.1801511739333607,6.150586005339901
C10513,33,Medium,Very High,Intermediate,2021-03-15,Germany,1647,27730,2025-09-16 18:10:22.526313,103,2434402.98,23634.98,17490.64,11355,110.24,27730.0,1,1.0,0.0625379477838494,23634.980388349515,2,0.7400319357156215,0.2986399357302215,1.4956995419395724,6.755143771228579
C10514,31,High,Low,Intermediate,2024-03-17,Japan,549,12747,2025-09-16 18:10:22.526313,106,2171775.92,20488.45,14891.34,10020,94.53,19381.0,2,1.0,0.1930783242258652,20488.452075471698,0,0.7268163282239506,0.597279871460443,-0.38276063104060826,5.28507420917025
C10515,32,Low,Very High,Intermediate,2023-05-31,Canada,840,6340,2025-09-16 18:10:22.528094,98,2001270.56,20421.13,17715.07,9207,93.95,6960.0,2,0.5,0.1166666666666666,20421.128163265308,0,0.8674872546230301,-0.19909329048681434,-0.4229502808596233,4.642898151086878
C10516,62,Medium,Low,Beginner,2020-01-20,UK,2067,47817,2025-09-16 18:10:22.528094,106,2437579.91,22996.04,17060.14,11656,109.96,96342.0,13,0.62,0.0512820512820512,22996.03688679245,1,0.741872948559839,0.597279871460443,1.1142560651813802,6.680430732759863
C10517,30,Medium,High,Intermediate,2021-08-25,UK,1484,33018,2025-09-16 18:10:22.529164,103,2373529.21,23043.97,16973.07,10469,101.64,77453.0,16,0.5,0.0694070080862533,23043.97291262136,2,0.7365514709487991,0.2986399357302215,1.1428699973831837,6.426337297041725
C10518,49,Low,Medium,Advanced,2022-12-31,Australia,991,36372,2025-09-16 18:10:22.529164,96,1734857.88,18071.44,16153.75,9038,94.15,44046.0,2,1.0,0.0968718466195761,18071.43625,1,0.8938828339080893,-0.3981865809736287,-1.8257015922565611,3.189057886072306
C10519,42,Low,High,Beginner,2020-02-28,Japan,2028,10746,2025-09-16 18:10:22.530161,96,2082437.48,21692.06,17262.27,9970,103.85,26356.6,6,0.33,0.0473372781065088,21692.057083333333,0,0.795787490906811,-0.3981865809736287,0.33578756293837086,5.093178529595779
C10520,60,Low,Medium,Advanced,2023-04-01,Germany,900,27899,2025-09-16 18:10:22.531158,103,2066612.78,20064.2,17191.57,9633,93.52,51853.0,6,0.83,0.1144444444444444,20064.201747572817,1,0.8568280818572382,0.2986399357302215,-0.6360354221237513,4.895737885658624
C10521,70,Medium,Low,Intermediate,2025-10-18,Japan,-31,31484,2025-09-16 18:10:22.531158,83,1647976.78,19855.14,17386.14,7431,89.53,31484.0,1,1.0,83.0,19855.141927710843,3,0.8756493280833074,-1.692292969137922,-0.7608430304298024,2.96067961398862
C10522,37,High,Low,Intermediate,2024-12-18,USA,273,31192,2025-09-16 18:10:22.532158,101,1976589.41,19570.19,13144.63,9548,94.53,36704.0,3,0.67,0.36996336996337,19570.19217821782,1,0.6716659368151254,0.09954664524340717,-0.9309565288838786,4.268986914938882
C10523,65,High,Very High,Intermediate,2021-09-03,Japan,1475,22205,2025-09-16 18:10:22.532158,94,1721341.27,18312.14,15576.59,8192,87.15,42405.0,7,0.57,0.063728813559322,18312.14117021277,1,0.8506154933284695,-0.597279871460443,-1.6820050873332548,3.098009634277557
C10524,35,High,Very High,Beginner,2022-02-18,Australia,1307,29139,2025-09-16 18:10:22.533156,98,2320815.26,23681.79,15645.16,10656,108.73,68148.0,12,0.42,0.0749808722264728,23681.788367346937,2,0.6606409397262623,-0.19909329048681434,1.5236448406328011,6.2483559156724455
C10525,40,Low,High,Intermediate,2025-10-03,USA,-16,8512,2025-09-16 18:10:22.533156,106,2334694.79,22025.42,17339.18,10664,100.6,8512.0,1,1.0,106.0,22025.42254716981,3,0.7872349312748634,0.597279871460443,0.5348015508122088,6.187564751935196
C10526,27,Medium,Low,Intermediate,2022-04-12,Germany,1254,42548,2025-09-16 18:10:22.534151,101,1928778.13,19096.81,15133.11,9483,93.89,49794.0,2,1.0,0.080542264752791,19096.813168316832,2,0.7924417743068083,0.09954664524340717,-1.2135616452137254,4.119649222472571
C10527,36,Low,Medium,Advanced,2021-05-03,Australia,1598,45250,2025-09-16 18:10:22.534151,95,1961671.72,20649.18,14903.7,9701,102.12,91129.0,13,0.77,0.0594493116395494,20649.176,2,0.7217574741466731,-0.49773322621703586,-0.2868057526179955,4.358464835551237
C10528,40,Medium,Low,Beginner,2020-07-06,UK,1899,35655,2025-09-16 18:10:22.535151,115,2525315.8,21959.27,15142.9,11927,103.71,86994.0,17,0.35,0.0605581885202738,21959.267826086954,2,0.6895903188038582,1.4931996786511077,0.49531038421197465,6.88777831435839
C10529,45,Low,Very High,Advanced,2022-01-01,Canada,1355,13041,2025-09-16 18:10:22.535151,103,2369386.56,23003.75,16287.68,11199,108.73,23292.0,4,0.75,0.0760147601476014,23003.75300970874,0,0.7080445579525078,0.2986399357302215,1.1188588904948764,6.377873138029381
C10530,64,Medium,Low,Intermediate,2025-09-18,Germany,-1,12488,2025-09-16 18:10:22.536146,122,2634711.36,21595.99,16606.91,12416,101.77,12488.0,1,1.0,122.0,21595.99475409836,3,0.7689811858590414,2.190026195354958,0.2784343297519066,7.403944140581223
C10531,63,Medium,High,Intermediate,2020-02-23,Australia,2033,38241,2025-09-16 18:10:22.537142,118,2572283.77,21799.02,17622.53,12152,102.98,98009.0,18,0.56,0.058042302016724,21799.015,0,0.8084092771142922,1.791839614381329,0.3996420630073225,7.184729904019729
C10532,69,Medium,Very High,Advanced,2025-11-19,Germany,-63,44679,2025-09-16 18:10:22.537142,109,2029293.51,18617.37,11517.26,10080,92.48,44679.0,1,1.0,109.0,18617.371651376143,3,0.6186298064656823,0.8959198071906646,-1.4997845464203317,4.4300255950936425
C10533,69,Medium,Medium,Beginner,2024-06-01,Germany,473,40172,2025-09-16 18:10:22.538139,117,2704269.24,23113.41,17683.2,12697,108.52,40172.0,1,1.0,0.2473572938689217,23113.41230769231,0,0.7650623599027578,1.692292969137922,1.1843252749148587,7.776979872542794
C10534,61,Low,Very High,Advanced,2022-04-26,Australia,1240,39785,2025-09-16 18:10:22.538139,106,2223637.66,20977.71,16363.85,10479,98.86,88125.0,13,0.46,0.0854838709677419,20977.713773584903,1,0.7800589292158201,0.597279871460443,-0.09067524674988785,5.60374636068935
C10535,38,Low,Very High,Beginner,2020-02-25,Germany,2031,44853,2025-09-16 18:10:22.539141,94,2083385.26,22163.67,17376.41,9328,99.23,55220.0,5,0.8,0.0462826193993106,22163.672978723404,2,0.7840041834226913,-0.597279871460443,0.6173359995269868,5.158395215830105
C10536,53,High,Very High,Beginner,2021-11-07,Germany,1410,12443,2025-09-16 18:10:22.539141,101,2253006.16,22306.99,16116.85,10448,103.45,23873.0,5,0.4,0.0716312056737588,22306.99168316832,0,0.722502229121903,0.09954664524340717,0.7028972088564786,5.823635884609178
C10537,48,Medium,Medium,Advanced,2020-07-14,USA,1891,16169,2025-09-16 18:10:22.540145,103,2293821.72,22270.11,16457.78,11167,108.42,80630.0,17,0.41,0.0544685351665785,22270.11378640777,0,0.739007575624907,0.2986399357302215,0.680880062609816,6.00227483881648
C10538,31,Medium,High,Beginner,2024-08-23,UK,390,38232,2025-09-16 18:10:22.540145,93,1697652.44,18254.33,12923.14,8434,90.69,54932.0,4,0.5,0.2384615384615384,18254.32731182796,1,0.7079492920309866,-0.6968265167038502,-1.7165173222714183,2.842644935056714
C10539,28,High,High,Beginner,2025-03-26,Australia,175,23510,2025-09-16 18:10:22.541137,85,1708703.36,20102.39,13093.99,8612,101.32,23510.0,1,1.0,0.4857142857142857,20102.39247058824,2,0.6513648377133266,-1.4931996786511077,-0.6132362134697386,3.073645981430604
C10540,53,Medium,Medium,Advanced,2024-11-18,Germany,303,31144,2025-09-16 18:10:22.541137,111,2668986.87,24044.93,15564.58,11766,106.0,46209.0,5,0.8,0.3663366336633663,24044.92675675676,0,0.6473123440159734,1.095013097677479,1.7404373159042976,7.630328879365464
C10541,54,High,High,Beginner,2020-12-16,Germany,1736,36939,2025-09-16 18:10:22.542133,101,2076223.24,20556.67,16072.19,10254,101.52,71233.0,8,0.62,0.0581797235023041,20556.665742574256,1,0.7818479354876058,0.09954664524340717,-0.3420336864379179,4.91412792103001
C10542,21,High,Very High,Intermediate,2021-12-03,Canada,1384,30028,2025-09-16 18:10:22.543132,104,2515433.75,24186.86,17893.61,10954,105.33,54183.0,4,1.0,0.0751445086705202,24186.86298076923,2,0.7398070687968591,0.3981865809736287,1.8251687032901092,7.150836379768162
C10543,30,Medium,Medium,Intermediate,2023-01-05,UK,986,41805,2025-09-16 18:10:22.543132,100,1944616.26,19446.16,15269.79,9312,93.12,68415.0,10,0.6,0.101419878296146,19446.1626,2,0.7852342056220869,0.0,-1.0050017200165642,4.213596560741395
C10544,43,High,Very High,Beginner,2022-09-16,Canada,1097,22606,2025-09-16 18:10:22.544426,88,1436981.21,16329.33,12288.7,7628,86.68,63977.0,12,0.67,0.0802187784867821,16329.331931818182,1,0.7525538402371684,-1.194559742920886,-2.8657311651354154,1.3639870782951968
C10545,31,Medium,Low,Beginner,2023-08-09,Australia,770,25625,2025-09-16 18:10:22.544757,100,2099378.45,20993.78,14425.99,10811,108.11,44609.0,6,0.5,0.1298701298701298,20993.7845,2,0.6871554336570166,0.0,-0.08108154989023898,4.97569134130263
C10546,39,High,Medium,Advanced,2021-01-11,Australia,1710,26248,2025-09-16 18:10:22.545834,118,2587998.8,21932.19,17185.27,12019,101.86,77368.0,15,0.6,0.0690058479532163,21932.19322033898,2,0.7835637936749591,1.791839614381329,0.4791437811653466,7.235167229270057
C10547,40,High,Low,Intermediate,2020-02-29,Japan,2027,9436,2025-09-16 18:10:22.545834,81,1577568.07,19476.15,16600.57,7282,89.9,82772.0,18,0.67,0.039960532807104,19476.14901234568,1,0.852353776285354,-1.8913862596247364,-0.9870978638360484,2.5466667002049395
C10548,18,Medium,Medium,Beginner,2020-09-27,Germany,1816,28087,2025-09-16 18:10:22.546831,108,2283065.61,21139.5,15624.62,11163,103.36,43909.0,5,0.4,0.0594713656387665,21139.49638888889,2,0.7391196575131862,0.7963731619472574,0.005912445529055997,5.838824583729142
C10549,22,High,Very High,Beginner,2020-05-27,UK,1939,43629,2025-09-16 18:10:22.546831,102,2155597.41,21133.31,15726.82,10424,102.2,101141.0,12,0.67,0.0526044352759154,21133.307941176477,2,0.7441721150165307,0.19909329048681434,0.002217051405769436,5.288900999531709
C10550,23,Medium,Very High,Beginner,2024-07-11,Canada,433,24641,2025-09-16 18:10:22.547828,93,1994843.44,21449.93,15148.13,9758,104.92,24641.0,1,1.0,0.2147806004618937,21449.92946236559,2,0.706208831450732,-0.6968265167038502,0.19123735630322253,4.601534100026132
C10551,63,Low,Low,Intermediate,2022-08-17,Australia,1127,10287,2025-09-16 18:10:22.547828,95,1967437.15,20709.86,15860.65,9468,99.66,18814.0,2,1.0,0.0842945874001774,20709.864736842104,0,0.7658501795762984,-0.49773322621703586,-0.25058014431410586,4.432583386420783
C10552,20,Low,High,Intermediate,2024-07-23,UK,421,19212,2025-09-16 18:10:22.548826,106,2013015.94,18990.72,15944.6,9349,88.2,29602.0,4,0.25,0.2517814726840855,18990.71641509434,2,0.8395995517810804,0.597279871460443,-1.2768967603251236,4.564033858617462
C10553,40,Low,Very High,Advanced,2025-12-15,Canada,-89,24331,2025-09-16 18:10:22.548826,93,1648943.57,17730.58,12188.61,8428,90.62,24331.0,1,1.0,93.0,17730.576021505378,3,0.687434364809273,-0.6968265167038502,-2.029193036661038,2.5351732468255257
C10554,53,Low,High,Intermediate,2022-11-08,USA,1044,15569,2025-09-16 18:10:22.549824,100,2146762.05,21467.62,16792.77,10329,103.29,35901.0,7,0.43,0.0957854406130268,21467.6205,0,0.782237155306457,0.0,0.20179818377348882,5.324477988458881
C10555,67,High,Medium,Intermediate,2025-12-16,USA,-90,45743,2025-09-16 18:10:22.549824,96,2019156.69,21032.88,16389.22,10202,106.27,45743.0,1,1.0,96.0,21032.8821875,3,0.7792190132782577,-0.3981865809736287,-0.05773907651050664,4.714738614916987
C10556,44,High,Low,Beginner,2023-12-15,Germany,642,41335,2025-09-16 18:10:22.550821,107,2503267.29,23395.02,18778.06,10990,102.71,44637.0,2,1.0,0.1666666666666666,23395.02140186916,2,0.8026520173951551,0.6968265167038502,1.3524448127272901,7.0481839016594945
C10557,42,Low,High,Beginner,2023-10-12,USA,706,9150,2025-09-16 18:10:22.550821,90,1760013.03,19555.7,14252.84,8715,96.83,11941.0,3,1.0,0.1274787535410765,19555.70033333333,1,0.7288330256651513,-0.9954664524340717,-0.9396069749010718,3.303269420164886
C10558,65,Medium,Low,Intermediate,2023-06-23,USA,817,17731,2025-09-16 18:10:22.551819,84,2002398.07,23838.07,16203.12,9377,111.63,27468.0,3,0.67,0.1028151774785801,23838.072261904763,0,0.6797161011776541,-1.5927463238945148,1.6169430948472343,5.065978147623193
C10559,70,Medium,Very High,Beginner,2021-01-31,Canada,1690,24765,2025-09-16 18:10:22.552815,107,2595836.94,24260.16,16874.6,11951,111.69,58568.0,8,0.75,0.0633136094674556,24260.15831775701,0,0.6955683721789139,0.6968265167038502,1.8689283784495534,7.425982281922943
C10560,37,Low,Very High,Intermediate,2023-12-14,Canada,643,42768,2025-09-16 18:10:22.552815,126,2264314.79,17970.75,13720.85,11328,89.9,42768.0,1,1.0,0.1959564541213063,17970.7523015873,2,0.7635101484356523,2.5882127763285867,-1.8858129386658984,5.769156778109239
C10561,30,Medium,High,Advanced,2020-03-27,Germany,2000,35331,2025-09-16 18:10:22.552815,90,1905148.54,21168.32,17262.87,8558,95.09,70342.0,14,0.5,0.045,21168.31711111111,2,0.8155049621320917,-0.9954664524340717,0.023117818490791076,4.271663318005382
C10562,56,High,Medium,Advanced,2020-02-12,Germany,2044,43702,2025-09-16 18:10:22.553853,101,1851583.98,18332.51,14728.33,9803,97.06,101016.0,14,0.64,0.049412915851272,18332.514653465347,1,0.8033995344881852,0.09954664524340717,-1.66984431539604,3.7086988991765373
C10563,23,High,Low,Intermediate,2023-06-04,Japan,836,9995,2025-09-16 18:10:22.554850,119,2261676.56,19005.69,15495.74,10278,86.37,18727.0,3,0.67,0.1423444976076555,19005.685378151265,2,0.8153210959454774,1.8913862596247364,-1.2679597570899699,5.744091052562636
C10564,26,Low,High,Beginner,2020-05-01,Australia,1965,26597,2025-09-16 18:10:22.554850,96,2077036.8,21635.8,14942.64,10234,106.6,85942.0,19,0.37,0.048854961832061,21635.8,2,0.6906442100592537,-0.3981865809736287,0.3022006690165367,4.965156923590678
C10565,38,High,High,Advanced,2024-02-05,UK,590,48796,2025-09-16 18:10:22.555866,93,1826613.46,19641.0,13175.68,9100,97.85,56887.0,3,0.67,0.1576271186440678,19641.00494623656,1,0.6708253143933608,-0.6968265167038502,-0.8886833692926053,3.5723200839253813
C10566,18,Medium,High,Beginner,2022-10-18,Germany,1065,6591,2025-09-16 18:10:22.555866,94,1972277.73,20981.68,14144.9,9684,103.02,13148.4,5,0.2,0.088262910798122,20981.677978723405,2,0.674154786461332,-0.597279871460443,-0.08830517975966894,4.405852278240369
C10567,45,Medium,Low,Advanced,2025-02-13,Germany,216,27088,2025-09-16 18:10:22.556849,78,1744278.96,22362.55,15091.12,8257,105.86,32811.0,3,0.67,0.3611111111111111,22362.55076923077,1,0.6748389606730897,-2.190026195354958,0.7360662068354505,3.697419490859175
C10568,58,Medium,High,Beginner,2021-11-11,USA,1406,17410,2025-09-16 18:10:22.556849,91,1898770.36,20865.61,15703.6,8608,94.59,26384.0,5,0.2,0.0647226173541963,20865.608351648352,1,0.7526068013348279,-0.8959198071906646,-0.1575982970278371,4.138716253432671
C10569,31,Medium,High,Beginner,2024-04-03,Japan,532,26390,2025-09-16 18:10:22.557851,94,2090101.69,22235.12,16172.64,9932,105.66,26390.0,1,1.0,0.1766917293233082,22235.12436170213,2,0.7273466480054976,-0.597279871460443,0.6599912354088742,5.145473752440803
C10570,55,Medium,Medium,Beginner,2020-09-05,Germany,1838,34888,2025-09-16 18:10:22.557851,78,1552904.48,19909.03,16338.24,7811,100.14,101837.0,19,0.47,0.0424374319912948,19909.031794871797,1,0.8206447024289983,-2.190026195354958,-0.7286710127716518,2.4802962061385365
C10571,33,High,High,Beginner,2021-09-03,Australia,1475,47728,2025-09-16 18:10:22.558844,104,2462853.63,23681.28,17959.76,10904,104.85,47728.0,1,1.0,0.0705084745762711,23681.284903846157,2,0.7583948164964056,0.3981865809736287,1.5233403735887163,6.889459110879317
C10572,49,High,Very High,Intermediate,2025-01-29,Japan,231,13576,2025-09-16 18:10:22.558844,104,2020621.34,19429.05,14132.28,10194,98.02,13576.0,1,1.0,0.4502164502164502,19429.051346153847,0,0.7273788476533851,0.3981865809736287,-1.0152162908484623,4.5182315404815245
C10573,23,Low,Very High,Beginner,2021-08-22,USA,1487,20250,2025-09-16 18:10:22.559842,79,1733156.67,21938.69,15636.7,8110,102.66,20250.0,1,1.0,0.0531271015467384,21938.692025316454,2,0.7127453827006079,-2.0904795501115507,0.4830242434919004,3.5907528904878268
C10574,49,High,Medium,Beginner,2021-12-13,Japan,1374,45074,2025-09-16 18:10:22.560980,79,1730513.33,21905.23,15986.47,8004,101.32,66294.0,8,0.25,0.0574963609898107,21905.232025316454,1,0.729801513154621,-2.0904795501115507,0.46304881742321036,3.5880589350191205
C10575,51,High,Very High,Advanced,2022-12-20,Germany,1002,15969,2025-09-16 18:10:22.561305,99,2364761.71,23886.48,16831.66,11022,111.33,30624.0,4,0.75,0.0988023952095808,23886.48191919192,0,0.7046521714375663,-0.09954664524340717,1.6458435842669983,6.493598808437738
C10576,35,Low,High,Intermediate,2025-05-28,Japan,112,38558,2025-09-16 18:10:22.562384,112,2294292.82,20484.76,15442.09,10953,97.79,42319.0,2,0.5,1.0,20484.75732142857,2,0.7538330934802263,1.194559742920886,-0.384963539653684,5.859148582607138
C10577,18,Medium,Very High,Advanced,2025-10-14,Australia,-27,24246,2025-09-16 18:10:22.562384,105,2004353.73,19089.08,14198.96,10419,99.23,24246.0,1,1.0,105.0,19089.083142857144,3,0.7438263132639183,0.49773322621703586,-1.2181764104113038,4.437978429568386
C10578,51,Low,Very High,Beginner,2024-08-08,USA,405,41801,2025-09-16 18:10:22.563378,102,2246154.62,22021.12,15088.07,11457,112.32,48048.0,2,1.0,0.2518518518518518,22021.1237254902,1,0.6851636065740526,0.19909329048681434,0.532234475734643,5.723552782784574
C10579,65,Medium,Very High,Beginner,2021-07-17,Australia,1523,40547,2025-09-16 18:10:22.563378,93,1733058.35,18635.04,14020.26,8742,94.0,59921.0,7,0.14,0.0610636900853578,18635.036021505377,1,0.7523600700615615,-0.6968265167038502,-1.489235658834145,3.093365463261763
C10580,20,High,High,Beginner,2023-03-08,Germany,924,9210,2025-09-16 18:10:22.564379,72,1448050.69,20111.82,13202.95,7472,103.78,9210.0,1,1.0,0.0779220779220779,20111.815138888887,2,0.6564771363307746,-2.787306066815401,-0.607606558125215,1.8893443237017213
C10581,51,Low,Very High,Intermediate,2023-11-14,USA,673,8610,2025-09-16 18:10:22.564379,96,2077789.93,21643.65,14930.41,10056,104.75,31877.0,6,0.5,0.1426448736998514,21643.645104166662,0,0.6898286564419587,-0.3981865809736287,0.3068870735186068,4.968728983870275
C10582,65,High,Medium,Advanced,2022-08-24,UK,1120,35940,2025-09-16 18:10:22.565372,101,1989338.59,19696.42,14383.89,9581,94.86,52869.0,5,0.8,0.0901785714285714,19696.42168316832,1,0.7302794111823367,0.09954664524340717,-0.8555979505022049,4.392617677901752
C10583,30,Low,Very High,Intermediate,2023-10-22,USA,696,10773,2025-09-16 18:10:22.565372,101,2217006.27,21950.56,17675.7,10001,99.02,43072.0,7,0.57,0.1451149425287356,21950.557128712877,0,0.8052505266380448,0.09954664524340717,0.4901105646943932,5.703635185355863
C10584,46,Low,Medium,Intermediate,2024-12-24,Japan,267,20388,2025-09-16 18:10:22.566369,84,1525919.06,18165.7,14147.01,7647,91.04,37206.0,3,1.0,0.3146067415730337,18165.703095238096,1,0.778775934866259,-1.5927463238945148,-1.7694289185794896,2.0324132768965013
C10585,57,High,Medium,Advanced,2020-03-28,USA,1999,29186,2025-09-16 18:10:22.566369,99,2162549.01,21843.93,13445.04,10974,110.85,88093.0,14,0.64,0.0495247623811905,21843.92939393939,1,0.6155046276013519,-0.09954664524340717,0.4264530727127885,5.286066678903986
C10586,25,High,Low,Intermediate,2022-12-22,Australia,1000,47985,2025-09-16 18:10:22.567367,92,1802001.63,19586.97,14801.9,8512,92.52,75804.0,10,0.5,0.092,19586.974239130435,2,0.755701366775974,-0.7963731619472574,-0.9209389661393276,3.529016122259922
C10587,63,Low,Low,Beginner,2020-10-25,USA,1788,34819,2025-09-16 18:10:22.567367,93,2054881.07,22095.5,17458.62,9373,100.78,60018.0,9,0.33,0.0520134228187919,22095.495376344086,1,0.7901436944174153,-0.6968265167038502,0.5766389046345002,5.03464247915788
C10588,45,High,Medium,Beginner,2025-05-15,Australia,125,26278,2025-09-16 18:10:22.568364,100,2096656.7,20966.57,14213.94,10797,107.97,28256.0,2,0.5,0.8,20966.567,0,0.6779334912672889,0.0,-0.09732576218339654,4.95219091663513
C10589,26,Medium,Medium,Intermediate,2020-03-21,Canada,2006,5284,2025-09-16 18:10:22.568906,95,2308518.89,24300.2,18158.34,10107,106.39,60044.4,18,0.39,0.0473579262213359,24300.198842105263,0,0.7472506399124287,-0.49773322621703586,1.892832026381125,6.393381936099927
C10590,18,Low,Low,Advanced,2022-09-27,Japan,1086,32949,2025-09-16 18:10:22.569943,109,2318534.67,21270.96,15625.89,10941,100.38,61395.0,8,0.5,0.1003683241252302,21270.96027522936,2,0.7346114138713062,0.8959198071906646,0.08439330359809491,5.998949908538745
C10591,68,Medium,High,Beginner,2020-08-20,UK,1854,5573,2025-09-16 18:10:22.569943,91,1744896.52,19174.69,13761.65,8332,91.56,51794.0,12,0.67,0.0490830636461704,19174.687032967035,1,0.7176986955199798,-0.8959198071906646,-1.1670677365995723,3.174954109700735
C10592,46,Low,Low,Beginner,2022-03-20,Australia,1277,24703,2025-09-16 18:10:22.570942,99,2142051.14,21636.88,15446.67,10056,101.58,48001.0,7,0.43,0.0775254502740798,21636.8802020202,0,0.713904684963821,-0.09954664524340717,0.30284542275694976,5.262804857943334
C10593,59,High,Low,Beginner,2024-08-24,Canada,389,17778,2025-09-16 18:10:22.570942,97,2011584.1,20737.98,16198.73,9266,95.53,20331.0,2,0.5,0.2493573264781491,20737.980412371136,0,0.7811141683037596,-0.2986399357302215,-0.23379266729523082,4.645886101290239
C10594,19,High,Low,Intermediate,2022-04-25,UK,1241,47583,2025-09-16 18:10:22.571943,110,2319440.72,21085.82,14818.74,11213,101.94,67302.0,4,1.0,0.088638195004029,21085.824727272728,2,0.7027822489236842,0.9954664524340717,-0.026134203346237322,5.959444383704091
C10595,31,High,High,Advanced,2020-10-20,UK,1793,5113,2025-09-16 18:10:22.571943,107,2299296.97,21488.76,18221.61,10475,97.9,6167.0,2,1.0,0.0596765197992191,21488.756728971963,0,0.847960049812088,0.6968265167038502,0.21441864124784943,6.039812569999128
C10596,25,High,High,Advanced,2021-07-07,Germany,1533,36864,2025-09-16 18:10:22.572940,89,1728792.87,19424.64,15303.64,8450,94.94,108197.0,13,0.77,0.0580560991519895,19424.638988764047,2,0.7878467760535073,-1.095013097677479,-1.017849035288478,3.1936626922226803
C10597,20,Low,Low,Advanced,2023-12-31,USA,626,24530,2025-09-16 18:10:22.572940,111,2515977.59,22666.46,16971.15,11426,102.94,30230.0,3,0.33,0.1773162939297124,22666.464774774773,2,0.7487340325750029,1.095013097677479,0.9174987153989813,6.964505788024676
C10598,18,High,Very High,Intermediate,2021-12-02,Japan,1385,34123,2025-09-16 18:10:22.573937,104,2244956.94,21586.12,16890.22,10441,100.39,40392.0,2,1.0,0.0750902527075812,21586.124423076923,2,0.7824574309787957,0.3981865809736287,0.27254199695758413,5.757414963488662
C10599,27,High,Low,Intermediate,2023-06-19,Canada,821,9564,2025-09-16 18:10:22.573937,115,2354551.01,20474.36,14574.93,11708,101.81,20754.0,6,0.67,0.1400730816077953,20474.35660869565,0,0.7118625441772051,1.4931996786511077,-0.3911722793761687,6.090276196232031
C10600,32,Medium,Very High,Intermediate,2022-11-13,Japan,1039,24816,2025-09-16 18:10:22.574936,90,2181434.42,24238.16,17932.74,9723,108.03,33345.0,4,0.5,0.0866217516843118,24238.16022222222,2,0.7398556656115811,-0.9954664524340717,1.8557945059596792,5.8930659346896865
C10601,44,Low,Very High,Intermediate,2021-05-10,Japan,1591,32886,2025-09-16 18:10:22.574936,94,1950460.59,20749.58,16207.47,8700,92.55,49275.0,8,0.62,0.0590823381521056,20749.58074468085,1,0.7810987017568547,-0.597279871460443,-0.2268675345278413,4.376674463050614
C10602,44,High,High,Intermediate,2020-01-01,USA,2086,22313,2025-09-16 18:10:22.575931,102,1996439.53,19572.94,16182.41,9306,91.24,95358.0,19,0.58,0.0488974113135187,19572.93656862745,1,0.8267746184272777,0.19909329048681434,-0.9293147948226442,4.505500430527665
C10603,55,Medium,Low,Intermediate,2025-08-24,Australia,24,42856,2025-09-16 18:10:22.576933,103,2028950.12,19698.54,15704.53,9794,95.09,42856.0,1,1.0,4.291666666666667,19698.54485436893,1,0.797243348999469,0.2986399357302215,-0.8543323227895427,4.639305908533659
C10604,65,Low,Very High,Intermediate,2025-03-06,Germany,195,18667,2025-09-16 18:10:22.577891,94,2099025.1,22330.05,16150.83,10002,106.4,19081.0,2,0.5,0.482051282051282,22330.05425531915,0,0.7232778251728053,-0.597279871460443,0.7166638952026817,5.194017104317832
C10605,43,Low,Medium,Advanced,2024-09-20,Canada,362,43298,2025-09-16 18:10:22.578886,101,2112283.94,20913.7,15633.1,10207,101.06,61817.0,4,0.75,0.2790055248618784,20913.702376237623,1,0.7475052238484821,0.09954664524340717,-0.12888884575338008,5.079128331038688
C10606,30,Low,Medium,Intermediate,2024-02-01,UK,594,26350,2025-09-16 18:10:22.578886,103,2054157.4,19943.28,16080.91,9689,94.07,46871.0,5,0.6,0.1734006734006734,19943.27572815534,2,0.8063322582844948,0.2986399357302215,-0.7082239612817339,4.782523517013821
C10607,57,Medium,High,Advanced,2025-12-22,UK,-96,45927,2025-09-16 18:10:22.579883,99,2230154.78,22526.82,17110.51,9344,94.38,45927.0,1,1.0,99.0,22526.81595959596,3,0.7595617135485612,-0.09954664524340717,0.8341344447405253,5.795216498704503
C10608,23,Medium,Low,Advanced,2021-05-10,Germany,1591,11042,2025-09-16 18:10:22.579883,105,2262626.54,21548.82,16825.52,10654,101.47,11951.0,2,0.5,0.0659962287869264,21548.824190476196,2,0.7808093436206716,0.49773322621703586,0.2502741131452069,5.827207713149336
C10609,52,High,High,Advanced,2021-05-01,Japan,1600,37647,2025-09-16 18:10:22.580880,93,2043865.43,21977.05,16075.15,9736,104.69,50782.0,7,0.57,0.058125,21977.0476344086,1,0.7314516734502583,-0.6968265167038502,0.5059249411606087,4.9152253301320625
C10610,22,High,Very High,Intermediate,2025-06-09,Australia,100,19070,2025-09-16 18:10:22.580880,121,2262045.8,18694.59,14694.33,11562,95.55,19070.0,1,1.0,1.21,18694.593388429752,2,0.7860204476268268,2.0904795501115507,-1.4536846539808723,5.72938860704004
C10611,62,High,High,Beginner,2022-11-14,Canada,1038,36420,2025-09-16 18:10:22.581877,94,1660819.29,17668.29,15938.07,7777,82.73,36420.0,1,1.0,0.0905587668593449,17668.290319148935,1,0.9020720171561594,-0.597279871460443,-2.066379805633505,2.7907893630168665
C10612,33,Medium,High,Advanced,2024-04-24,USA,511,30250,2025-09-16 18:10:22.581877,117,2718710.37,23236.84,15789.99,12580,107.52,32550.0,2,0.5,0.2289628180039138,23236.84076923077,0,0.6795239800248226,1.692292969137922,1.2580122695250942,7.766043294556944
C10613,26,Medium,High,Intermediate,2021-10-26,Japan,1422,9429,2025-09-16 18:10:22.582874,109,2002731.27,18373.68,12027.66,10263,94.16,41389.0,13,0.62,0.0766526019690576,18373.68137614679,2,0.654613555912588,0.8959198071906646,-1.6452660640138514,4.328979949073188
C10614,29,Medium,Medium,Intermediate,2022-08-26,Japan,1118,11878,2025-09-16 18:10:22.583872,102,2062992.04,20225.41,14057.78,10254,100.53,11878.0,1,1.0,0.0912343470483005,20225.412156862745,2,0.6950553783582137,0.19909329048681434,-0.5397939864831779,4.7434023206930345
C10615,52,Medium,Medium,Beginner,2025-06-03,USA,106,40259,2025-09-16 18:10:22.583872,87,1734191.51,19933.24,16342.19,8228,94.57,45041.0,2,0.5,0.8207547169811321,19933.23574712644,1,0.819846146436806,-1.2941063881642934,-0.7142177830907476,3.31966072086648
C10616,27,Medium,Very High,Intermediate,2024-02-09,UK,586,47794,2025-09-16 18:10:22.584869,101,1943124.51,19238.86,13233.12,10117,100.17,60926.0,4,0.5,0.1723549488054607,19238.856534653467,2,0.6878328549612607,0.09954664524340717,-1.1287586185234244,4.10137214475459
C10617,20,Low,High,Beginner,2024-06-02,Japan,472,43098,2025-09-16 18:10:22.584869,94,2182669.26,23219.89,18449.6,9909,105.41,43098.0,1,1.0,0.1991525423728813,23219.885744680847,2,0.7945601809483163,-0.597279871460443,1.2478932177658497,5.7500209645159845
C10618,19,High,Very High,Beginner,2021-07-19,Canada,1521,30912,2025-09-16 18:10:22.585866,97,2123229.59,21888.96,17737.52,9275,95.62,73219.0,12,0.58,0.0637738330046022,21888.964845360824,2,0.8103409207198515,-0.2986399357302215,0.453335721722744,5.306945858685094
C10619,57,Medium,High,Beginner,2020-12-16,USA,1736,49808,2025-09-16 18:10:22.585866,112,2571293.74,22957.98,17666.6,12028,107.39,111740.0,14,0.71,0.064516129032258,22957.979821428573,1,0.7695189210897474,1.194559742920886,1.091534465773897,7.236150889984063
C10620,24,Medium,Low,Intermediate,2020-09-29,Germany,1814,37469,2025-09-16 18:10:22.586864,86,1657661.98,19275.14,14918.02,8148,94.74,75528.0,13,0.38,0.0474090407938257,19275.13930232558,2,0.7739513176039189,-1.3936530334077004,-1.1070996687992143,2.822890489125146
C10621,65,Low,Low,Intermediate,2020-03-22,Japan,2005,16722,2025-09-16 18:10:22.586864,97,2169818.78,22369.27,16727.77,10441,107.64,76610.8,20,0.35,0.0483790523690773,22369.265773195875,0,0.7478013363869273,-0.2986399357302215,0.7400780078869037,5.513842375660074
C10622,19,Medium,Medium,Intermediate,2021-01-07,Japan,1714,39665,2025-09-16 18:10:22.587861,104,2252143.14,21655.22,17043.32,10582,101.75,62299.0,7,0.57,0.0606767794632438,21655.2225,2,0.7870305635315642,0.3981865809736287,0.3137942964598723,5.799703134878325
C10623,43,Low,Medium,Advanced,2024-02-05,UK,590,47799,2025-09-16 18:10:22.587861,97,2301428.26,23726.06,15712.44,10603,109.31,64801.0,5,0.6,0.1644067796610169,23726.06453608247,2,0.6622439629673026,-0.2986399357302215,1.550073774047653,6.182361438975885
C10624,51,High,High,Advanced,2025-12-05,UK,-79,37508,2025-09-16 18:10:22.588859,93,2023220.34,21755.06,17115.91,9470,101.83,37508.0,1,1.0,93.0,21755.05741935484,3,0.7867553571444987,-0.6968265167038502,0.373398197795738,4.843963110963843
C10625,69,High,Medium,Advanced,2020-01-16,USA,2071,7341,2025-09-16 18:10:22.588859,104,2361637.14,22708.05,16506.64,11220,107.88,12006.0,3,0.33,0.0502172863351038,22708.049423076925,0,0.7269069779219264,0.3981865809736287,0.9423277043468846,6.324237457984203
C10626,64,Medium,Medium,Advanced,2021-02-07,UK,1683,25506,2025-09-16 18:10:22.589856,100,2126691.54,21266.92,14553.48,10541,105.41,73957.0,18,0.5,0.05941770647653,21266.9154,1,0.6843247635294627,0.0,0.08198144701359021,5.1235553502821585
C10627,37,High,High,Intermediate,2021-06-06,Germany,1564,29985,2025-09-16 18:10:22.589856,100,2201029.34,22010.29,15459.65,10482,104.82,93573.0,13,0.77,0.0639386189258312,22010.2934,2,0.7023828400261877,0.0,0.5257690285044014,5.549751186626565
C10628,47,High,Low,Intermediate,2025-08-08,Germany,40,23739,2025-09-16 18:10:22.590854,113,2118588.78,18748.57,15153.07,10468,92.64,23739.0,1,1.0,2.825,18748.57327433628,1,0.8082253739885229,1.2941063881642934,-1.421458906844354,5.044716587469978
C10629,28,Medium,Medium,Advanced,2022-08-06,UK,1138,6086,2025-09-16 18:10:22.591851,102,2151403.63,21092.19,16802.12,9986,97.9,46214.0,9,0.56,0.0896309314586994,21092.19245098039,0,0.7966038614292779,0.19909329048681434,-0.02233135026621525,5.3146320315904525
C10630,43,High,High,Intermediate,2021-02-14,Germany,1676,45015,2025-09-16 18:10:22.591851,96,2114897.21,22030.18,16508.7,9751,101.57,64580.0,3,1.0,0.0572792362768496,22030.17927083333,2,0.7493674586408282,-0.3981865809736287,0.5376432432236556,5.236616114987366
C10631,42,Low,High,Intermediate,2025-09-22,UK,-5,22057,2025-09-16 18:10:22.592848,110,2035246.85,18502.24,14029.08,10222,92.93,22057.0,1,1.0,110.0,18502.24409090909,3,0.7582368405122838,0.9954664524340717,-1.5685164891366583,4.587292494314436
C10632,58,Low,High,Beginner,2024-12-21,Japan,270,13170,2025-09-16 18:10:22.592848,107,2378393.03,22227.97,15347.02,10945,102.29,21871.0,3,0.67,0.3962962962962963,22227.97224299065,0,0.690437318387599,0.6968265167038502,0.6557227268496664,6.3016888689115635
C10633,24,Medium,High,Advanced,2021-07-29,Canada,1511,38423,2025-09-16 18:10:22.593847,115,2739593.26,23822.55,17291.66,11522,100.19,95440.0,16,0.44,0.0761085373924553,23822.55008695652,2,0.725852606039236,1.4931996786511077,1.6076777447998318,7.9477453508292975
C10634,61,Medium,Medium,Intermediate,2023-03-08,Japan,924,25811,2025-09-16 18:10:22.594775,90,1702660.55,18918.45,15932.16,8590,95.44,34052.0,3,0.33,0.0974025974025974,18918.450555555555,1,0.8421493304155467,-0.9954664524340717,-1.3200415314543608,3.056770000367239
C10635,38,High,Very High,Advanced,2024-05-04,Germany,501,17731,2025-09-16 18:10:22.595846,101,2204311.01,21824.86,17031.67,10118,100.18,24430.0,2,1.0,0.2015968063872255,21824.86148514851,0,0.7803793472214712,0.09954664524340717,0.415068393240884,5.611434136369935
C10636,64,Low,Low,Advanced,2021-01-05,Canada,1716,40631,2025-09-16 18:10:22.595846,90,2023906.26,22487.85,17560.77,9038,100.42,49533.0,4,0.25,0.0524475524475524,22487.84733333333,1,0.7809003528572096,-0.9954664524340717,0.8108695806073247,4.966675115007963
C10637,65,High,Low,Beginner,2022-08-23,USA,1121,31638,2025-09-16 18:10:22.596847,103,2011789.33,19531.94,14357.54,9828,95.42,31638.0,1,1.0,0.0918822479928635,19531.93524271845,1,0.735080079090966,0.2986399357302215,-0.9537915571901372,4.4901590296905285
C10638,43,Medium,Very High,Beginner,2024-12-22,Australia,269,25395,2025-09-16 18:10:22.596847,116,2846173.2,24535.98,17249.42,12815,110.47,25395.0,1,1.0,0.4312267657992565,24535.975862068968,0,0.7030255159973231,1.5927463238945148,2.033591319820331,8.411580278373753
C10639,20,High,High,Beginner,2024-11-26,Japan,295,23807,2025-09-16 18:10:22.597840,92,1839612.62,19995.79,13299.91,9644,104.83,26292.0,2,0.5,0.311864406779661,19995.78934782609,2,0.6651355110250707,-0.7963731619472574,-0.6768757956252193,3.670664994151861
C10640,35,Low,Low,Advanced,2020-06-01,Germany,1934,5128,2025-09-16 18:10:22.597840,102,2121465.27,20798.68,14444.35,10280,100.78,9836.0,2,0.5,0.0527404343329886,20798.679117647054,0,0.6944839768677628,0.19909329048681434,-0.1975551191072592,5.058696507953015
C10641,41,Medium,Medium,Intermediate,2020-10-18,Canada,1795,17252,2025-09-16 18:10:22.598838,98,2193527.92,22382.94,16247.83,10305,105.15,32892.0,4,0.75,0.0545961002785515,22382.937959183677,0,0.7259024060288773,-0.19909329048681434,0.7482389186567472,5.593027441805418
C10642,58,High,Very High,Beginner,2025-07-26,Canada,53,48180,2025-09-16 18:10:22.598838,101,1944672.39,19254.18,13208.74,10067,99.67,55895.0,2,1.0,1.9056603773584904,19254.18207920792,1,0.686019347487143,0.09954664524340717,-1.1196126673168394,4.108138597864974
C10643,26,Medium,Low,Advanced,2025-04-30,Japan,140,6950,2025-09-16 18:10:22.599835,115,2528355.72,21985.7,14074.44,12436,108.14,6950.0,1,1.0,0.8214285714285714,21985.70191304348,0,0.640163378923573,1.4931996786511077,0.5110889410259465,6.8567272467245095
C10644,39,Medium,High,Advanced,2024-03-26,Canada,540,39312,2025-09-16 18:10:22.599835,119,2698882.81,22679.69,17853.95,12048,101.24,56986.0,4,0.75,0.2203703703703703,22679.6874789916,2,0.7872219593830428,1.8913862596247364,0.9253969487190281,7.742212599590371
C10645,30,Low,Medium,Advanced,2024-09-12,Germany,370,11751,2025-09-16 18:10:22.600832,108,2273714.61,21052.91,15910.49,10510,97.31,11751.0,1,1.0,0.2918918918918919,21052.913055555557,0,0.7557382803612422,0.7963731619472574,-0.045781282602680926,5.806456922427778
C10646,66,Medium,Medium,Beginner,2020-06-04,Canada,1931,17848,2025-09-16 18:10:22.600832,97,2291142.71,23620.03,17601.57,9931,102.38,54317.0,10,0.9,0.050233039875712,23620.02793814433,0,0.7451967673199399,-0.2986399357302215,1.4867744785884984,6.200497895419926
C10647,56,Medium,Medium,Intermediate,2025-06-26,Canada,83,17751,2025-09-16 18:10:22.601829,117,2336262.81,19968.06,13595.83,12347,105.53,19350.0,2,0.5,1.4096385542168677,19968.058205128207,0,0.6808788635450814,1.692292969137922,-0.6934304449045013,5.966482554588083
C10648,20,High,High,Advanced,2022-12-04,Australia,1018,46303,2025-09-16 18:10:22.601829,92,1994970.54,21684.46,16992.93,9535,103.64,78162.0,8,0.62,0.0903732809430255,21684.462391304347,2,0.7836455231073313,-0.7963731619472574,0.3312504069873221,4.710336268469019
C10649,70,Low,Low,Beginner,2021-11-08,USA,1409,9378,2025-09-16 18:10:22.602831,116,2736386.62,23589.54,17371.4,12331,106.3,52944.0,12,0.67,0.0823278921220724,23589.539827586206,0,0.7364026598229555,1.5927463238945148,1.468572125305942,7.920975626125911
C10650,27,Medium,Medium,Intermediate,2025-12-27,Japan,-101,20431,2025-09-16 18:10:22.603828,91,1745609.65,19182.52,14856.17,8622,94.75,20431.0,1,1.0,91.0,19182.523626373622,3,0.7744639390445051,-0.8959198071906646,-1.1623932719815842,3.231651292717798
C10651,47,Medium,High,Intermediate,2024-12-18,Australia,273,32174,2025-09-16 18:10:22.603828,101,2022695.46,20026.69,13767.82,10612,105.07,35875.0,2,1.0,0.36996336996337,20026.68772277228,1,0.6874735665254718,0.09954664524340717,-0.658428674718988,4.535065810718589
C10652,23,Low,Very High,Advanced,2021-01-18,Germany,1703,39297,2025-09-16 18:10:22.604825,101,2052740.8,20324.17,16557.49,9782,96.85,61068.0,4,1.0,0.0593071051086318,20324.166336633665,2,0.8146699225601834,0.09954664524340717,-0.4808348388877252,4.816329277171699
C10653,26,Low,Medium,Advanced,2022-05-18,Canada,1218,7186,2025-09-16 18:10:22.604825,82,1654736.62,20179.71,16671.9,8584,104.68,28866.0,12,0.5,0.0673234811165845,20179.71487804878,2,0.8261714365568188,-1.791839614381329,-0.5670766216098716,3.001967865265183
C10654,58,Low,High,Beginner,2021-08-11,Australia,1498,16133,2025-09-16 18:10:22.605863,94,1853435.15,19717.4,16952.87,8890,94.57,25261.0,2,1.0,0.0627503337783711,19717.39521276596,1,0.8597923661334658,-0.597279871460443,-0.8430730121004957,3.8806531346953554
C10655,46,Low,High,Intermediate,2020-06-09,Germany,1926,7531,2025-09-16 18:10:22.606821,114,2576665.84,22602.33,15708.37,12031,105.54,60642.0,15,0.6,0.0591900311526479,22602.33192982456,0,0.6949889679515342,1.3936530334077004,0.8792134770909995,7.155167243263169
C10656,51,High,Medium,Beginner,2022-02-10,Canada,1315,21361,2025-09-16 18:10:22.606821,89,1894439.34,21285.84,16096.47,8977,100.87,26017.0,3,0.67,0.067680608365019,21285.83528089888,1,0.756205533819666,-1.095013097677479,0.09327657735488318,4.189821768551633
C10657,40,Medium,Very High,Intermediate,2022-03-21,UK,1276,42052,2025-09-16 18:10:22.607824,85,1811734.7,21314.53,15543.34,8711,102.48,79009.0,10,0.4,0.0666144200626959,21314.52588235294,1,0.7292368163876942,-1.4931996786511077,0.11040434107008658,3.8132898397755186
C10658,59,Medium,Low,Advanced,2024-01-27,Germany,599,28045,2025-09-16 18:10:22.607824,100,2029183.45,20291.83,15000.37,9895,98.95,58831.0,7,0.71,0.1669449081803005,20291.8345,1,0.7392319963256148,0.0,-0.5001416314478383,4.637035244720399
C10659,31,Medium,Medium,Intermediate,2025-11-10,Japan,-54,23949,2025-09-16 18:10:22.608820,78,1836005.66,23538.53,18325.6,8066,103.41,23949.0,1,1.0,78.0,23538.534102564103,3,0.7785362977212256,-2.190026195354958,1.438119450955555,4.440974262646718
C10660,36,Medium,High,Beginner,2020-01-30,UK,2057,12870,2025-09-16 18:10:22.608820,121,2311005.19,19099.22,14694.5,11378,94.03,86086.0,19,0.53,0.0588235294117647,19099.216446280992,2,0.7693769693212602,2.0904795501115507,-1.2121228891818803,5.936945472766389
C10661,29,Low,High,Advanced,2020-10-24,Canada,1789,15311,2025-09-16 18:10:22.609822,95,1919061.78,20200.65,15658.87,9144,96.25,44045.0,10,0.3,0.053102291783119,20200.650315789477,2,0.7751666406774039,-0.49773322621703586,-0.5545755629763263,4.160650669075096
C10662,46,Medium,Very High,Intermediate,2021-08-18,Canada,1491,34000,2025-09-16 18:10:22.611415,92,2073082.08,22533.5,15210.28,9887,107.47,81698.0,10,0.7,0.0617035546613011,22533.500869565218,2,0.6750074333769721,-0.7963731619472574,0.8381223660238146,5.077830503944061
C10663,22,Low,High,Intermediate,2024-08-14,UK,399,17660,2025-09-16 18:10:22.611415,102,2281157.2,22364.29,15580.45,10924,107.1,21110.0,2,1.0,0.2556390977443609,22364.286274509806,2,0.6966664267007806,0.19909329048681434,0.7371049767505596,5.923224268208596
C10664,54,High,High,Beginner,2022-08-20,Germany,1124,24277,2025-09-16 18:10:22.612491,89,2502874.32,28122.18,20725.04,10488,117.84,32513.0,2,1.0,0.0791814946619217,28122.183370786515,0,0.7369642040553044,-1.095013097677479,4.174531934510649,7.938289326286071
C10665,52,High,Low,Beginner,2023-06-22,USA,818,48548,2025-09-16 18:10:22.612491,103,2227833.26,21629.45,15668.9,10424,101.2,95423.0,10,0.6,0.1259168704156479,21629.44912621359,1,0.7244243381130819,0.2986399357302215,0.2984097558205966,5.635869819173616
C10666,26,High,Low,Beginner,2020-12-15,Japan,1737,40509,2025-09-16 18:10:22.613488,97,2083677.01,21481.21,17895.61,9612,99.09,45964.0,4,0.5,0.0558434081750143,21481.206288659792,2,0.8330820284332214,-0.2986399357302215,0.20991133500700668,5.103297100631428
C10667,30,Medium,Very High,Beginner,2025-01-04,UK,256,11114,2025-09-16 18:10:22.613488,107,2240161.72,20936.09,16686.02,10456,97.72,11114.0,1,1.0,0.41796875,20936.0908411215,0,0.7969979112623227,0.6968265167038502,-0.11552214552391296,5.688311504619791
C10668,54,Medium,High,Advanced,2022-10-06,Germany,1077,39928,2025-09-16 18:10:22.614486,101,2198333.31,21765.68,14938.97,11051,109.42,62434.0,9,0.44,0.0937790157845868,21765.676336633664,1,0.6863543891116657,0.09954664524340717,0.3797382762431221,5.492063966991075
C10669,22,Low,High,Intermediate,2025-09-17,Germany,0,40783,2025-09-16 18:10:22.614486,104,2143956.55,20614.97,16151.66,10054,96.67,40783.0,1,1.0,104.0,20614.966826923075,3,0.7834918023164719,0.3981865809736287,-0.3072289243397494,5.223351031810886
C10670,47,Medium,Very High,Beginner,2024-09-20,UK,362,35939,2025-09-16 18:10:22.615482,97,1998532.38,20603.43,14002.98,9762,100.64,42050.0,3,0.67,0.2679558011049723,20603.42659793814,1,0.6796431467964315,-0.2986399357302215,-0.3141182374548931,4.4781223709399445
C10671,55,Low,Medium,Intermediate,2024-03-30,Japan,536,29062,2025-09-16 18:10:22.616479,82,1489056.11,18159.22,14157.59,7736,94.34,33682.0,2,0.5,0.1529850746268656,18159.22085365854,1,0.7796364601563283,-1.791839614381329,-1.7732974410219613,1.8459121680910093
C10672,55,High,High,Intermediate,2020-03-11,USA,2016,46153,2025-09-16 18:10:22.616479,103,2257673.69,21919.16,16037.65,10730,104.17,95680.0,12,0.42,0.0510912698412698,21919.16203883495,1,0.731672655338982,0.2986399357302215,0.4713649466861172,5.802163435915362
C10673,58,Medium,Very High,Intermediate,2022-12-07,Japan,1015,13185,2025-09-16 18:10:22.617477,113,2306226.72,20409.09,16575.85,11134,98.53,63635.0,9,0.89,0.1113300492610837,20409.086017699115,0,0.8121797689166934,1.2941063881642934,-0.4301380910768095,5.963166600973761
C10674,19,High,High,Intermediate,2020-11-21,USA,1761,24828,2025-09-16 18:10:22.617477,87,1916089.07,22024.01,16348.75,8763,100.72,28197.0,2,1.0,0.0494037478705281,22024.012298850572,2,0.7423148645500979,-1.2941063881642934,0.5339597889844488,4.399944937209215
C10675,63,Low,Medium,Intermediate,2024-04-07,Australia,528,18598,2025-09-16 18:10:22.618474,102,2333768.16,22880.08,17569.31,10681,104.72,22671.0,4,0.25,0.1931818181818181,22880.08,0,0.7678867381582581,0.19909329048681434,1.0450286172756618,6.273102135230787
C10676,24,Medium,Medium,Advanced,2022-09-15,Germany,1098,12703,2025-09-16 18:10:22.618474,101,1873478.18,18549.29,14483.32,8888,88.0,43533.0,7,0.86,0.0919854280510018,18549.28891089109,2,0.7808018527932874,0.09954664524340717,-1.5404279118344504,3.807272294240141
C10677,50,Medium,Very High,Beginner,2020-02-20,Germany,2036,5442,2025-09-16 18:10:22.619472,90,1710214.2,19002.38,13912.69,8808,97.87,52868.6,11,0.64,0.0442043222003929,19002.38,1,0.7321551300416053,-0.9954664524340717,-1.2699358079054903,3.0015043092723523
C10678,38,High,Medium,Intermediate,2023-01-13,Australia,978,30240,2025-09-16 18:10:22.619472,96,2053112.27,21386.59,16208.04,9245,96.3,66178.0,9,0.67,0.0981595092024539,21386.58614583333,2,0.757859948687472,-0.3981865809736287,0.15342374341646633,4.889891436747779
C10679,37,High,High,Intermediate,2022-05-26,USA,1210,10967,2025-09-16 18:10:22.620472,109,2525265.06,23167.57,15886.03,11782,108.09,10967.0,1,1.0,0.0900826446280991,23167.56935779817,0,0.6857011762562928,0.8959198071906646,1.2166584810081125,6.998680785376906
C10680,70,Medium,High,Beginner,2021-03-26,Japan,1636,5214,2025-09-16 18:10:22.620472,95,2198641.2,23143.59,16687.43,10395,109.42,37980.78,14,0.43,0.0580684596577017,23143.59157894737,0,0.7210389572231447,-0.49773322621703586,1.20234255999415,5.732002879359294
C10681,18,Low,High,Beginner,2024-12-02,UK,289,35267,2025-09-16 18:10:22.621466,112,2344438.88,20932.49,15555.82,11449,102.22,44723.0,3,0.67,0.3875432525951557,20932.49,2,0.7431423590791157,1.194559742920886,-0.11767132465861879,6.095943019747662
C10682,42,High,Low,Advanced,2025-01-21,Canada,239,34550,2025-09-16 18:10:22.621466,100,2047326.99,20473.27,16919.13,9818,98.18,34550.0,1,1.0,0.4184100418410041,20473.2699,1,0.8264009608626273,0.0,-0.39182300305862167,4.817433169267732
C10683,25,Medium,Medium,Beginner,2025-03-07,Germany,194,31649,2025-09-16 18:10:22.622469,98,2166353.93,22105.65,14804.03,10813,110.34,31649.0,1,1.0,0.5051546391752577,22105.652346938776,2,0.6696943993956296,-0.19909329048681434,0.5826983958059658,5.388395659851676
C10684,49,Low,High,Intermediate,2024-10-16,USA,336,12504,2025-09-16 18:10:22.622469,101,1877854.39,18592.62,13143.93,9755,96.58,19006.0,3,0.67,0.3005952380952381,18592.61772277228,1,0.7069434001232747,0.09954664524340717,-1.51456015297144,3.762985997443613
C10685,29,Low,Low,Beginner,2022-01-27,UK,1329,15092,2025-09-16 18:10:22.623472,93,1945848.89,20923.11,15053.96,8909,95.8,22644.0,3,1.0,0.0699774266365688,20923.10634408602,2,0.7194895978657092,-0.6968265167038502,-0.1232711302929385,4.323558118413237
C10686,50,High,Very High,Advanced,2021-06-20,Canada,1550,38374,2025-09-16 18:10:22.623472,100,2060748.12,20607.48,16626.0,10080,100.8,68886.0,6,1.0,0.064516129032258,20607.4812,1,0.8067944261015904,0.0,-0.3117004109283485,4.873277998025317
C10687,50,Low,Very High,Beginner,2024-10-10,Canada,342,14616,2025-09-16 18:10:22.624464,104,2210852.47,21258.2,16524.0,10225,98.32,14616.0,1,1.0,0.3040935672514619,21258.19682692308,0,0.7773000536263653,0.3981865809736287,0.0767756575539688,5.572000528983833
C10688,67,Medium,High,Beginner,2023-02-03,USA,957,17116,2025-09-16 18:10:22.624464,91,2354845.32,25877.42,21301.27,9959,109.44,26731.0,4,0.5,0.0950888192267502,25877.421098901097,0,0.8231605005444902,-0.8959198071906646,2.834423224948371,6.96489158968796
C10689,24,High,Low,Intermediate,2021-06-18,Japan,1552,19816,2025-09-16 18:10:22.625461,101,2476971.1,24524.47,18001.19,11234,111.23,62262.0,9,0.44,0.0650773195876288,24524.466336633664,2,0.7340093384281087,0.09954664524340717,2.0267199165313112,7.0558917222492425
C10690,69,Medium,High,Intermediate,2021-07-15,Australia,1525,13099,2025-09-16 18:10:22.626462,112,1968660.5,17577.33,13898.77,10017,89.44,56252.0,12,0.67,0.0734426229508196,17577.32589285714,1,0.7907213439128695,1.194559742920886,-2.120682398437094,4.291450544503958
C10691,24,Medium,Very High,Beginner,2025-07-06,UK,73,43849,2025-09-16 18:10:22.626462,92,2154573.29,23419.27,14307.42,9882,107.41,43849.0,1,1.0,1.2602739726027397,23419.274891304347,2,0.610925105692876,-0.7963731619472574,1.366921922176356,5.506676254521864
C10692,54,Low,High,Intermediate,2020-12-15,Japan,1737,15774,2025-09-16 18:10:22.628180,95,1814475.45,19099.74,13573.23,9065,95.42,45779.29,16,0.19,0.054691997697179,19099.741578947367,1,0.7106499879055944,-0.49773322621703586,-1.2118124521957556,3.4946092131396247
C10693,18,Medium,Low,Intermediate,2021-08-31,Germany,1478,46509,2025-09-16 18:10:22.628180,92,1997872.85,21716.01,16259.74,9458,102.8,82934.0,11,0.64,0.0622462787550744,21716.009239130435,2,0.7487443595761837,-0.7963731619472574,0.3500855741262095,4.695510404783429
C10694,21,Medium,Low,Intermediate,2024-12-09,Canada,282,39941,2025-09-16 18:10:22.629221,86,1714897.21,19940.67,15185.02,8619,100.22,39941.0,1,1.0,0.3049645390070922,19940.665232558134,2,0.7615100194727661,-1.3936530334077004,-0.7097821161543966,3.1780581828008136
C10695,51,High,Low,Beginner,2022-09-11,Canada,1102,21847,2025-09-16 18:10:22.630217,93,1730748.38,18610.2,13325.99,8990,96.67,32610.0,3,1.0,0.0843920145190562,18610.1976344086,1,0.7160583980827717,-0.6968265167038502,-1.5040649948636216,3.0461812528132506
C10696,48,Low,Very High,Advanced,2024-04-15,Canada,520,25871,2025-09-16 18:10:22.630217,105,2483232.58,23649.83,17506.12,11162,106.3,33152.0,2,1.0,0.2019230769230769,23649.834095238097,0,0.7402218113195739,0.49773322621703586,1.5045649058702388,6.94722533636205
C10697,20,High,Medium,Intermediate,2020-12-15,USA,1737,31779,2025-09-16 18:10:22.631215,97,1926156.75,19857.29,13702.81,9849,101.54,77530.0,13,0.54,0.0558434081750143,19857.286082474227,2,0.6900644549180678,-0.2986399357302215,-0.7595594928910184,4.076681571257895
C10698,25,Low,Very High,Intermediate,2022-08-16,USA,1128,42855,2025-09-16 18:10:22.631215,85,2034432.74,23934.5,17590.71,9242,108.73,53374.0,4,0.5,0.075354609929078,23934.50282352941,2,0.7349520566546198,-1.4931996786511077,1.6745112459471696,5.2619375654615705
C10699,45,High,High,Advanced,2022-02-11,Australia,1314,24503,2025-09-16 18:10:22.632212,100,1859908.36,18599.08,12723.07,9649,96.49,36372.0,7,0.29,0.076103500761035,18599.0836,1,0.684069857218744,0.0,-1.5107035704130483,3.653574305095065
C10700,53,Low,Very High,Advanced,2023-08-31,USA,748,20367,2025-09-16 18:10:22.632212,95,2124462.16,22362.76,17884.82,10388,109.35,33677.0,3,0.67,0.1270053475935829,22362.75957894737,0,0.799759063729164,-0.49773322621703586,0.7361915756183078,5.374477753457097
C10701,48,Low,Medium,Advanced,2025-08-17,Japan,31,41899,2025-09-16 18:10:22.633209,102,2400435.22,23533.68,19848.22,10404,102.0,41899.0,1,1.0,3.290322580645161,23533.678627450983,0,0.8433963579006769,0.19909329048681434,1.4352240290657428,6.7028594404497275
C10702,45,High,High,Intermediate,2020-03-10,Germany,2017,34944,2025-09-16 18:10:22.634206,123,2472851.09,20104.48,14763.5,12558,102.1,57436.0,8,0.5,0.0609816559246405,20104.480406504063,2,0.7343388140354786,2.289572840598365,-0.6119884955832005,6.642147285795497
C10703,21,Medium,Very High,Intermediate,2023-04-16,Canada,885,45280,2025-09-16 18:10:22.634206,99,2279659.33,23026.86,16295.63,10586,106.93,62386.0,4,0.75,0.111864406779661,23026.86191919192,2,0.7076792059360242,-0.09954664524340717,1.1326554265512856,6.022816972948774
C10704,34,Medium,Very High,Intermediate,2021-07-23,Australia,1517,15397,2025-09-16 18:10:22.635204,101,2348680.0,23254.26,18950.58,11143,110.33,26395.0,5,0.4,0.066578773895847,23254.257425742573,0,0.8149293935820793,0.09954664524340717,1.2684119085602572,6.430791279953228
C10705,27,Medium,High,Advanced,2022-01-30,USA,1326,14043,2025-09-16 18:10:22.635204,81,1744741.23,21540.02,15916.81,8231,101.62,22706.0,4,0.5,0.0610859728506787,21540.015185185184,2,0.7389412823200721,-1.8913862596247364,0.24502056414925763,3.5790198314451227
C10706,50,Low,High,Beginner,2020-05-31,Australia,1935,32925,2025-09-16 18:10:22.636202,95,2199036.75,23147.76,15936.46,10564,111.2,70501.0,11,0.73,0.0490956072351421,23147.75526315789,0,0.6884666162082206,-0.49773322621703586,1.2048320258251841,5.704242098399461
C10707,53,High,Very High,Beginner,2023-04-29,Canada,872,38828,2025-09-16 18:10:22.636202,112,2503114.36,22349.24,14850.17,12276,109.61,38828.0,1,1.0,0.128440366972477,22349.235357142858,0,0.6644597310691549,1.194559742920886,0.728120213979078,6.803838867804024
C10708,33,High,Very High,Intermediate,2021-11-08,UK,1409,44404,2025-09-16 18:10:22.637199,95,2209583.63,23258.78,16630.49,10072,106.02,70822.0,8,0.75,0.0674237047551454,23258.77505263158,2,0.7150198763649686,-0.49773322621703586,1.2711103223627225,5.7899079962166535
C10709,37,High,Very High,Advanced,2020-02-10,Japan,2046,34205,2025-09-16 18:10:22.637199,107,2101719.32,19642.24,14826.17,10408,97.27,107597.0,14,0.86,0.052297165200391,19642.23663551402,2,0.7548105511387703,0.6968265167038502,-0.8879430964795386,4.936582730235893
C10710,50,Low,Medium,Advanced,2023-04-17,USA,884,21038,2025-09-16 18:10:22.638196,108,2387120.19,22102.96,16830.18,10969,101.56,56756.0,8,0.5,0.1221719457013574,22102.964722222223,0,0.7614446209919395,0.7963731619472574,0.5810924813969752,6.3902082300021394
C10711,38,Medium,High,Advanced,2025-08-01,UK,47,46626,2025-09-16 18:10:22.638196,93,2215208.1,23819.44,17162.42,9634,103.59,46626.0,1,1.0,1.9787234042553192,23819.441935483872,2,0.7205215571818648,-0.6968265167038502,1.6058210928251264,5.920134182644929
C10712,25,Low,High,Advanced,2022-08-21,UK,1123,39766,2025-09-16 18:10:22.639193,106,2237572.14,21109.17,16570.12,10470,98.77,73276.0,7,0.71,0.0943900267141585,21109.171132075477,2,0.7849725972172283,0.597279871460443,-0.01219438868084894,5.680703671363252
C10713,55,Low,High,Advanced,2023-04-11,UK,890,9766,2025-09-16 18:10:22.639193,97,1932672.06,19924.45,15290.58,9934,102.41,19918.0,3,1.0,0.1089887640449438,19924.45422680413,0,0.7674279591155589,-0.2986399357302215,-0.719465362144657,4.185072662727856
C10714,63,Low,High,Intermediate,2024-02-17,UK,578,41538,2025-09-16 18:10:22.640191,89,1399831.36,15728.44,12634.92,7273,81.72,42981.0,2,1.0,0.1539792387543252,15728.442247191011,1,0.8033167942911058,-1.095013097677479,-3.2244590124281665,1.17165661469206
C10715,46,Medium,Medium,Advanced,2020-05-25,UK,1941,19726,2025-09-16 18:10:22.640191,117,2373711.46,20288.13,13289.56,12605,107.74,60217.0,15,0.47,0.0602782071097372,20288.132136752138,0,0.6550411496771757,1.692292969137922,-0.5023505100029539,6.118969744572103
C10716,26,Medium,Low,Advanced,2023-03-15,UK,917,49735,2025-09-16 18:10:22.641188,102,2061828.04,20214.0,15816.65,9861,96.68,49735.0,1,1.0,0.1112322791712104,20214.000392156864,2,0.7824601761155634,0.19909329048681434,-0.5466056903517899,4.8177744414642145
C10717,49,Medium,Very High,Advanced,2024-08-03,Germany,410,42126,2025-09-16 18:10:22.641188,96,1943707.89,20246.96,16120.61,9104,94.83,46565.0,2,0.5,0.2341463414634146,20246.9571875,1,0.7961990343241653,-0.3981865809736287,-0.5269287613851424,4.297434971274831
C10718,65,Low,Very High,Beginner,2025-10-31,Japan,-44,11871,2025-09-16 18:10:22.642185,98,2251169.14,22971.11,17235.89,9840,100.41,11871.0,1,1.0,98.0,22971.11367346939,3,0.7503290002093934,-0.19909329048681434,1.0993729996735362,5.939598624830604
C10719,30,Low,Medium,Beginner,2020-11-19,USA,1763,49595,2025-09-16 18:10:22.642185,108,2291788.72,21220.27,13186.08,11251,104.18,51582.0,2,1.0,0.0612592172433352,21220.265925925927,2,0.6213907740099442,0.7963731619472574,0.05413166739301727,5.774680366144727
C10720,69,Medium,Medium,Beginner,2022-07-25,Japan,1150,22811,2025-09-16 18:10:22.643183,97,2107359.96,21725.36,15095.63,10326,106.45,33773.0,5,0.4,0.0843478260869565,21725.36041237113,0,0.6948391188914705,-0.2986399357302215,0.35566746993440734,5.110230380876681
C10721,70,Medium,Very High,Intermediate,2020-07-08,Australia,1897,43351,2025-09-16 18:10:22.644191,88,1808794.22,20554.48,17374.72,8126,92.34,84195.0,14,0.5,0.0463890353189246,20554.47977272727,1,0.8453008784459641,-1.194559742920886,-0.3433411037448637,3.7772619982666433
C10722,65,High,High,Beginner,2022-03-20,UK,1277,42212,2025-09-16 18:10:22.645178,114,2459887.36,21577.96,17835.04,11916,104.53,50571.0,4,0.25,0.0892717306186374,21577.95929824561,1,0.8265396728884473,1.3936530334077004,0.2676705242522491,6.712225550523738
C10723,62,High,Medium,Intermediate,2022-12-29,Australia,993,8089,2025-09-16 18:10:22.645178,106,2275972.41,21471.44,14694.56,11174,105.42,8089.0,1,1.0,0.1067472306143001,21471.43783018868,0,0.6843770143036517,0.597279871460443,0.20407870163309408,5.78745204316253
C10724,23,High,Medium,Intermediate,2020-06-21,Japan,1914,15918,2025-09-16 18:10:22.646175,101,2018829.95,19988.42,14461.44,9789,96.92,49968.0,9,0.44,0.0527690700104493,19988.415346534654,2,0.7234909012318133,0.09954664524340717,-0.6812756429093286,4.547219557917835
C10725,27,High,Medium,Intermediate,2024-12-18,Japan,273,44186,2025-09-16 18:10:22.646175,91,1739960.17,19120.44,15098.49,8610,94.62,44186.0,1,1.0,0.3333333333333333,19120.441428571427,2,0.7896518071759855,-0.8959198071906646,-1.199454672171194,3.2114661764823382
C10726,62,Low,High,Advanced,2021-12-23,Japan,1364,46251,2025-09-16 18:10:22.647172,97,1854587.88,19119.46,13906.64,9768,100.7,55795.0,4,0.5,0.0711143695014662,19119.46268041237,1,0.7273552704940411,-0.2986399357302215,-1.2000397264911973,3.7046143053907366
C10727,70,High,Low,Intermediate,2024-05-21,Japan,484,9897,2025-09-16 18:10:22.647172,92,1865863.9,20281.13,14872.69,9021,98.05,32307.0,4,1.0,0.1900826446280991,20281.129347826085,0,0.7333264961074654,-0.7963731619472574,-0.5065294694315502,3.890789633455911
C10728,68,Low,Very High,Advanced,2023-07-09,Australia,801,10692,2025-09-16 18:10:22.648169,102,2263878.97,22194.89,16175.38,10255,100.54,10692.0,1,1.0,0.1273408239700374,22194.8918627451,0,0.7287884733828373,0.19909329048681434,0.6359741585785271,5.859542277111336
C10729,70,Medium,Medium,Advanced,2020-11-23,Canada,1759,28096,2025-09-16 18:10:22.648169,111,2302952.11,20747.32,15815.22,10713,96.51,52484.0,7,0.43,0.0631040363843092,20747.316306306304,1,0.7622777303285436,1.095013097677479,-0.22821674142907505,5.9197262574627505
C10730,41,Low,Medium,Intermediate,2024-03-01,Japan,565,34868,2025-09-16 18:10:22.649167,109,2424075.68,22239.23,17315.77,10620,97.43,45682.0,4,0.5,0.1929203539823009,22239.22642201835,2,0.7786137379756404,0.8959198071906646,0.6624448815876647,6.572987530131733
C10731,70,Low,Low,Advanced,2022-11-23,USA,1029,17815,2025-09-16 18:10:22.649167,83,1406519.56,16946.02,13601.12,7171,86.4,42532.0,9,0.56,0.0806608357628765,16946.018795180724,1,0.802614419196956,-1.692292969137922,-2.4975708094181175,1.2906123328441002
C10732,67,Low,High,Intermediate,2023-10-14,Japan,704,25100,2025-09-16 18:10:22.650164,100,2151878.76,21518.79,17210.08,10073,100.73,30016.0,2,1.0,0.1420454545454545,21518.7876,0,0.7997698755366822,0.0,0.23234637719652926,5.36884754104047
C10733,28,Low,Very High,Advanced,2020-11-05,Australia,1777,49462,2025-09-16 18:10:22.650164,118,2350546.93,19919.89,16631.82,10773,91.3,95910.0,17,0.29,0.0664040517726505,19919.88923728814,2,0.8349353334782471,1.791839614381329,-0.7221876557152862,6.173972625356223
C10734,26,Low,High,Beginner,2022-10-01,Germany,1082,32819,2025-09-16 18:10:22.651161,100,2228811.54,22288.12,16765.36,10291,102.91,54481.0,8,0.62,0.0924214417744916,22288.1154,2,0.7522105947024693,0.0,0.6916319282253894,5.748792700285222
C10735,37,Medium,Low,Beginner,2023-06-22,Japan,818,31242,2025-09-16 18:10:22.651161,102,2133780.35,20919.42,17370.84,10159,99.6,50643.0,7,0.43,0.1246943765281173,20919.415196078437,2,0.8303691020114325,0.19909329048681434,-0.12547403890601425,5.250609822034103
C10736,60,Medium,High,Advanced,2023-05-14,Germany,857,21253,2025-09-16 18:10:22.652159,120,2333303.59,19444.2,15612.17,11218,93.48,33824.0,4,1.0,0.1400233372228704,19444.19658333333,0,0.8029216938727229,1.9909329048681434,-1.0061718286565708,6.066091952040145
C10737,62,Low,Medium,Beginner,2025-04-09,Japan,161,38485,2025-09-16 18:10:22.653156,104,2366574.56,22755.52,16190.02,10389,99.89,38485.0,1,1.0,0.6459627329192547,22755.524615384616,0,0.7114765999634375,0.3981865809736287,0.9706670192148094,6.336149955302914
C10738,45,High,Medium,Intermediate,2023-06-28,Australia,812,15018,2025-09-16 18:10:22.653156,86,1487447.27,17295.9,12789.81,7571,88.03,15018.0,1,1.0,0.105911330049261,17295.898488372095,1,0.7394706259865054,-1.3936530334077004,-2.2886944772927897,1.700683739177237
C10739,20,Low,Medium,Beginner,2024-08-19,USA,394,39224,2025-09-16 18:10:22.654159,101,2019139.17,19991.48,13448.88,10654,105.49,45621.0,4,0.25,0.2563451776649746,19991.47693069307,2,0.6727305832284552,0.09954664524340717,-0.6794488406448271,4.502063215523126
C10740,39,Medium,Medium,Intermediate,2025-08-12,Japan,36,43016,2025-09-16 18:10:22.654159,107,2319699.77,21679.44,15702.21,10866,101.55,48806.0,2,1.0,2.9722222222222223,21679.43710280374,2,0.7242903875745867,0.6968265167038502,0.3282534960828142,6.030736910428192
C10741,67,Medium,Low,Advanced,2023-12-03,USA,654,35261,2025-09-16 18:10:22.655157,97,1855024.25,19123.96,14177.03,8955,92.32,35261.0,1,1.0,0.1483180428134556,19123.961340206184,1,0.741322926841512,-0.2986399357302215,-1.1973532525728139,3.7199829049531385
C10742,35,High,Very High,Intermediate,2023-06-06,Australia,834,20696,2025-09-16 18:10:22.655157,100,2056552.43,20565.52,17269.91,9856,98.56,41600.0,7,0.29,0.1199040767386091,20565.5243,2,0.8397507089536272,0.0,-0.33675028773176263,4.88057410935622
C10743,38,Medium,High,Beginner,2025-05-25,Germany,115,17992,2025-09-16 18:10:22.656155,93,2035720.62,21889.47,17292.31,8775,94.35,17992.0,1,1.0,0.808695652173913,21889.469032258065,0,0.7899830375061616,-0.6968265167038502,0.45364018876682866,4.920989766444528
C10744,30,Medium,Very High,Beginner,2025-10-07,USA,-20,17738,2025-09-16 18:10:22.656155,95,1895486.12,19952.49,14659.88,9604,101.09,17738.0,1,1.0,95.0,19952.485473684214,3,0.7347393733814676,-0.49773322621703586,-0.7027256446621076,3.9866295874109627
C10745,19,High,Very High,Intermediate,2022-08-02,Japan,1142,22435,2025-09-16 18:10:22.657152,95,2012140.81,21180.43,15079.39,9997,105.23,31378.0,4,0.5,0.0831873905429071,21180.42957894737,2,0.7119491908332362,-0.49773322621703586,0.030347418302263108,4.642085801028198
C10746,66,High,Very High,Intermediate,2023-07-29,Germany,781,41934,2025-09-16 18:10:22.657152,95,1734924.7,18262.37,17277.11,7934,83.52,46965.0,3,0.67,0.1216389244558258,18262.36526315789,1,0.9460497186290717,-0.49773322621703586,-1.711717488870575,3.2505210461561256
C10747,42,Medium,High,Intermediate,2023-11-10,Canada,677,37455,2025-09-16 18:10:22.658149,111,2204464.09,19860.04,15958.19,10254,92.38,37455.0,1,1.0,0.1639586410635155,19860.036846846844,2,0.8035326212837436,1.095013097677479,-0.7579177588297842,5.468983240246275
C10748,27,High,Low,Advanced,2022-02-16,Australia,1309,45347,2025-09-16 18:10:22.658149,123,2673903.37,21739.05,15856.26,12495,101.59,68185.0,9,0.33,0.093964858670741,21739.05178861789,2,0.7293906587454374,2.289572840598365,0.3638403205883328,7.538085762424339
C10749,38,High,Medium,Beginner,2023-01-21,Germany,970,48864,2025-09-16 18:10:22.659147,108,2184496.76,20226.82,14263.2,10634,98.46,52639.0,2,0.5,0.111340206185567,20226.82185185185,2,0.7051627492606352,0.7963731619472574,-0.5389522246554178,5.3046821869139364
C10750,69,Medium,Very High,Intermediate,2023-02-26,Japan,934,34581,2025-09-16 18:10:22.659147,104,2122531.42,20408.96,16028.06,9997,96.12,67008.0,9,0.44,0.1113490364025695,20408.95596153846,1,0.7853442801593026,0.3981865809736287,-0.4302157003233412,5.111567078420362
C10751,50,Medium,Medium,Intermediate,2022-09-01,Germany,1112,39109,2025-09-16 18:10:22.660144,107,2254481.64,21069.92,16821.64,10536,98.47,41612.0,2,0.5,0.0962230215827338,21069.92186915888,1,0.7983722766863852,0.6968265167038502,-0.03562641119119275,5.763308373241581
C10752,49,Low,Very High,Advanced,2023-04-16,Canada,885,31546,2025-09-16 18:10:22.661052,114,2117616.42,18575.58,12173.71,10967,96.2,39543.0,3,1.0,0.1288135593220339,18575.582631578945,1,0.655360963157005,1.3936530334077004,-1.5247329342090503,4.900212099860411
C10753,60,High,Very High,Advanced,2024-03-19,Australia,547,34086,2025-09-16 18:10:22.661441,121,2512150.34,20761.57,13533.33,12211,100.92,51528.0,8,0.5,0.2212065813528336,20761.57305785124,0,0.6518452120913785,2.0904795501115507,-0.21970957402086105,6.744295007910923
C10754,60,Medium,Low,Beginner,2021-11-16,Australia,1401,36920,2025-09-16 18:10:22.662486,102,1990203.01,19511.79,14304.51,9993,97.97,62977.0,6,0.67,0.0728051391862955,19511.794215686277,1,0.7331213589322149,0.19909329048681434,-0.9658209904024525,4.38538797119333
C10755,19,High,High,Advanced,2021-10-13,Canada,1435,35961,2025-09-16 18:10:22.662486,93,1929974.06,20752.41,15307.39,8995,96.72,71366.0,9,0.56,0.0648083623693379,20752.40924731183,2,0.73761987161973,-0.6968265167038502,-0.22517804093028132,4.246248192023126
C10756,36,High,Medium,Intermediate,2022-01-06,Germany,1350,31251,2025-09-16 18:10:22.663483,85,1758463.38,20687.8,14136.04,8768,103.15,81937.0,14,0.43,0.0629629629629629,20687.804470588235,2,0.6833032028538559,-1.4931996786511077,-0.26374983645622596,3.4256285846516534
C10757,34,Low,Low,Advanced,2023-01-21,Germany,970,5753,2025-09-16 18:10:22.663483,102,1992222.52,19531.59,12887.03,10361,101.58,17783.0,4,0.75,0.1051546391752577,19531.59333333333,0,0.6598044501241322,0.19909329048681434,-0.9540005051615661,4.328638450609727
C10758,38,Low,Very High,Beginner,2023-08-09,Australia,770,14627,2025-09-16 18:10:22.664481,102,2090417.27,20494.29,16271.36,10042,98.45,18309.0,2,0.5,0.1324675324675324,20494.286960784317,0,0.793946021062452,0.19909329048681434,-0.37927418488875064,4.982788897901752
C10759,27,High,Very High,Advanced,2020-09-16,Japan,1827,32690,2025-09-16 18:10:22.664481,108,2275515.32,21069.59,14723.3,10716,99.22,65296.0,12,0.58,0.0591133004926108,21069.586296296296,2,0.6987938540806916,0.7963731619472574,-0.035823419278539735,5.7630972477186635
C10760,46,High,Medium,Advanced,2023-02-17,Germany,943,38634,2025-09-16 18:10:22.665478,112,2359255.29,21064.78,15648.18,11225,100.22,65794.0,7,0.57,0.1187698833510074,21064.779375,2,0.7428598827046853,1.194559742920886,-0.0386949614001903,6.168562533118994
C10761,20,Low,Very High,Advanced,2023-09-24,Canada,724,36084,2025-09-16 18:10:22.666475,80,1540935.12,19261.69,16899.88,7041,88.01,40563.0,2,1.0,0.1104972375690607,19261.689,2,0.8773830333683079,-1.9909329048681434,-1.1151292408441604,2.3597526546172833
C10762,60,High,High,Intermediate,2023-12-02,USA,655,7551,2025-09-16 18:10:22.666475,109,2372432.5,21765.44,16927.7,11426,104.83,22371.0,4,0.5,0.166412213740458,21765.435779816515,0,0.7777329564667658,0.8959198071906646,0.37959499763414073,6.311158007277227
C10763,31,High,High,Advanced,2023-04-07,UK,894,22608,2025-09-16 18:10:22.667473,83,1811648.17,21827.09,16300.68,8688,104.67,33397.0,4,0.5,0.0928411633109619,21827.086385542167,2,0.7468095838703189,-1.692292969137922,0.4163996903159937,3.928156466226179
C10764,24,Medium,Medium,Advanced,2025-02-27,USA,202,48427,2025-09-16 18:10:22.667473,112,2179099.4,19456.24,13341.68,11032,98.5,61663.0,4,0.5,0.5544554455445545,19456.244642857146,2,0.6857275609264688,1.194559742920886,-0.9989840184393846,5.229675812067548
C10765,38,High,Low,Intermediate,2024-02-20,USA,575,37750,2025-09-16 18:10:22.668470,115,2798230.71,24332.44,19541.38,11927,103.71,56746.0,7,0.43,0.2,24332.44095652174,0,0.8030998946262685,1.4931996786511077,1.9120791195208304,8.29993459075213
C10766,44,Medium,Low,Advanced,2021-11-23,UK,1394,36218,2025-09-16 18:10:22.668979,107,2173911.1,20316.93,16289.89,10028,93.72,36218.0,1,1.0,0.0767575322812051,20316.9261682243,2,0.8017889513819263,0.6968265167038502,-0.4851570769253008,5.351629877996846
C10767,32,Medium,Low,Beginner,2024-08-17,UK,396,36237,2025-09-16 18:10:22.668979,90,1864214.16,20713.49,13187.37,9059,100.66,52927.0,6,0.67,0.2272727272727272,20713.490666666665,2,0.6366561115485608,-0.9954664524340717,-0.24841305535327599,3.856048360919082
C10768,34,Low,High,Advanced,2025-06-18,Japan,91,35765,2025-09-16 18:10:22.669982,96,2217644.55,23100.46,17123.34,10418,108.52,35765.0,1,1.0,1.054945054945055,23100.4640625,2,0.7412553689407051,-0.3981865809736287,1.176594199971955,5.818760590940005
C10769,19,High,Medium,Beginner,2022-04-23,Canada,1243,39318,2025-09-16 18:10:22.669982,108,2389558.84,22125.54,17118.31,11084,102.63,52988.0,6,0.5,0.0868865647626709,22125.544814814813,2,0.7736900432712603,0.7963731619472574,0.5945726105252199,6.413948028586247
C10770,36,High,Medium,Intermediate,2020-02-26,UK,2030,34104,2025-09-16 18:10:22.670979,94,1993680.08,21209.36,13603.02,9798,104.23,72891.0,13,0.46,0.0463054187192118,21209.36255319149,2,0.6413687164534904,-0.597279871460443,0.04761846062644791,4.5010286695426895
C10771,64,High,High,Beginner,2025-06-13,USA,96,17772,2025-09-16 18:10:22.670979,93,2161180.27,23238.5,16800.51,9551,102.7,26264.0,2,1.0,0.96875,23238.49752688172,0,0.7229601738494308,-0.6968265167038502,1.2590032799038755,5.6023375832214155
C10772,64,Low,Medium,Beginner,2024-11-19,Germany,302,43419,2025-09-16 18:10:22.671976,107,2511008.22,23467.37,15582.16,12417,116.05,43419.0,1,1.0,0.3543046357615894,23467.36654205608,0,0.6639925990854536,0.6968265167038502,1.3956373433928528,6.960086093833422
C10773,43,Medium,High,Advanced,2020-05-29,USA,1937,18307,2025-09-16 18:10:22.671976,110,2289573.79,20814.31,16504.66,10355,94.14,61495.0,14,0.5,0.0567888487351574,20814.30718181818,0,0.7929477364370954,0.9954664524340717,-0.18822409969740703,5.893071813023751
C10774,40,High,Medium,Beginner,2022-11-02,Australia,1050,45798,2025-09-16 18:10:22.672974,92,1904080.3,20696.53,16067.42,8953,97.32,57880.0,5,0.8,0.0876190476190476,20696.525,1,0.7763340038160987,-0.7963731619472574,-0.2585380770545625,4.159326356606486
C10775,31,Medium,Very High,Beginner,2021-09-09,Japan,1469,31794,2025-09-16 18:10:22.673971,97,1806251.01,18621.14,16036.16,8543,88.07,39720.0,2,1.0,0.0660313138189244,18621.14443298969,2,0.8611803573787642,-0.2986399357302215,-1.4975338782709302,3.5535788397752555
C10776,59,High,High,Intermediate,2023-10-31,Australia,687,27653,2025-09-16 18:10:22.673971,107,2249604.05,21024.34,17241.08,10492,98.06,52827.0,6,0.5,0.155749636098981,21024.33691588785,0,0.8200533286657276,0.6968265167038502,-0.06283740701339471,5.75820528522877
C10777,18,High,Medium,Intermediate,2022-03-30,Canada,1267,12089,2025-09-16 18:10:22.674968,81,1738340.5,21460.99,14274.51,8636,106.62,31611.0,11,0.36,0.063930544593528,21460.99382716049,2,0.6651375355936515,-1.8913862596247364,0.19784011220040557,3.4673743913568726
C10778,50,High,High,Advanced,2025-04-04,Germany,166,13802,2025-09-16 18:10:22.674968,100,2293614.04,22936.14,18927.22,10228,102.28,25561.0,5,0.4,0.6024096385542169,22936.1404,0,0.8252138328419691,0.0,1.0784961123566763,6.173163000736403
C10779,38,Low,Low,Advanced,2020-09-16,Japan,1827,24740,2025-09-16 18:10:22.675966,94,2127548.69,22633.5,17867.71,9583,101.95,42140.0,5,0.6,0.0514504652435686,22633.49670212766,2,0.7894364548125565,-0.597279871460443,0.8978217864323339,5.4222432868763555
C10780,51,Low,Very High,Advanced,2022-02-22,Australia,1303,10760,2025-09-16 18:10:22.675966,107,2384529.18,22285.32,16520.44,11001,102.81,48329.0,8,0.75,0.0821181887950882,22285.319439252336,0,0.7413149104432872,0.6968265167038502,0.6899603444539513,6.380234043775243
C10781,19,Low,High,Intermediate,2020-11-12,Germany,1770,40324,2025-09-16 18:10:22.676963,107,2373109.78,22178.6,14984.11,11548,107.93,94509.0,12,0.5,0.0604519774011299,22178.596074766352,2,0.6756111747360068,0.6968265167038502,0.6262491229939788,6.260808614627089
C10782,62,Medium,Very High,Intermediate,2024-03-20,UK,546,24445,2025-09-16 18:10:22.678156,101,1864507.67,18460.47,13563.32,9219,91.28,41511.0,5,0.8,0.184981684981685,18460.471980198017,1,0.7347223553896515,0.09954664524340717,-1.593452937041297,3.7158176401387317
C10783,65,Low,Low,Advanced,2024-02-11,UK,584,16685,2025-09-16 18:10:22.678156,93,1875617.39,20167.93,16067.59,8475,91.13,29367.0,3,1.0,0.1592465753424657,20167.928924731183,1,0.7966900916454985,-0.6968265167038502,-0.5741092133339945,3.978761578506801
C10784,59,High,Medium,Intermediate,2020-08-02,Australia,1872,22442,2025-09-16 18:10:22.679155,108,2367721.84,21923.35,15536.94,11130,103.06,97273.0,16,0.62,0.0576923076923076,21923.35037037037,0,0.7086936987276125,0.7963731619472574,0.4738663524012334,6.242579791846428
C10785,21,Low,Low,Advanced,2020-07-20,USA,1885,13237,2025-09-16 18:10:22.680152,77,1703934.75,22129.02,16402.63,8164,106.03,13237.0,1,1.0,0.0408488063660477,22129.022727272728,2,0.7412271307089062,-2.289572840598365,0.5966501503554361,3.5381659705709576
C10786,47,Low,Medium,Intermediate,2025-07-07,Japan,72,22464,2025-09-16 18:10:22.680152,96,2222138.65,23147.28,16659.65,10402,108.35,22464.0,1,1.0,1.3333333333333333,23147.277604166666,0,0.7197238725241153,-0.3981865809736287,1.2045454686072234,5.824684821562423
C10787,55,Medium,Very High,Beginner,2025-12-12,Canada,-86,43209,2025-09-16 18:10:22.680152,87,1803335.73,20728.0,14719.13,8878,102.05,43209.0,1,1.0,87.0,20727.99689655173,3,0.7101085488228482,-1.2941063881642934,-0.2397506694520008,3.6562368008474477
C10788,62,Medium,High,Advanced,2020-12-02,Australia,1750,39941,2025-09-16 18:10:22.681149,95,2038426.69,21457.12,15213.53,9788,103.03,43188.0,2,0.5,0.0542857142857142,21457.123052631578,1,0.7090201294488729,-0.49773322621703586,0.1955297446305943,4.791814752153839
C10789,57,Medium,Medium,Advanced,2020-07-30,USA,1875,18529,2025-09-16 18:10:22.681149,101,2163684.99,21422.62,17164.47,10250,101.49,35843.0,6,0.67,0.0538666666666666,21422.62366336634,0,0.8012311285921144,0.09954664524340717,0.17493344458965515,5.409077415549747
C10790,58,Medium,High,Advanced,2022-07-29,UK,1146,21044,2025-09-16 18:10:22.682147,104,2070396.35,19907.66,13491.07,10712,103.0,77011.0,12,0.5,0.0907504363001745,19907.657211538462,1,0.6776823594535972,0.3981865809736287,-0.7294888948312479,4.736043245367343
C10791,47,Medium,High,Advanced,2024-08-23,Canada,390,39432,2025-09-16 18:10:22.682147,106,2267841.7,21394.73,16636.96,11420,107.74,66434.0,7,0.57,0.2717948717948718,21394.73301886793,1,0.7776195352780801,0.597279871460443,0.15828327623771946,5.831236702025715
C10792,32,Medium,Low,Advanced,2022-04-19,UK,1247,47371,2025-09-16 18:10:22.683144,102,2235754.48,21919.16,14260.66,10481,102.75,52208.0,3,0.33,0.0817963111467522,21919.16156862745,2,0.6506024865916394,0.19909329048681434,0.4713649466861172,5.635488416316656
C10793,28,High,Low,Beginner,2020-07-05,UK,1900,6481,2025-09-16 18:10:22.684141,108,2468362.66,22855.21,18759.82,11269,104.34,26028.0,7,0.29,0.0568421052631578,22855.209814814814,0,0.8208115348754179,0.7963731619472574,1.0301813714200614,6.8594163796129655
C10794,54,Medium,High,Beginner,2025-03-16,USA,185,32927,2025-09-16 18:10:22.684141,97,2252702.12,23223.73,16085.72,10136,104.49,32927.0,1,1.0,0.5243243243243243,23223.73319587629,0,0.6926415351883612,-0.2986399357302215,1.2501856755095369,5.933672860304236
C10795,37,High,High,Advanced,2022-09-07,UK,1106,9827,2025-09-16 18:10:22.685139,93,1830154.97,19679.09,13598.29,9061,97.43,9827.0,1,1.0,0.0840867992766726,19679.08569892473,0,0.6910019721440371,-0.6968265167038502,-0.8659438600590001,3.6119235561335272
C10796,48,High,High,Advanced,2024-09-25,Japan,357,30849,2025-09-16 18:10:22.685139,86,1858464.04,21610.05,17129.19,8795,102.27,30849.0,1,1.0,0.2408963585434173,21610.046976744183,1,0.7926492534723427,-1.3936530334077004,0.286828068261343,4.126475723073141
C10797,31,Medium,High,Intermediate,2021-01-15,Australia,1706,20809,2025-09-16 18:10:22.685139,95,1953058.63,20558.51,16198.46,9164,96.46,56869.0,11,0.36,0.055685814771395,20558.51189473684,2,0.7879199416689244,-0.49773322621703586,-0.34093521710240104,4.3695690122491335
C10798,53,Low,Medium,Intermediate,2023-05-17,UK,854,38177,2025-09-16 18:10:22.686136,86,1845710.01,21461.74,14846.57,8237,95.78,48361.0,6,0.5,0.1007025761124121,21461.74430232558,1,0.6917691668988627,-1.3936530334077004,0.19828785785346945,3.9516767604838843
C10799,34,High,High,Intermediate,2020-03-05,Australia,2022,35323,2025-09-16 18:10:22.687133,103,2247088.87,21816.4,16110.64,10672,103.61,43262.0,2,1.0,0.0509396636993076,21816.396796116507,2,0.7384646412790377,0.2986399357302215,0.4100178222743238,5.75181940330247
C10800,31,High,Medium,Beginner,2024-12-01,Japan,290,45798,2025-09-16 18:10:22.687133,86,1804914.28,20987.38,15118.79,9083,105.62,50018.0,2,1.0,0.296551724137931,20987.37534883721,2,0.7203752921994074,-1.3936530334077004,-0.08490231279638291,3.7167440329567176
C10801,64,Low,Medium,Intermediate,2024-08-19,Canada,394,16901,2025-09-16 18:10:22.687133,105,2487017.14,23685.88,16932.87,11414,108.7,22240.0,2,1.0,0.266497461928934,23685.87752380953,0,0.7148930079861926,0.49773322621703586,1.5260865469275096,6.94371204857358
C10802,28,High,Medium,Beginner,2023-01-17,Germany,974,23740,2025-09-16 18:10:22.688131,106,2163719.99,20412.45,16451.99,10627,100.25,64548.0,11,0.45,0.108829568788501,20412.45273584906,2,0.8059782142760914,0.597279871460443,-0.4281321905510829,5.316256263676356
C10803,31,Medium,Medium,Advanced,2020-11-20,UK,1762,44285,2025-09-16 18:10:22.689128,100,2079494.72,20794.95,15481.83,10418,104.18,56082.0,4,0.75,0.0567536889897843,20794.9472,2,0.7444995058896511,0.0,-0.19978190748849672,4.919071141666384
C10804,18,Low,Low,Advanced,2021-04-30,Japan,1601,46446,2025-09-16 18:10:22.689128,96,2143645.49,22329.64,18922.83,9213,95.97,65558.0,5,0.8,0.0599625234228607,22329.64052083333,2,0.8474310378492445,-0.3981865809736287,0.7164191275790068,5.492086367150874
C10805,56,High,Low,Beginner,2022-05-15,USA,1221,14580,2025-09-16 18:10:22.690126,117,2151766.87,18391.17,15798.88,10367,88.61,57105.0,12,0.25,0.0958230958230958,18391.16982905983,0,0.8590470318092868,1.692292969137922,-1.6348246353844027,5.262169875163019
C10806,37,High,Medium,Advanced,2024-03-26,Japan,540,12866,2025-09-16 18:10:22.690126,112,2635710.23,23533.13,17286.84,11837,105.69,14412.0,2,0.5,0.2074074074074074,23533.12705357143,0,0.7345746188458568,1.194559742920886,1.4348956822534964,7.520761132458177
C10807,22,Medium,Medium,Beginner,2021-02-24,Australia,1666,46240,2025-09-16 18:10:22.691123,87,1559346.15,17923.52,13510.91,8100,93.1,57014.0,5,0.6,0.0522208883553421,17923.51896551724,2,0.7538089616325364,-1.2941063881642934,-1.9140089749248417,2.1515415141153147
C10808,43,Medium,Low,Advanced,2023-11-23,UK,664,15097,2025-09-16 18:10:22.691123,98,1820334.47,18574.84,15598.15,8610,87.86,24304.0,4,0.25,0.1475903614457831,18574.841530612244,1,0.8397461297109423,-0.19909329048681434,-1.5251747099200743,3.6001545288686208
C10809,51,Low,Low,Advanced,2023-02-17,Australia,943,15678,2025-09-16 18:10:22.692120,115,2192173.57,19062.38,16067.32,10670,92.78,22307.0,2,1.0,0.1219512195121951,19062.37886956521,0,0.84288110928436,1.4931996786511077,-1.2341161556603788,5.433304330925362
C10810,35,Low,Medium,Intermediate,2023-12-26,Canada,631,46614,2025-09-16 18:10:22.692120,113,2188988.66,19371.58,13303.61,11435,101.19,50614.0,3,0.33,0.179080824088748,19371.581061946905,2,0.6867591595522926,1.2941063881642934,-1.0495255477572367,5.275850197465204
C10811,43,Medium,Very High,Intermediate,2024-10-02,Canada,350,23837,2025-09-16 18:10:22.693118,106,2045708.31,19299.14,14386.43,10067,94.97,33582.0,3,1.0,0.3028571428571429,19299.135,1,0.7454440975090082,0.597279871460443,-1.0927718079011697,4.6470586199141515
C10812,55,Medium,Very High,Intermediate,2025-11-21,Germany,-65,40585,2025-09-16 18:10:22.693118,94,1749015.67,18606.55,13897.96,8961,95.33,40585.0,1,1.0,94.0,18606.54968085106,3,0.7469391155265216,-0.597279871460443,-1.5062440237085333,3.16453011017795
C10813,33,Medium,Low,Intermediate,2023-12-17,Germany,640,29134,2025-09-16 18:10:22.694818,98,1879026.1,19173.74,13986.32,9219,94.07,48347.0,4,0.75,0.153125,19173.735714285714,2,0.7294518440325153,-0.19909329048681434,-1.1676348810934514,3.828315212469367
C10814,18,High,Low,Beginner,2022-07-22,Japan,1153,39276,2025-09-16 18:10:22.695817,93,1373555.95,14769.42,11692.13,7439,79.99,52609.0,6,0.5,0.0806591500433651,14769.4188172043,1,0.7916444924716068,-0.6968265167038502,-3.796988394029948,1.0
C10815,68,High,Medium,Beginner,2023-03-10,UK,922,24319,2025-09-16 18:10:22.696817,114,2525702.82,22155.29,15801.11,12046,105.67,57656.0,9,0.56,0.123644251626898,22155.28789473684,0,0.7131980669176526,1.3936530334077004,0.6123331880967544,6.925690958327182
C10816,22,Medium,Very High,Beginner,2020-09-26,Japan,1817,20369,2025-09-16 18:10:22.696817,107,2412518.74,22546.9,17153.6,11287,105.49,39138.0,7,0.71,0.0588882773802971,22546.904112149536,2,0.7607963844253532,0.6968265167038502,0.8461220883585571,6.542319378671806
C10817,50,High,Very High,Beginner,2024-07-09,Australia,435,11129,2025-09-16 18:10:22.697813,91,2175050.75,23901.66,19038.6,9694,106.53,30676.0,4,0.75,0.2091954022988505,23901.656593406595,0,0.7965388178059599,-0.8959198071906646,1.6549059562850117,5.851854387215944
C10818,62,Medium,Medium,Intermediate,2022-07-03,Japan,1172,40254,2025-09-16 18:10:22.697813,107,2317483.99,21658.73,16252.38,10412,97.31,75169.0,10,0.4,0.091296928327645,21658.72887850468,1,0.7503847178481841,0.6968265167038502,0.31588974611621035,6.043407628570119
C10819,42,High,High,Advanced,2025-01-16,UK,244,27623,2025-09-16 18:10:22.698810,101,2138095.36,21169.26,18625.11,9904,98.06,34967.0,3,0.33,0.4139344262295082,21169.26099009901,0,0.879818661587604,0.09954664524340717,0.023678993042630377,5.342019649408579
C10820,28,Low,Very High,Intermediate,2024-08-15,Japan,398,34362,2025-09-16 18:10:22.698810,97,2386276.42,24600.79,17141.45,11097,114.4,50087.0,5,0.6,0.2437185929648241,24600.787835051546,2,0.6967845341552039,-0.2986399357302215,2.0722825141870933,6.696135324843473
C10821,58,Low,Low,Intermediate,2020-03-21,UK,2006,28630,2025-09-16 18:10:22.699807,93,2066342.66,22218.74,18334.22,9366,100.71,28630.0,1,1.0,0.0463609172482552,22218.73827956989,1,0.8251692040142691,-0.6968265167038502,0.6502124703459603,5.134858802353246
C10822,24,Low,Very High,Intermediate,2023-06-07,Germany,833,23286,2025-09-16 18:10:22.699807,103,2118292.23,20565.94,17509.11,9229,89.6,58840.0,10,0.7,0.1236494597839135,20565.943980582524,2,0.8513644404291757,0.2986399357302215,-0.33649955016604793,5.167110709173677
C10823,24,High,Low,Advanced,2022-11-10,Germany,1042,11059,2025-09-16 18:10:22.700805,110,2389577.69,21723.43,18273.05,10542,95.84,52122.0,9,0.67,0.1055662188099808,21723.433545454543,2,0.8411678082144486,0.9954664524340717,0.3545152711205227,6.438415153437528
C10824,46,Low,Low,Beginner,2023-10-26,Japan,692,37537,2025-09-16 18:10:22.701803,109,2131486.81,19554.92,16237.73,9961,91.39,50584.0,5,0.6,0.157514450867052,19554.92486238532,1,0.8303654527863065,0.8959198071906646,-0.9400726303802597,5.141925194775587
C10825,55,High,High,Advanced,2024-09-18,Canada,364,25526,2025-09-16 18:10:22.701803,99,1925455.13,19449.04,16482.02,8784,88.73,27647.0,2,1.0,0.2719780219780219,19449.04171717172,1,0.8474464549407066,-0.09954664524340717,-1.0032823767087984,4.180730630589094
C10826,19,Medium,Very High,Advanced,2023-03-24,Germany,908,25378,2025-09-16 18:10:22.702800,96,2095871.13,21831.99,16081.27,9767,101.74,37983.0,3,1.0,0.105726872246696,21831.9909375,2,0.7365920376475071,-0.3981865809736287,0.41932496191601204,5.115641522879906
C10827,58,High,Low,Intermediate,2023-05-21,USA,850,36616,2025-09-16 18:10:22.702800,99,2208921.38,22312.34,16712.56,10237,103.4,60768.0,5,0.8,0.1164705882352941,22312.33717171717,1,0.749027668097564,-0.09954664524340717,0.7060911278483335,5.667335909549217
C10828,60,High,Very High,Intermediate,2024-01-09,Germany,617,24010,2025-09-16 18:10:22.703797,114,2262462.18,19846.16,15902.19,10986,96.37,24010.0,1,1.0,0.1847649918962723,19846.159473684213,0,0.8012728910781733,1.3936530334077004,-0.7662040383824872,5.734839223953871
C10829,51,Low,High,Intermediate,2025-05-06,Germany,134,8097,2025-09-16 18:10:22.703797,108,2325650.09,21533.8,17200.84,10287,95.25,8097.0,1,1.0,0.8059701492537313,21533.797129629627,0,0.7987833081016821,0.7963731619472574,0.24130726019984705,6.111107514610508
C10830,33,High,Very High,Intermediate,2021-12-29,Germany,1358,8243,2025-09-16 18:10:22.704794,97,2105540.6,21706.6,18527.81,9347,96.36,21353.0,7,0.43,0.0714285714285714,21706.604123711342,0,0.8535565219794903,-0.2986399357302215,0.3444678586657679,5.246361288622138
C10831,52,Medium,Very High,Beginner,2021-10-31,Australia,1417,17114,2025-09-16 18:10:22.704794,94,2047558.3,21782.54,19858.32,9130,97.13,28690.0,4,0.75,0.0663373323923782,21782.53510638298,0,0.9116622763001927,-0.597279871460443,0.3898035985239988,5.066230195883098
C10832,55,Low,High,Advanced,2020-09-13,Canada,1830,33946,2025-09-16 18:10:22.705791,110,2234570.59,20314.28,15399.09,10961,99.65,65924.0,10,0.3,0.0601092896174863,20314.27809090909,1,0.7580426182960952,0.9954664524340717,-0.4867391115661274,5.585388350581438
C10833,60,High,High,Advanced,2021-06-28,Japan,1542,17546,2025-09-16 18:10:22.705791,90,1926603.88,21406.71,14458.89,9795,108.83,61255.0,12,0.42,0.0583657587548638,21406.709777777774,0,0.6754372811141927,-0.9954664524340717,0.16543526680265982,4.2737394259796595
C10834,46,High,Low,Intermediate,2025-03-19,Germany,182,34660,2025-09-16 18:10:22.706790,93,2076050.11,22323.12,14327.68,9968,107.18,34660.0,1,1.0,0.510989010989011,22323.119462365597,1,0.6418314285816679,-0.6968265167038502,0.7125267253683711,5.023177075770993
C10835,65,Low,Low,Advanced,2025-07-28,Germany,51,40121,2025-09-16 18:10:22.706790,108,2225047.88,20602.3,15378.15,10981,101.68,40121.0,1,1.0,2.117647058823529,20602.295185185183,1,0.746428796784825,0.7963731619472574,-0.31479284090550996,5.549619454835577
C10836,49,Low,Medium,Advanced,2020-05-11,UK,1955,48758,2025-09-16 18:10:22.707787,85,1769733.34,20820.39,15469.63,8725,102.65,70344.0,7,0.29,0.0434782608695652,20820.39223529412,1,0.7430038534340615,-1.4931996786511077,-0.1845943749365702,3.553766406896873
C10837,52,Medium,Medium,Advanced,2020-06-22,USA,1913,15056,2025-09-16 18:10:22.707787,121,2823645.63,23335.91,18280.56,11874,98.13,34321.0,5,0.8,0.0632514375326711,23335.91429752066,0,0.7833660654330601,2.0904795501115507,1.317156485323814,8.283899296271722
C10838,45,Medium,High,Advanced,2021-05-19,USA,1582,10771,2025-09-16 18:10:22.708784,108,2266792.9,20988.82,15439.66,10640,98.52,32442.0,6,1.0,0.06826801517067,20988.82314814815,0,0.7356135313943328,0.7963731619472574,-0.08404264114250101,5.752577632908948
C10839,52,Medium,Medium,Intermediate,2022-02-12,Japan,1313,40453,2025-09-16 18:10:22.708784,112,2141233.21,19118.15,14277.88,10840,96.79,64243.0,8,0.25,0.0853008377760853,19118.153660714284,1,0.7468233066483942,1.194559742920886,-1.2008217888985473,5.099797650598914
C10840,33,Medium,Very High,Advanced,2023-01-18,Germany,973,13029,2025-09-16 18:10:22.710107,93,1951991.79,20989.16,14893.7,8910,95.81,25043.0,4,1.0,0.0955806783144912,20989.159032258063,2,0.709590093171904,-0.6968265167038502,-0.08383966311311196,4.350810511573034
C10841,67,Medium,Low,Beginner,2024-05-10,Australia,495,24090,2025-09-16 18:10:22.710107,101,2105236.1,20843.92,16451.04,9894,97.96,37374.0,4,0.5,0.204040404040404,20843.92178217822,1,0.78924885530169,0.09954664524340717,-0.1705471013144463,5.079207116773977
C10842,36,Low,Very High,Advanced,2025-04-02,USA,168,14267,2025-09-16 18:10:22.711455,90,2248873.92,24987.49,18292.32,9956,110.62,21907.0,2,1.0,0.5357142857142857,24987.488,0,0.7320591223848413,-0.9954664524340717,2.3031401729068377,6.2986863040892205
C10843,50,Medium,Medium,Advanced,2025-11-25,Japan,-69,26977,2025-09-16 18:10:22.712566,105,2132133.66,20306.03,16820.74,9731,92.68,26977.0,1,1.0,105.0,20306.03485714286,3,0.8283618215869869,0.49773322621703586,-0.4916643137498303,5.186421348416492
C10844,69,Low,High,Advanced,2021-05-17,USA,1584,13867,2025-09-16 18:10:22.712566,101,2147569.78,21263.07,15096.2,9885,97.87,57684.0,17,0.65,0.0637626262626262,21263.067128712868,0,0.7099727367684912,0.09954664524340717,0.07968301932786308,5.2369651960050305
C10845,38,Low,Medium,Beginner,2021-04-25,Canada,1606,20671,2025-09-16 18:10:22.713628,101,1964303.69,19448.55,12659.36,10063,99.63,39348.0,4,0.75,0.0628891656288916,19448.551386138613,2,0.6509153638703143,0.09954664524340717,-1.003574903868801,4.182825107063698
C10846,30,High,Medium,Advanced,2021-08-09,Germany,1500,37998,2025-09-16 18:10:22.713628,110,2048362.55,18621.48,13397.05,10566,96.05,46604.0,3,1.0,0.0733333333333333,18621.47772727273,2,0.7194406674442633,0.9954664524340717,-1.4973309002415411,4.617181774268451
C10847,28,Medium,High,Intermediate,2021-07-29,Japan,1511,22837,2025-09-16 18:10:22.714688,109,2416892.28,22173.32,15807.5,11276,103.45,48661.0,6,0.83,0.072137657180675,22173.32366972477,2,0.7129063216514261,0.8959198071906646,0.6230969935964097,6.476041434589235
C10848,24,Low,High,Intermediate,2024-02-13,Canada,582,25218,2025-09-16 18:10:22.714688,97,2016596.63,20789.66,14744.04,9957,102.65,38228.0,6,0.67,0.1666666666666666,20789.65597938144,2,0.7092006314677586,-0.2986399357302215,-0.2029400068281079,4.607994709994447
C10849,25,Low,Low,Intermediate,2024-02-22,Canada,573,41748,2025-09-16 18:10:22.715695,131,2888456.39,22049.29,16768.38,13753,104.98,45778.0,2,0.5,0.2286212914485166,22049.28541984733,2,0.76049523590102,3.0859460025456222,0.549051802463724,8.472605600442243
C10850,57,Low,High,Intermediate,2025-04-06,Australia,164,27749,2025-09-16 18:10:22.715695,86,1855702.03,21577.93,17929.72,8518,99.05,27749.0,1,1.0,0.524390243902439,21577.93058139535,1,0.8309286386599641,-1.3936530334077004,0.2676526144261272,4.144105023813312
C10851,58,Medium,Very High,Intermediate,2022-06-28,Canada,1177,12209,2025-09-16 18:10:22.716699,111,2186390.97,19697.22,13820.11,10975,98.87,43861.0,8,0.62,0.0943075615972812,19697.215945945947,0,0.7016274377805599,1.095013097677479,-0.855120355138935,5.285244570688216
C10852,60,Low,Medium,Beginner,2023-12-08,UK,649,42794,2025-09-16 18:10:22.716699,130,2816163.63,21662.8,18090.35,12754,98.11,55837.0,6,0.67,0.2003081664098613,21662.797153846157,0,0.8350882619052015,2.9863993573022154,0.3183195125268369,8.236656061850422
C10853,52,Medium,Medium,Advanced,2025-02-04,USA,225,13840,2025-09-16 18:10:22.717696,84,1917568.09,22828.19,19930.86,8767,104.37,13840.0,1,1.0,0.3733333333333333,22828.191547619048,0,0.8730810458472618,-1.5927463238945148,1.0140505880256794,4.688061978360116
C10854,32,Low,Medium,Beginner,2023-08-25,Germany,754,23293,2025-09-16 18:10:22.717696,101,2226378.56,22043.35,17501.09,10372,102.69,26387.0,3,0.33,0.1339522546419098,22043.35207920792,2,0.7939396688797302,0.09954664524340717,0.5455056568914566,5.744316562004711
C10855,43,Low,Low,Beginner,2020-07-28,USA,1877,13157,2025-09-16 18:10:22.718693,103,2101881.53,20406.62,14210.48,10332,100.31,18098.0,2,1.0,0.054874800213106,20406.6167961165,0,0.696366179210472,0.2986399357302215,-0.43161266676090065,4.9363054044080386
C10856,18,Low,Very High,Advanced,2025-10-06,Germany,-19,16199,2025-09-16 18:10:22.718693,106,1985689.8,18732.92,15133.98,9624,90.79,16199.0,1,1.0,106.0,18732.922641509434,3,0.8078815262116105,0.597279871460443,-1.4308018661382882,4.392738958781845
C10857,67,Medium,Low,Advanced,2024-10-14,Australia,338,18827,2025-09-16 18:10:22.719690,100,2001497.56,20014.98,14137.5,10111,101.11,25235.0,3,0.33,0.2958579881656805,20014.9756,1,0.7063459468857826,0.0,-0.6654194768488252,4.454167601744253
C10858,47,Low,Very High,Beginner,2021-10-01,Australia,1447,36994,2025-09-16 18:10:22.719690,110,2376408.73,21603.72,15760.42,11838,107.62,58959.0,9,0.67,0.0760193503800967,21603.715727272727,2,0.7295234339271199,0.9954664524340717,0.2830490949494848,6.2694388886478
C10859,62,Medium,High,Intermediate,2024-08-03,Australia,410,48899,2025-09-16 18:10:22.720688,83,1654707.44,19936.23,14565.04,8522,102.67,48899.0,1,1.0,0.2024390243902439,19936.23421686747,1,0.730581458981964,-1.692292969137922,-0.7124327704205341,2.8714829963879414
C10860,21,High,High,Intermediate,2021-09-17,Australia,1461,19647,2025-09-16 18:10:22.721685,91,2251659.91,24743.52,17197.45,10232,112.44,29266.0,4,0.25,0.0622861054072553,24743.515494505496,2,0.6950284357278188,-0.8959198071906646,2.1574914969361725,6.221970593114336
C10861,47,High,High,Advanced,2025-08-21,Canada,27,46691,2025-09-16 18:10:22.721685,95,2029240.78,21360.43,15977.61,9514,100.15,46691.0,1,1.0,3.5185185185185186,21360.429263157894,1,0.748000391377889,-0.49773322621703586,0.1378063750375978,4.774518423156502
C10862,58,Low,High,Intermediate,2021-01-17,USA,1704,35314,2025-09-16 18:10:22.722683,108,2338636.57,21654.04,13746.4,11516,106.63,45897.0,3,1.0,0.0633802816901408,21654.04231481481,1,0.6348191838566845,0.7963731619472574,0.31308984329905154,6.026041457704527
C10863,55,Medium,Medium,Beginner,2025-07-18,Canada,61,27129,2025-09-16 18:10:22.722683,100,2008734.13,20087.34,14428.5,10287,102.87,27129.0,1,1.0,1.639344262295082,20087.3413,1,0.7182882352765473,0.0,-0.6222209762412203,4.505052078576305
C10864,48,Low,Medium,Intermediate,2025-12-07,Canada,-81,40379,2025-09-16 18:10:22.723680,100,2079898.04,20798.98,16204.86,9368,93.68,40379.0,1,1.0,100.0,20798.9804,3,0.7791180144410929,0.0,-0.1973760208460341,4.953237627378452
C10865,39,High,High,Beginner,2022-07-07,Australia,1168,12658,2025-09-16 18:10:22.723680,85,1597980.38,18799.77,15006.84,7690,90.47,31935.0,5,0.8,0.0727739726027397,18799.76917647059,1,0.7982459359875147,-1.4931996786511077,-1.3908928035951917,2.4915599887495596
C10866,37,Medium,Medium,Advanced,2021-05-09,Japan,1592,42733,2025-09-16 18:10:22.724678,87,1682785.45,19342.36,15357.9,8380,96.32,101108.0,17,0.35,0.0546482412060301,19342.361494252877,1,0.7940034204719589,-1.2941063881642934,-1.0669697184006068,2.970289744855582
C10867,51,High,Medium,Intermediate,2022-04-18,Germany,1248,24755,2025-09-16 18:10:22.724678,105,2239782.21,21331.26,16659.78,10872,103.54,60773.0,9,0.56,0.0841346153846153,21331.259142857143,0,0.7810030912379297,0.49773322621703586,0.12039205410443159,5.707530029933504
C10868,45,Medium,Medium,Intermediate,2021-08-28,Germany,1481,16329,2025-09-16 18:10:22.725676,94,1974499.83,21005.32,14841.34,9614,102.28,31766.0,4,0.75,0.063470627954085,21005.31734042553,0,0.7065514831480787,-0.597279871460443,-0.07419223677509533,4.448771843326614
C10869,67,High,Very High,Advanced,2023-03-31,UK,901,42515,2025-09-16 18:10:22.725676,99,2096665.52,21178.44,16881.53,10358,104.63,50825.0,3,1.0,0.1098779134295227,21178.4395959596,1,0.7971092299527255,-0.09954664524340717,0.029159399836132617,5.087026626858393
C10870,44,Low,Medium,Advanced,2020-08-14,Canada,1860,15597,2025-09-16 18:10:22.726673,113,1994329.58,17648.93,13190.44,10049,88.93,80655.0,15,0.6,0.060752688172043,17648.934336283186,1,0.7473790195779574,1.2941063881642934,-2.077937613424595,4.382761778515098
C10871,70,Low,Low,Advanced,2025-07-21,USA,58,42326,2025-09-16 18:10:22.727784,113,2131529.12,18863.09,14385.11,10497,92.89,42326.0,1,1.0,1.9482758620689653,18863.08955752213,1,0.7626062325949778,1.2941063881642934,-1.3530911305925175,5.065709257405146
C10872,46,High,Very High,Beginner,2022-10-24,Canada,1059,22187,2025-09-16 18:10:22.728231,110,2264540.1,20586.73,15099.89,11254,102.31,49479.0,7,0.71,0.1038715769593956,20586.728181818184,0,0.7334768562078582,0.9954664524340717,-0.32408804066311625,5.712814867772548
C10873,46,Low,High,Advanced,2023-10-17,Germany,701,46446,2025-09-16 18:10:22.729268,86,1826593.25,21239.46,15346.45,9304,108.19,52177.0,2,1.0,0.122681883024251,21239.45639534884,1,0.722544264308038,-1.3936530334077004,0.06558798616941133,3.8576195496711088
C10874,32,Medium,Low,Beginner,2020-04-10,Australia,1986,6587,2025-09-16 18:10:22.729268,81,1961852.06,24220.4,15572.5,9585,118.33,49038.0,14,0.71,0.0407854984894259,24220.39580246914,0,0.64294974484319,-1.8913862596247364,1.845191888895127,4.967092126507728
C10875,38,High,High,Advanced,2020-11-02,UK,1780,44467,2025-09-16 18:10:22.730264,92,1874940.91,20379.79,17313.25,9228,100.3,55643.0,3,1.0,0.0516853932584269,20379.7925,2,0.8495303435413221,-0.7963731619472574,-0.44763002125650525,4.052376722623071
C10876,61,Low,Low,Intermediate,2024-07-14,Japan,430,48871,2025-09-16 18:10:22.730264,103,2071377.44,20110.46,14514.59,9965,96.75,48871.0,1,1.0,0.2395348837209302,20110.460582524272,1,0.7217433116895388,0.2986399357302215,-0.6084184702427712,4.796565497864837
C10877,45,Medium,High,Advanced,2020-02-06,Germany,2050,26909,2025-09-16 18:10:22.731262,112,2307824.78,20605.58,15874.57,11335,101.21,107650.0,21,0.57,0.0546341463414634,20605.57839285714,2,0.770401512599985,1.194559742920886,-0.31283469991610907,5.940999308637299
C10878,38,Medium,Very High,Intermediate,2022-05-05,Germany,1231,18896,2025-09-16 18:10:22.731262,114,2628425.58,23056.36,16033.04,11810,103.6,39268.0,7,0.43,0.0926076360682372,23056.364736842104,0,0.6953847007940542,1.3936530334077004,1.150266755571799,7.405663131672987
C10879,68,High,Very High,Intermediate,2022-12-23,USA,999,34850,2025-09-16 18:10:22.732259,86,1791709.17,20833.83,16871.62,8535,99.24,41039.0,3,0.33,0.086086086086086,20833.827558139536,1,0.8098184539280583,-1.3936530334077004,-0.17657077283366382,3.7146905052091688
C10880,18,Low,Very High,Beginner,2020-09-03,Canada,1840,5836,2025-09-16 18:10:22.733256,82,1793755.07,21875.06,14331.04,8566,104.46,53896.96,15,0.47,0.0445652173913043,21875.06182926829,2,0.655131460210852,-1.791839614381329,0.4450375022859611,3.778119580763932
C10881,35,Medium,Medium,Advanced,2021-10-12,UK,1436,12576,2025-09-16 18:10:22.733256,103,2207792.17,21434.88,15888.18,10438,101.34,26874.0,7,0.43,0.0717270194986072,21434.8754368932,0,0.7412301818344679,0.2986399357302215,0.18225259353174084,5.544187419271255
C10882,54,Medium,High,Beginner,2023-02-08,Japan,952,49625,2025-09-16 18:10:22.734253,84,1841222.2,21919.31,17644.65,7905,94.11,59217.0,4,0.5,0.088235294117647,21919.311904761904,1,0.8049819998895951,-1.5927463238945148,0.4714544958167309,4.1245063388061585
C10883,42,Medium,Very High,Advanced,2020-01-21,UK,2066,48799,2025-09-16 18:10:22.734253,86,1810922.8,21057.24,17465.82,8342,97.0,76618.0,8,0.75,0.0416263310745401,21057.24186046512,1,0.8294448845147796,-1.3936530334077004,-0.043196297698991,3.855881285825193
C10884,32,Low,Low,Intermediate,2021-06-28,Germany,1542,44074,2025-09-16 18:10:22.735251,94,1870144.32,19895.15,15803.06,9116,96.98,53283.0,4,0.5,0.0609597924773022,19895.15234042553,2,0.7943172079627446,-0.597279871460443,-0.7369572923243527,3.918156655283605
C10885,62,High,Very High,Intermediate,2024-01-03,UK,623,40620,2025-09-16 18:10:22.735251,107,2494545.82,23313.51,15650.21,11754,109.85,42355.0,2,0.5,0.1717495987158908,23313.512336448595,0,0.6712935975749683,0.6968265167038502,1.303783815152305,6.882060165670969
C10886,67,Low,Very High,Beginner,2025-07-16,UK,63,10276,2025-09-16 18:10:22.736248,105,2224657.03,21187.21,15583.29,11138,106.08,10276.0,1,1.0,1.6666666666666667,21187.209809523807,0,0.7355045803576781,0.49773322621703586,0.03439503900596002,5.586184630879082
C10887,43,Medium,Very High,Intermediate,2020-09-11,Japan,1832,13623,2025-09-16 18:10:22.737246,86,1964245.86,22840.07,16962.09,9548,111.02,64560.0,17,0.47,0.046943231441048,22840.068139534884,0,0.7426461477569902,-1.3936530334077004,1.021142879170212,4.757965473969726
C10888,69,High,Low,Advanced,2020-06-15,Canada,1920,21044,2025-09-16 18:10:22.737246,93,1990702.22,21405.4,15513.69,9498,102.13,21504.0,2,0.5,0.0484375,21405.400215053764,1,0.724755902716137,-0.6968265167038502,0.16465320439530962,4.594117400860599
C10889,28,High,High,Advanced,2024-10-11,Canada,341,22018,2025-09-16 18:10:22.738243,97,2449207.07,25249.56,16362.91,10628,109.57,31102.0,2,1.0,0.2844574780058651,25249.55742268041,0,0.6480473323099492,-0.2986399357302215,2.4595944439714437,7.008575502299849
C10890,18,High,Very High,Beginner,2022-06-15,Germany,1190,31312,2025-09-16 18:10:22.738243,110,2299190.22,20901.73,15001.71,11183,101.66,57094.0,9,0.56,0.0924369747899159,20901.72927272728,2,0.7177257576286747,0.9954664524340717,-0.13603486637628054,5.871816962931537
C10891,68,Medium,Low,Intermediate,2022-11-19,USA,1033,5109,2025-09-16 18:10:22.739240,104,2201855.44,21171.69,15020.81,10776,103.62,14163.0,2,1.0,0.100677637947725,21171.686923076923,0,0.7094761920281282,0.3981865809736287,0.025129688958557567,5.461752563420669
C10892,32,High,Low,Beginner,2022-06-30,UK,1175,49150,2025-09-16 18:10:22.739240,121,2695137.25,22273.86,15322.11,13087,108.16,49150.0,1,1.0,0.1029787234042553,22273.861570247933,2,0.6878964849379497,2.0904795501115507,0.6831187908751355,7.610702617279911
C10893,26,High,Low,Intermediate,2025-01-27,USA,233,19407,2025-09-16 18:10:22.740238,99,2114231.57,21355.87,16558.62,10913,110.23,42410.0,4,0.75,0.4248927038626609,21355.87444444444,2,0.7753662107888838,-0.09954664524340717,0.13508408146696854,5.1647103149465705
C10894,54,High,Low,Beginner,2023-09-30,Australia,718,12538,2025-09-16 18:10:22.740238,101,2111720.31,20908.12,15294.55,10174,100.73,15865.0,2,1.0,0.1406685236768802,20908.12188118812,0,0.7315124458822697,0.09954664524340717,-0.1322200734121765,5.061295943537717
C10895,34,High,High,Beginner,2020-06-25,Australia,1910,20008,2025-09-16 18:10:22.741236,102,2101740.93,20605.3,14801.06,10051,98.54,51013.0,10,0.3,0.0534031413612565,20605.30323529412,2,0.7183132495037684,0.19909329048681434,-0.3130018582932544,4.974150984779378
C10896,21,High,Low,Advanced,2024-09-30,USA,352,48121,2025-09-16 18:10:22.742232,112,2463197.79,21992.84,16845.54,11543,103.06,54489.0,2,1.0,0.3181818181818182,21992.837410714284,2,0.7659556473834211,1.194559742920886,0.5153514796431145,6.701155187836556
C10897,42,High,High,Advanced,2021-12-16,Canada,1371,36799,2025-09-16 18:10:22.742232,97,1971559.71,20325.36,15698.09,9228,95.13,36799.0,1,1.0,0.0707512764405543,20325.357835051545,1,0.7723400717133669,-0.2986399357302215,-0.4801244157848624,4.41047185170307
C10898,51,Low,High,Beginner,2020-03-28,Japan,1999,36430,2025-09-16 18:10:22.742232,84,1866096.06,22215.43,18034.44,8135,96.85,36430.0,1,1.0,0.0420210105052526,22215.429285714286,1,0.8117979260360929,-1.5927463238945148,0.6482364195304375,4.293932288404058
C10899,36,Low,Very High,Advanced,2025-12-14,Canada,-88,22173,2025-09-16 18:10:22.743230,112,2308292.63,20609.76,16609.21,10922,97.52,22173.0,1,1.0,112.0,20609.755625,3,0.8058905101272407,1.194559742920886,-0.3103392641430349,5.97605172720727
C10900,51,High,Low,Intermediate,2025-12-21,UK,-95,12500,2025-09-16 18:10:22.744248,81,1698994.93,20975.25,16862.17,7853,96.95,12500.0,1,1.0,81.0,20975.24604938272,3,0.8039079391187232,-1.8913862596247364,-0.0921438524919369,3.327832990341817
C10901,46,Low,High,Advanced,2021-07-30,Australia,1510,10281,2025-09-16 18:10:22.744754,79,1572593.36,19906.25,14592.05,8048,101.87,35934.0,9,0.56,0.0523178807947019,19906.245063291142,1,0.7330386185243327,-2.0904795501115507,-0.7303306566590079,2.489783540566826
C10902,26,Medium,Medium,Beginner,2025-10-17,Australia,-30,18698,2025-09-16 18:10:22.745795,96,2229201.59,23220.85,15685.43,10763,112.11,18698.0,1,1.0,96.0,23220.849895833333,3,0.6754890540182639,-0.3981865809736287,1.248466332201771,5.824395100800338
C10903,41,Medium,Medium,Intermediate,2024-10-29,UK,323,42806,2025-09-16 18:10:22.745795,107,2333160.39,21805.24,16561.95,10941,102.25,62147.0,5,0.6,0.3312693498452012,21805.23728971963,2,0.759539908755877,0.6968265167038502,0.40335536695673313,6.132570289210348
C10904,26,High,High,Intermediate,2024-11-09,USA,312,10761,2025-09-16 18:10:22.746792,86,2034287.17,23654.5,16229.07,9861,114.66,10761.0,1,1.0,0.2756410256410256,23654.501976744185,0,0.6860880593544568,-1.3936530334077004,1.5073528688033155,5.15445258652556
C10905,52,Medium,Low,Beginner,2025-05-13,Canada,127,7900,2025-09-16 18:10:22.746792,99,1994276.09,20144.2,16004.62,9391,94.86,7900.0,1,1.0,0.7795275590551181,20144.20292929293,0,0.7945026359944798,-0.09954664524340717,-0.5882758857969359,4.5148457199457415
C10906,23,Low,Medium,Beginner,2023-01-24,UK,967,42553,2025-09-16 18:10:22.747789,103,2130986.29,20689.19,16850.82,10205,99.08,59094.0,4,0.75,0.1065149948293691,20689.1872815534,2,0.8144746121041955,0.2986399357302215,-0.26292001451254793,5.2009683415443
C10907,53,Low,Medium,Beginner,2020-06-19,USA,1916,41370,2025-09-16 18:10:22.747789,84,1807382.14,21516.45,16772.86,8628,102.71,61685.0,8,0.38,0.0438413361169102,21516.454047619045,1,0.7795365871228758,-1.5927463238945148,0.23094941075896983,3.879084534170345
C10908,41,Low,Medium,Advanced,2025-05-12,Canada,128,29033,2025-09-16 18:10:22.748787,86,1918281.32,22305.6,14855.3,9214,107.14,31263.0,3,0.67,0.671875,22305.59674418605,0,0.665989706620759,-1.3936530334077004,0.7020673869127984,4.392780050216222
C10909,42,High,Low,Advanced,2021-04-01,USA,1630,44360,2025-09-16 18:10:22.748787,96,1823942.99,18999.41,13471.57,9338,97.27,81805.0,10,0.6,0.0588957055214723,18999.40614583333,1,0.7090520179310831,-0.3981865809736287,-1.2717088806916241,3.5297242106668976
C10910,21,High,High,Advanced,2023-02-26,UK,934,35171,2025-09-16 18:10:22.749783,103,2187988.74,21242.61,16873.64,10256,99.57,52461.0,4,1.0,0.1102783725910064,21242.6091262136,2,0.7943298869583351,0.2986399357302215,0.06746851791228056,5.487264459364468
C10911,38,High,Low,Advanced,2020-03-02,USA,2025,34644,2025-09-16 18:10:22.749783,123,2453382.0,19946.2,15512.78,12239,99.5,55627.0,6,0.5,0.0607407407407407,19946.19512195122,2,0.7777310966499885,2.289572840598365,-0.706480738205804,6.594991726755029
C10912,34,High,High,Beginner,2024-04-29,Canada,506,41320,2025-09-16 18:10:22.750781,82,1650545.07,20128.6,14050.19,8053,98.21,66095.0,5,0.8,0.1620553359683794,20128.598414634147,1,0.6980212235326849,-1.791839614381329,-0.5975889953806661,2.8555524281897595
C10913,47,Low,Low,Advanced,2020-12-11,Canada,1741,35742,2025-09-16 18:10:22.750781,98,1820289.22,18574.38,14621.93,8704,88.82,43548.0,5,0.4,0.0562894887995404,18574.37979591837,1,0.7872095865380163,-0.19909329048681434,-1.5254493272539529,3.551419856730329
C10914,20,Low,Medium,Beginner,2022-09-27,UK,1086,13831,2025-09-16 18:10:22.751779,101,2236683.97,22145.39,16213.33,10131,100.31,29716.0,5,0.6,0.0930018416206261,22145.38584158416,2,0.7321311568683143,0.09954664524340717,0.6064229454763101,5.743494132028192
C10915,42,Medium,Medium,Intermediate,2023-02-09,UK,951,29899,2025-09-16 18:10:22.751779,104,2058089.18,19789.32,14852.68,9784,94.08,58400.0,10,0.5,0.1093585699263932,19789.319038461537,1,0.7505401903653082,0.3981865809736287,-0.8001371889426897,4.738082228235836
C10916,69,Low,Low,Intermediate,2020-11-14,Germany,1768,24142,2025-09-16 18:10:22.752776,87,2010831.85,23113.01,15427.32,9542,109.68,70656.0,13,0.54,0.04920814479638,23113.009770114943,0,0.667473427303497,-1.2941063881642934,1.1840864772332236,4.930823975362022
C10917,55,Medium,Medium,Beginner,2023-05-26,Japan,845,9359,2025-09-16 18:10:22.752776,84,1741725.82,20734.83,15208.33,8082,96.21,13427.0,3,0.33,0.0994082840236686,20734.83119047619,0,0.7334677930805316,-1.5927463238945148,-0.23567319903809789,3.4059677301755715
C10918,28,Low,High,Intermediate,2025-05-16,UK,124,11875,2025-09-16 18:10:22.753779,95,2224403.48,23414.77,16213.37,10194,107.31,19306.0,3,0.67,0.7661290322580645,23414.77347368421,0,0.6924419928105209,-0.49773322621703586,1.3642354482579726,5.855009703748656
C10919,21,Medium,Medium,Advanced,2021-11-09,Canada,1408,25446,2025-09-16 18:10:22.754802,100,2302691.14,23026.91,18304.72,9791,97.91,74761.0,15,0.6,0.0710227272727272,23026.9114,2,0.7949273263325388,0.0,1.1326852762614894,6.195220614320711
C10920,66,Medium,Medium,Advanced,2022-11-26,UK,1026,25851,2025-09-16 18:10:22.754802,113,2350054.79,20796.95,17180.87,10764,95.26,26249.0,2,0.5,0.1101364522417154,20796.945044247783,0,0.8261245038334948,1.2941063881642934,-0.19858791908032633,6.189711779781143
C10921,45,Low,Medium,Intermediate,2022-06-04,Japan,1201,25988,2025-09-16 18:10:22.755774,90,1835513.56,20394.6,15691.62,8543,94.92,62129.0,13,0.38,0.0749375520399667,20394.595111111117,1,0.7694007237209851,-0.9954664524340717,-0.4387885370940049,3.8028660125953007
C10922,67,Medium,High,Advanced,2022-08-11,USA,1133,10738,2025-09-16 18:10:22.755774,101,2225895.34,22038.57,16951.98,10204,101.03,44588.0,11,0.36,0.0891438658428949,22038.56772277228,0,0.7691960050039545,0.09954664524340717,0.54265202459593,5.718849498454034
C10923,54,Medium,Very High,Advanced,2025-11-15,Japan,-59,19647,2025-09-16 18:10:22.756771,100,1967587.9,19675.88,13400.26,10282,102.82,19647.0,1,1.0,100.0,19675.879,3,0.6810500978863461,0.0,-0.8678602114541131,4.244009982987874
C10924,41,Low,Medium,Advanced,2025-09-11,Canada,6,31138,2025-09-16 18:10:22.756771,109,2315098.68,21239.44,16779.9,10743,98.56,31138.0,1,1.0,18.166666666666668,21239.437431192662,0,0.790034953840591,0.8959198071906646,0.06557604628532937,6.032730555779724
C10925,38,Low,Very High,Intermediate,2020-06-18,UK,1917,7188,2025-09-16 18:10:22.757769,78,1680351.09,21542.96,17085.71,8093,103.76,7188.0,1,1.0,0.0406885758998435,21542.96269230769,0,0.7930994626550855,-2.190026195354958,0.24677572710926732,3.3550292811891773
C10926,64,Medium,High,Advanced,2023-12-14,Australia,643,46313,2025-09-16 18:10:22.757769,95,1729176.79,18201.86,12236.05,9186,96.69,61391.0,4,0.5,0.1477449455676516,18201.860947368423,1,0.6722417379322772,-0.49773322621703586,-1.7478416081597692,2.964512574973158
C10927,45,Low,High,Intermediate,2024-09-18,USA,364,29246,2025-09-16 18:10:22.758766,117,2582885.1,22075.94,18268.95,11687,99.89,41341.0,5,0.4,0.3214285714285714,22075.941025641023,0,0.8275502651302731,1.692292969137922,0.5649616980025931,7.263089380061556
C10928,51,Low,Medium,Advanced,2024-10-30,Canada,322,15681,2025-09-16 18:10:22.758766,98,2090357.16,21330.18,17794.29,9535,97.3,15681.0,1,1.0,0.3043478260869565,21330.175102040816,0,0.8342306534684658,-0.19909329048681434,0.11974730036402072,5.113015431207578
C10929,27,Low,Low,Intermediate,2021-09-20,USA,1458,41442,2025-09-16 18:10:22.759763,89,1819307.33,20441.66,16569.12,8645,97.13,58294.0,7,0.43,0.0610425240054869,20441.65539325843,2,0.8105564812251059,-1.095013097677479,-0.41069398984975497,3.7749082436910286
C10930,70,Low,Very High,Intermediate,2020-04-25,Germany,1971,30821,2025-09-16 18:10:22.760760,84,1919015.28,22845.42,20435.74,8389,99.87,49915.0,6,0.83,0.0426179604261796,22845.42,1,0.8945224031775298,-1.5927463238945148,1.0243367981620668,4.71734049796458
C10931,21,Medium,High,Intermediate,2025-04-17,Canada,153,16774,2025-09-16 18:10:22.761464,100,1814827.67,18148.28,14922.49,8874,88.74,18615.0,2,0.5,0.6535947712418301,18148.2767,2,0.8222536791365352,0.0,-1.7798285576146549,3.532740475687161
C10932,57,Medium,High,Intermediate,2021-01-12,UK,1709,12856,2025-09-16 18:10:22.762508,116,2529254.71,21803.92,16615.54,11295,97.37,35703.4,14,0.36,0.0678759508484493,21803.919913793103,0,0.762043705902425,1.5927463238945148,0.4025673346073387,6.960917458268638
C10933,57,High,Low,Beginner,2020-10-23,Japan,1790,16509,2025-09-16 18:10:22.762508,113,2494788.73,22077.78,18846.78,11168,98.83,87956.0,18,0.56,0.0631284916201117,22077.77637168141,0,0.8536537641012819,1.2941063881642934,0.5660601673381099,6.9207410337427335
C10934,26,Low,Low,Advanced,2024-05-21,Canada,484,21274,2025-09-16 18:10:22.763504,93,1885514.44,20274.35,15554.62,9268,99.66,42587.0,7,0.57,0.1921487603305785,20274.3488172043,2,0.7672068401699685,-0.6968265167038502,-0.5105770901352493,4.0101822211169145
C10935,28,Medium,High,Intermediate,2022-11-23,UK,1029,26382,2025-09-16 18:10:22.763504,83,1873040.4,22566.75,15789.07,8979,108.18,34679.0,5,0.2,0.0806608357628765,22566.751807228917,2,0.6996607841182271,-1.692292969137922,0.8579724233096473,4.292134854232751
C10936,24,High,Very High,Intermediate,2020-01-18,Australia,2069,9816,2025-09-16 18:10:22.764502,101,2009516.17,19896.2,15081.9,9953,98.54,49315.0,10,0.5,0.0488158530691155,19896.199702970294,2,0.7580291713995637,0.09954664524340717,-0.7363304484100637,4.528286691961634
C10937,30,Medium,Low,Intermediate,2022-10-13,Canada,1070,22952,2025-09-16 18:10:22.764502,99,1912025.41,19313.39,14767.46,9969,100.7,32724.0,5,0.6,0.0925233644859813,19313.38797979798,2,0.76462288598739,-0.09954664524340717,-1.0842646404929557,4.029568954227674
C10938,27,Medium,Medium,Beginner,2022-10-01,USA,1082,14219,2025-09-16 18:10:22.765499,98,1978929.18,20193.15,16990.58,9557,97.52,22548.0,3,0.67,0.0905730129390018,20193.154897959183,2,0.8414031490876857,-0.19909329048681434,-0.5590530195069653,4.493230493710383
C10939,19,High,Very High,Intermediate,2021-04-04,Canada,1627,19232,2025-09-16 18:10:22.765499,100,2423637.53,24236.38,16857.59,10986,109.86,62486.0,12,0.33,0.0614628149969268,24236.3753,2,0.6955490052557354,0.0,1.8547318562764081,6.7698251706125605
C10940,35,Low,Very High,Intermediate,2020-07-09,Canada,1896,16379,2025-09-16 18:10:22.766496,104,2127215.63,20454.0,17342.61,10216,98.23,43848.0,7,0.86,0.0548523206751054,20453.996442307693,2,0.8478835435611617,0.3981865809736287,-0.4033270813713436,5.194092031190059
C10941,35,High,High,Beginner,2020-03-14,Canada,2013,9574,2025-09-16 18:10:22.766496,95,2025284.28,21318.78,17455.61,8957,94.28,82520.0,18,0.5,0.0471932439145553,21318.781894736843,0,0.8187902872490828,-0.49773322621703586,0.11294156643744865,4.8168985573856755
C10942,69,Medium,High,Advanced,2022-03-31,Germany,1266,38696,2025-09-16 18:10:22.767494,82,1650843.62,20132.24,13809.07,8208,100.1,54322.0,5,0.4,0.0647709320695102,20132.239268292684,1,0.6859182088033919,-1.791839614381329,-0.5954159364777942,2.8463889646925695
C10943,50,High,Medium,Beginner,2022-04-10,USA,1256,22013,2025-09-16 18:10:22.768491,96,2060784.92,21466.51,16068.07,9437,98.3,47384.0,9,0.22,0.0764331210191082,21466.509583333333,0,0.7485180404266926,-0.3981865809736287,0.2011355202069539,4.925299538839074
C10944,23,Low,Medium,Advanced,2025-02-08,Germany,221,42160,2025-09-16 18:10:22.768998,93,2007909.57,21590.43,15074.51,9354,100.58,42160.0,1,1.0,0.420814479638009,21590.425483870968,2,0.6982033243432391,-0.6968265167038502,0.2751150419771921,4.671549712471891
C10945,25,Medium,Medium,Beginner,2023-09-26,USA,722,31421,2025-09-16 18:10:22.768998,86,1801100.03,20943.02,15440.66,8802,102.35,51410.0,6,0.67,0.1191135734072022,20943.023604651164,2,0.7372699830301456,-1.3936530334077004,-0.1113849756896024,3.7078961555298258
C10946,61,Low,Very High,Advanced,2021-08-01,UK,1508,23943,2025-09-16 18:10:22.770000,108,2408779.55,22303.51,16184.24,11159,103.32,48486.0,8,0.38,0.0716180371352785,22303.51435185185,0,0.7256364581180272,0.7963731619472574,0.7008196690262601,6.467649553358239
C10947,52,Medium,High,Advanced,2024-01-11,Germany,615,6283,2025-09-16 18:10:22.770000,107,2147777.82,20072.69,14892.44,10403,97.22,10805.0,2,1.0,0.1739837398373983,20072.68990654205,0,0.7419254718724796,0.6968265167038502,-0.6309669413310692,5.1618324395936
C10948,27,High,Very High,Advanced,2023-10-04,UK,714,23457,2025-09-16 18:10:22.770997,108,2368869.5,21933.98,16682.86,11302,104.65,23457.0,1,1.0,0.1512605042016806,21933.97685185185,2,0.7605942925087011,0.7963731619472574,0.48021240079065963,6.296330381344848
C10949,45,Low,Medium,Advanced,2023-03-21,Germany,911,49704,2025-09-16 18:10:22.770997,105,2266154.18,21582.42,17791.15,10623,101.17,84852.0,8,0.75,0.115257958287596,21582.420761904763,2,0.8243352691681471,0.49773322621703586,0.2703331184024685,5.885884529298936
C10950,59,Medium,Low,Beginner,2021-07-29,USA,1511,10486,2025-09-16 18:10:22.771995,96,2294226.92,23898.2,17758.26,10129,105.51,37480.0,10,0.5,0.0635340833884844,23898.197083333333,0,0.7430793951008862,-0.3981865809736287,1.6528403563388776,6.259928582344963
C10951,60,Low,Medium,Intermediate,2024-10-23,Japan,329,46061,2025-09-16 18:10:22.771995,104,2423365.58,23301.59,16678.54,11079,106.53,49788.0,3,0.33,0.3161094224924012,23301.592115384618,0,0.7157683231058481,0.3981865809736287,1.2966676442396103,6.640947069080438
C10952,57,Low,High,Advanced,2022-01-27,UK,1329,9432,2025-09-16 18:10:22.772993,104,2328664.12,22391.0,15957.42,10797,103.82,47613.0,12,0.42,0.0782543265613243,22391.001153846155,0,0.7126711625206557,0.3981865809736287,0.7530506919416746,6.136433765660351
C10953,51,Medium,Medium,Intermediate,2024-05-27,Germany,478,27543,2025-09-16 18:10:22.772993,93,1991969.89,21419.03,17115.33,9443,101.54,38336.0,4,0.75,0.1945606694560669,21419.031075268816,1,0.7990711997695509,-0.6968265167038502,0.1727902353969892,4.670205241692768
C10954,42,High,Medium,Advanced,2020-05-04,UK,1962,29612,2025-09-16 18:10:22.773990,107,2200640.67,20566.74,15042.62,10417,97.36,82565.0,13,0.62,0.0545361875637105,20566.73523364486,2,0.7314051716509277,0.6968265167038502,-0.336021954802778,5.424302411890639
C10955,40,Low,High,Intermediate,2022-11-15,Germany,1037,11800,2025-09-16 18:10:22.774987,106,2075263.36,19577.96,14928.34,10495,99.01,25343.0,4,1.0,0.1022179363548698,19577.95622641509,0,0.7625074318264008,0.597279871460443,-0.9263178839181363,4.816410198806972
C10956,31,Low,Medium,Intermediate,2023-11-23,USA,664,25935,2025-09-16 18:10:22.774987,94,2069493.53,22015.89,15123.71,9964,106.0,48757.0,5,0.6,0.1415662650602409,22015.888617021275,2,0.6869452018519351,-0.597279871460443,0.5291121960472777,4.987414391026217
C10957,66,High,High,Intermediate,2022-05-17,Canada,1219,18420,2025-09-16 18:10:22.775984,98,2256609.4,23026.63,16855.72,10305,105.15,51242.0,10,0.6,0.0803937653814602,23026.626530612244,0,0.7320098512027162,-0.19909329048681434,1.1325181178843462,5.95328017890671
C10958,45,Low,Low,Intermediate,2024-12-14,USA,277,9814,2025-09-16 18:10:22.775984,107,2132592.58,19930.77,14704.43,10386,97.07,18156.0,2,1.0,0.3862815884476534,19930.77177570093,0,0.7377753092329097,0.6968265167038502,-0.7156923587748387,5.0798171569356105
C10959,33,Medium,High,Beginner,2020-05-08,Canada,1958,45553,2025-09-16 18:10:22.777780,95,2021628.37,21280.3,17281.43,9342,98.34,74877.0,11,0.45,0.0485188968335035,21280.29863157895,2,0.8120858258577182,-0.49773322621703586,0.08996922946425069,4.789512508214786
C10960,60,Medium,Medium,Advanced,2022-03-14,Germany,1283,31569,2025-09-16 18:10:22.778105,113,2516777.28,22272.37,18146.69,11284,99.86,33721.0,4,0.25,0.0880748246297739,22272.365309734512,0,0.8147624163930466,1.2941063881642934,0.6822292695110477,6.992053725819164
C10961,70,High,Low,Advanced,2023-09-17,Japan,731,42121,2025-09-16 18:10:22.779140,93,2141983.68,23032.08,16841.7,9613,103.37,46448.0,2,0.5,0.1272229822161422,23032.082580645165,1,0.7312279220982213,-0.6968265167038502,1.135771736296611,5.496247832100589
C10962,66,High,Medium,Beginner,2023-06-07,USA,833,29844,2025-09-16 18:10:22.779140,81,1787587.01,22068.98,16380.36,8432,104.1,60174.0,6,0.67,0.0972388955582232,22068.975432098767,1,0.74223457540856,-1.8913862596247364,0.5608066183421606,3.873469474790021
C10963,51,Low,High,Beginner,2023-08-27,Canada,752,45834,2025-09-16 18:10:22.780137,98,2078258.86,21206.72,17559.3,9990,101.94,45834.0,1,1.0,0.1303191489361702,21206.72306122449,1,0.8280064055167418,-0.19909329048681434,0.04604239592766334,5.0392560023568755
C10964,24,Medium,Very High,Intermediate,2025-03-29,Australia,172,19272,2025-09-16 18:10:22.780137,97,2298588.83,23696.79,16035.9,9920,102.27,19272.0,1,1.0,0.563953488372093,23696.79206185567,2,0.6767119090813566,-0.2986399357302215,1.532599753694079,6.179587403315989
C10965,69,Medium,Medium,Beginner,2023-10-05,Japan,713,27663,2025-09-16 18:10:22.780137,102,2273623.22,22290.42,16159.22,10564,103.57,47908.0,5,0.8,0.1430575035063113,22290.4237254902,0,0.7249401312312644,0.19909329048681434,0.6930050148947849,5.908619638154597
C10966,21,Low,Low,Advanced,2024-02-10,USA,585,41310,2025-09-16 18:10:22.781134,99,2167823.59,21897.21,15401.97,10563,106.7,58205.0,6,0.33,0.1692307692307692,21897.20797979798,2,0.7033759095336803,-0.09954664524340717,0.45826092390644685,5.396507791326396
C10967,50,Low,Medium,Intermediate,2024-05-04,Japan,501,47997,2025-09-16 18:10:22.782131,95,2059887.05,21683.02,16349.79,9983,105.08,53517.0,2,1.0,0.1896207584830339,21683.02157894737,1,0.7540365687067576,-0.49773322621703586,0.3303907353334402,4.957807460704245
C10968,57,High,Low,Intermediate,2025-07-26,Australia,53,34273,2025-09-16 18:10:22.782131,97,2319423.78,23911.59,19371.73,10233,105.49,34273.0,1,1.0,1.830188679245283,23911.58536082474,0,0.8101397690408709,-0.2986399357302215,1.6608341087315779,6.421051937260773
C10969,50,Low,Medium,Intermediate,2022-10-14,USA,1069,20245,2025-09-16 18:10:22.783129,110,2447229.71,22247.54,15763.24,11170,101.55,20245.0,1,1.0,0.1028999064546305,22247.542818181817,0,0.7085385620162948,0.9954664524340717,0.6674059034236134,6.604762180594529
C10970,70,High,Low,Intermediate,2022-05-01,UK,1235,38965,2025-09-16 18:10:22.783129,101,2170801.18,21493.08,16330.55,10450,103.47,61862.0,6,0.83,0.0817813765182186,21493.08099009901,1,0.7598050163122269,0.09954664524340717,0.21699765620949948,5.409666260063407
C10971,65,Medium,Medium,Advanced,2022-10-04,USA,1079,32229,2025-09-16 18:10:22.784126,94,2123335.63,22588.68,17661.0,9808,104.34,52703.0,8,0.75,0.0871177015755329,22588.67691489361,1,0.78185179479279,-0.597279871460443,0.8710645062052357,5.3905521976735695
C10972,63,High,Medium,Intermediate,2023-07-27,Japan,783,13521,2025-09-16 18:10:22.784126,100,2274332.37,22743.32,16869.1,10580,105.8,22484.0,5,0.6,0.1277139208173691,22743.3237,0,0.7417166886804565,0.0,0.9633836899249696,5.989884087367294
C10973,21,Medium,Very High,Beginner,2024-06-16,Australia,458,26553,2025-09-16 18:10:22.785124,98,2074638.01,21169.78,14929.7,10653,108.7,31636.0,3,0.33,0.2139737991266375,21169.7756122449,2,0.7052364266421286,-0.19909329048681434,0.02398943002875494,4.905611926674612
C10974,35,High,Low,Intermediate,2025-04-28,USA,142,7496,2025-09-16 18:10:22.785124,102,2124311.06,20826.58,16647.2,10380,101.76,7496.0,1,1.0,0.7183098591549296,20826.579019607845,0,0.799324709097701,0.19909329048681434,-0.18089898081328146,5.170815046799527
C10975,51,High,Low,Beginner,2024-05-18,Australia,487,20164,2025-09-16 18:10:22.786120,112,2398865.32,21418.44,17661.08,10605,94.69,20164.0,1,1.0,0.2299794661190965,21418.440357142856,0,0.8245735917275022,1.194559742920886,0.17243800881657886,6.438804405529465
C10976,42,Low,High,Beginner,2024-08-09,USA,404,43455,2025-09-16 18:10:22.786120,102,2508198.93,24590.19,18653.72,10459,102.54,43455.0,1,1.0,0.2524752475247525,24590.185588235297,2,0.7585838092344956,0.19909329048681434,2.0659543756237886,7.2066378963556605
C10977,61,High,High,Advanced,2025-07-24,USA,55,43454,2025-09-16 18:10:22.787154,80,1649220.46,20615.26,15224.63,7703,96.29,43454.0,1,1.0,1.4545454545454546,20615.25575,1,0.7385126357853358,-1.9909329048681434,-0.3070557960205664,2.977299983406157
C10978,64,Low,Low,Intermediate,2020-01-01,UK,2086,21188,2025-09-16 18:10:22.787154,85,1745237.7,20532.21,16995.06,8406,98.89,76441.0,19,0.37,0.0407478427612655,20532.20823529412,1,0.8277267766109933,-1.4931996786511077,-0.3566361646698412,3.473187675199391
C10979,64,Low,Very High,Beginner,2023-12-03,Canada,654,6756,2025-09-16 18:10:22.788150,98,2144677.0,21884.46,14449.24,10396,106.08,36583.0,10,0.6,0.1498470948012232,21884.45918367347,0,0.6602511553860594,-0.19909329048681434,0.4506492478043606,5.25782505188636
C10980,33,Medium,Low,Beginner,2024-02-04,USA,591,47706,2025-09-16 18:10:22.788150,119,2554748.6,21468.48,16606.76,11918,100.15,47706.0,1,1.0,0.2013536379018612,21468.475630252105,2,0.773541489662985,1.8913862596247364,0.20231159878900243,7.062317662255667
C10981,28,High,Medium,Beginner,2020-02-16,Canada,2040,49652,2025-09-16 18:10:22.789152,89,1815913.07,20403.52,14910.22,9333,104.87,64071.0,5,0.6,0.0436274509803921,20403.51764044944,2,0.7307670441178776,-1.095013097677479,-0.43346334879356385,3.6802659511816405
C10982,67,Medium,Low,Intermediate,2024-06-24,USA,450,19772,2025-09-16 18:10:22.789152,114,2202472.01,19319.93,15748.25,10884,95.47,24541.0,2,0.5,0.2533333333333333,19319.9299122807,0,0.8151297649629166,1.3936530334077004,-1.0803602983982379,5.457719918375663
C10983,70,High,High,Advanced,2024-04-13,Germany,522,24644,2025-09-16 18:10:22.790151,115,2680413.36,23307.94,18490.06,11907,103.54,32427.0,3,1.0,0.2203065134099616,23307.942260869564,0,0.7932944739003105,1.4931996786511077,1.3004585574355505,7.726476419413152
C10984,23,Medium,High,Beginner,2024-11-16,USA,305,27091,2025-09-16 18:10:22.790151,124,2307056.74,18605.3,14056.63,11143,89.86,27091.0,1,1.0,0.4065573770491803,18605.29629032258,2,0.7555175138267053,2.389119485841772,-1.5069902664636399,5.927637182327085
C10985,58,Medium,Medium,Intermediate,2025-08-20,Japan,28,36340,2025-09-16 18:10:22.791151,103,2310784.9,22434.8,17724.06,10598,102.89,36340.0,1,1.0,3.678571428571429,22434.804854368933,0,0.7900253178098312,0.2986399357302215,0.7791990380806056,6.140084269688996
C10986,56,Medium,High,Intermediate,2021-06-09,Canada,1561,40284,2025-09-16 18:10:22.791151,122,3226368.89,26445.65,18167.35,14019,114.91,85767.0,11,0.55,0.0781550288276745,26445.646639344264,0,0.6869693125334412,2.190026195354958,3.173653241535702,10.0
C10987,29,Low,High,Advanced,2022-07-21,Australia,1154,8278,2025-09-16 18:10:22.792146,112,2349528.16,20977.93,17558.08,10919,97.49,40906.0,10,0.8,0.097053726169844,20977.93,0,0.8369786723475577,1.194559742920886,-0.0905439080249884,6.207569571045334
C10988,46,High,Medium,Intermediate,2025-08-01,Japan,47,8071,2025-09-16 18:10:22.792146,91,1928057.89,21187.45,14569.94,9382,103.1,8071.0,1,1.0,1.9361702127659572,21187.44934065934,0,0.6876684074770678,-0.8959198071906646,0.03453831761494142,4.256096055865402
C10989,48,Medium,Very High,Beginner,2023-02-21,Germany,939,20424,2025-09-16 18:10:22.793141,113,2479382.18,21941.44,18325.21,11288,99.89,46531.0,8,0.38,0.1203407880724174,21941.43522123894,0,0.8351872074029781,1.2941063881642934,0.4846659775531346,6.828588528616083
C10990,63,Low,Low,Intermediate,2021-03-20,Germany,1642,25234,2025-09-16 18:10:22.793141,106,2293159.28,21633.58,15358.99,10860,102.45,29926.0,2,0.5,0.0645554202192448,21633.578113207543,0,0.7099606260267601,0.597279871460443,0.30087534188346904,5.900385775330011
C10991,50,High,High,Advanced,2021-01-23,UK,1698,38252,2025-09-16 18:10:22.795132,101,2013526.83,19935.91,12644.97,10373,102.7,51306.0,4,1.0,0.0594817432273262,19935.90920792079,1,0.6342810536363778,0.09954664524340717,-0.7126238085658412,4.435967406041328
C10992,40,Medium,Medium,Advanced,2020-11-15,Germany,1767,6091,2025-09-16 18:10:22.795132,96,1989927.3,20728.41,17033.93,8955,93.28,44910.0,15,0.4,0.0543293718166383,20728.409375,0,0.8217673232052048,-0.3981865809736287,-0.23950590182832596,4.586266363255717
C10993,25,Low,High,Intermediate,2023-07-31,Canada,779,27547,2025-09-16 18:10:22.796129,114,2477937.2,21736.29,15807.55,11411,100.1,47216.0,6,0.67,0.1463414634146341,21736.29122807018,2,0.7272423214817247,1.3936530334077004,0.3621926165850587,6.707818893235596
C10994,34,Medium,Medium,Intermediate,2022-10-12,Germany,1071,41948,2025-09-16 18:10:22.796129,102,2200588.9,21574.4,16175.11,10366,101.63,41948.0,1,1.0,0.0952380952380952,21574.400980392154,2,0.7497362614951053,0.19909329048681434,0.26554522488570714,5.537037547335736
C10995,59,High,Medium,Intermediate,2022-09-20,Japan,1093,7270,2025-09-16 18:10:22.797127,100,2338114.39,23381.14,17317.24,10557,105.57,7270.0,1,1.0,0.091491308325709,23381.143900000003,0,0.7406499426460815,0.0,1.3441585331745871,6.340282553306236
C10996,31,Medium,Medium,Intermediate,2020-03-03,UK,2024,29619,2025-09-16 18:10:22.797127,102,2490578.85,24417.44,19656.33,10479,102.74,41781.0,4,0.5,0.050395256916996,24417.439705882352,2,0.8050119095204085,0.19909329048681434,1.9628236268680717,7.1543121198336195
C10997,45,Low,Very High,Beginner,2022-09-24,Canada,1089,34519,2025-09-16 18:10:22.798124,103,2010217.29,19516.67,14999.11,9865,95.78,42118.0,3,0.67,0.0945821854912764,19516.672718446604,1,0.7685281351787985,0.2986399357302215,-0.9629076586865183,4.512612803061886
C10998,56,High,Very High,Advanced,2023-11-13,Australia,674,23870,2025-09-16 18:10:22.798124,92,1947466.16,21168.11,15021.07,9136,99.3,23870.0,1,1.0,0.1364985163204747,21168.110434782608,1,0.7096084629189852,-0.7963731619472574,0.022992449707933706,4.357550566401517
C10999,52,Low,Low,Beginner,2025-01-20,Germany,240,36091,2025-09-16 18:10:22.799121,98,2047414.08,20891.98,14980.84,10616,108.33,36091.0,1,1.0,0.4083333333333333,20891.980408163265,1,0.7170617624562152,-0.19909329048681434,-0.14185555986611115,4.763481034786469
