client_id,age,income_bracket,risk_tolerance,investment_experience,join_date,country,tenure_days,account_balance,last_updated,trade_count,total_trade_value,avg_trade_value,std_trade_value,total_quantity,avg_quantity,total_transaction_value,transaction_count,deposit_ratio,avg_daily_trades,value_per_trade
C10000,54,Medium,Very High,Beginner,2020-02-16,Canada,2040,11119,2025-09-16 18:10:22.208536,101,2070146.74,20496.5,14622.27,10030,99.31,52091.0,10,0.8,0.049509803921568625,20496.502376237622
C10001,61,Medium,Low,Beginner,2025-11-15,Canada,-59,27182,2025-09-16 18:10:22.214717,98,2466664.64,25170.05,18070.9,10828,110.49,27182.0,1,1.0,98.0,25170.047346938776
C10002,27,Medium,Very High,Intermediate,2024-08-17,Germany,396,46465,2025-09-16 18:10:22.216712,91,2056016.16,22593.58,16463.27,9686,106.44,46815.0,2,0.5,0.2297979797979798,22593.584175824173
C10003,23,Low,Very High,Intermediate,2022-02-03,Germany,1322,25315,2025-09-16 18:10:22.217713,92,1998764.47,21725.7,17154.08,9172,99.7,34596.0,3,0.67,0.06959152798789713,21725.700760869564
C10004,57,Medium,High,Advanced,2025-11-07,Australia,-51,21668,2025-09-16 18:10:22.218707,95,1841425.29,19383.42,15530.8,8619,90.73,21668.0,1,1.0,95.0,19383.42410526316
C10005,35,High,Low,Advanced,2025-03-04,UK,197,7994,2025-09-16 18:10:22.219704,85,1837008.27,21611.86,15681.8,8944,105.22,10123.0,2,1.0,0.43147208121827413,21611.862
C10006,70,High,Low,Beginner,2024-06-06,Japan,468,12329,2025-09-16 18:10:22.221699,103,2306990.82,22397.97,16418.1,10755,104.42,39071.0,7,1.0,0.22008547008547008,22397.96912621359
C10007,46,Low,Very High,Beginner,2024-09-20,Canada,362,20934,2025-09-16 18:10:22.222696,99,2092687.5,21138.26,18626.68,9601,96.98,20934.0,1,1.0,0.27348066298342544,21138.257575757576
C10008,41,Low,High,Beginner,2024-04-12,Germany,523,10248,2025-09-16 18:10:22.223693,96,2284327.85,23795.08,18514.3,10540,109.79,19480.0,5,0.4,0.1835564053537285,23795.081770833334
C10009,32,Low,Very High,Beginner,2024-02-21,Canada,574,12255,2025-09-16 18:10:22.224691,101,1847589.3,18292.96,13723.06,9490,93.96,12255.0,1,1.0,0.1759581881533101,18292.963366336633
C10010,39,High,High,Intermediate,2023-07-04,UK,806,14279,2025-09-16 18:10:22.226687,108,2272441.43,21041.12,14822.87,11466,106.17,54039.0,9,0.89,0.13399503722084366,21041.124351851853
C10011,66,High,Very High,Intermediate,2023-11-25,USA,662,33200,2025-09-16 18:10:22.227686,100,2348302.36,23483.02,16473.87,10674,106.74,33200.0,1,1.0,0.1510574018126888,23483.0236
C10012,46,Low,High,Intermediate,2021-07-31,Japan,1509,27553,2025-09-16 18:10:22.228723,90,1904728.2,21163.65,15131.48,9303,103.37,63789.0,7,1.0,0.05964214711729622,21163.646666666667
C10013,55,Low,Low,Beginner,2022-12-14,Canada,1008,49512,2025-09-16 18:10:22.229719,108,2241560.81,20755.19,14598.45,11050,102.31,71643.0,6,0.83,0.10714285714285714,20755.192685185186
C10014,19,High,Low,Advanced,2021-06-18,Germany,1552,27783,2025-09-16 18:10:22.230704,93,1929404.38,20746.28,16408.58,8723,93.8,51622.0,10,0.7,0.059922680412371136,20746.283655913976
C10015,30,High,High,Beginner,2025-02-02,Japan,227,47708,2025-09-16 18:10:22.231704,104,2143555.61,20611.11,15090.08,10356,99.58,47708.0,1,1.0,0.4581497797356828,20611.111634615383
C10016,29,Medium,Very High,Beginner,2021-06-26,UK,1544,26967,2025-09-16 18:10:22.232699,104,2137464.45,20552.54,16572.41,9511,91.45,59727.0,6,0.83,0.06735751295336788,20552.542788461542
C10017,40,Medium,Very High,Advanced,2024-02-28,UK,567,23245,2025-09-16 18:10:22.232699,120,2853797.72,23781.65,17878.62,12406,103.38,45669.0,4,1.0,0.21164021164021163,23781.647666666668
C10018,52,Low,Very High,Intermediate,2025-07-06,Japan,73,16378,2025-09-16 18:10:22.233697,99,1854388.98,18731.2,15644.86,9334,94.28,16378.0,1,1.0,1.356164383561644,18731.201818181817
C10019,25,High,Low,Advanced,2020-03-05,Australia,2022,33039,2025-09-16 18:10:22.234693,86,1881721.88,21880.49,15008.48,8619,100.22,62567.0,7,0.57,0.04253214638971316,21880.486976744185
C10020,57,High,Low,Intermediate,2021-09-19,Canada,1459,17070,2025-09-16 18:10:22.235690,91,1638873.18,18009.6,12285.56,8584,94.33,49968.0,10,0.6,0.06237148732008225,18009.595384615382
C10021,43,High,Very High,Beginner,2024-11-05,USA,316,43909,2025-09-16 18:10:22.236688,117,2268075.72,19385.26,16011.99,10930,93.42,43909.0,1,1.0,0.370253164556962,19385.262564102566
C10022,55,Low,Low,Intermediate,2022-09-07,Germany,1106,14744,2025-09-16 18:10:22.236688,81,1634103.03,20174.11,15528.42,7907,97.62,41411.0,8,0.5,0.07323688969258589,20174.111481481483
C10023,63,Medium,Very High,Beginner,2022-01-21,Japan,1335,35541,2025-09-16 18:10:22.237685,98,1951698.36,19915.29,16658.69,9475,96.68,51854.0,9,0.33,0.07340823970037454,19915.289387755103
C10024,32,Medium,High,Intermediate,2025-02-12,Germany,217,12279,2025-09-16 18:10:22.238683,87,1795034.9,20632.59,16477.79,8410,96.67,19043.0,2,1.0,0.4009216589861751,20632.585057471264
C10025,29,Medium,Medium,Advanced,2021-05-01,USA,1600,36633,2025-09-16 18:10:22.239686,107,2379393.12,22237.32,16010.67,11224,104.9,93264.0,12,0.75,0.066875,22237.318878504673
C10026,63,Low,Low,Advanced,2020-02-20,UK,2036,28456,2025-09-16 18:10:22.240682,99,2017194.33,20375.7,16737.23,8805,88.94,75875.0,11,0.73,0.04862475442043222,20375.700303030302
C10027,34,Medium,High,Advanced,2020-04-09,USA,1987,23352,2025-09-16 18:10:22.241679,108,2144105.9,19852.83,15541.5,9852,91.22,41899.0,9,0.56,0.05435329642677403,19852.832407407408
C10028,29,Low,Very High,Advanced,2021-11-09,Germany,1408,15395,2025-09-16 18:10:22.242677,100,1930608.62,19306.09,14126.44,10115,101.15,27274.0,3,1.0,0.07102272727272728,19306.0862
C10029,40,Medium,High,Beginner,2025-06-18,Australia,91,16102,2025-09-16 18:10:22.242677,104,2295502.55,22072.14,15836.69,10890,104.71,16102.0,1,1.0,1.1428571428571428,22072.139903846153
C10030,35,Medium,Low,Advanced,2020-07-03,Canada,1902,41563,2025-09-16 18:10:22.243682,91,1953559.15,21467.68,15182.87,9403,103.33,95352.0,12,0.58,0.04784437434279706,21467.682967032964
C10031,22,Low,Very High,Advanced,2022-08-19,Japan,1125,23332,2025-09-16 18:10:22.245664,95,1720686.87,18112.49,13245.46,8677,91.34,47583.0,5,0.6,0.08444444444444445,18112.493368421055
C10032,48,Medium,Very High,Intermediate,2023-02-16,Canada,944,22746,2025-09-16 18:10:22.245664,118,2445449.45,20724.15,15575.96,11746,99.54,48752.0,8,0.38,0.125,20724.147881355933
C10033,19,Medium,High,Beginner,2021-07-10,Canada,1530,31835,2025-09-16 18:10:22.246661,116,2742409.66,23641.46,16583.99,12807,110.41,45106.0,4,0.75,0.07581699346405228,23641.462586206897
C10034,53,Medium,Very High,Advanced,2021-12-15,USA,1372,48322,2025-09-16 18:10:22.247661,86,1727251.66,20084.32,15930.78,7683,89.34,68684.0,5,0.8,0.06268221574344024,20084.321627906975
C10035,30,Medium,Medium,Advanced,2023-05-09,UK,862,9625,2025-09-16 18:10:22.248656,94,2156925.15,22946.01,17024.52,10103,107.48,13118.0,3,1.0,0.10904872389791183,22946.01223404255
C10036,56,Medium,High,Intermediate,2024-02-27,USA,568,45254,2025-09-16 18:10:22.249654,101,1772330.28,17547.82,15827.74,8813,87.26,52932.0,3,1.0,0.17781690140845072,17547.824554455445
C10037,20,High,High,Beginner,2025-04-15,Australia,155,20751,2025-09-16 18:10:22.250656,87,1810836.54,20814.21,16140.53,7935,91.21,20751.0,1,1.0,0.5612903225806452,20814.213103448277
C10038,20,Medium,Medium,Intermediate,2020-07-08,USA,1897,11576,2025-09-16 18:10:22.251647,98,1967258.35,20074.06,15988.92,9328,95.18,70425.0,16,0.5,0.05166051660516605,20074.06479591837
C10039,37,Low,Low,Beginner,2020-08-09,Canada,1865,24556,2025-09-16 18:10:22.251647,106,2032802.68,19177.38,15523.93,9649,91.03,46643.0,7,0.43,0.056836461126005364,19177.383773584905
C10040,18,Medium,High,Intermediate,2025-12-11,Canada,-85,23849,2025-09-16 18:10:22.252645,95,2081840.68,21914.11,16871.94,9684,101.94,23849.0,1,1.0,95.0,21914.112421052632
C10041,57,High,Very High,Advanced,2021-03-17,UK,1645,20278,2025-09-16 18:10:22.253679,96,1944871.98,20259.08,16462.79,9467,98.61,73316.0,14,0.57,0.05835866261398176,20259.083125
C10042,70,High,Very High,Beginner,2025-11-24,UK,-68,29292,2025-09-16 18:10:22.254674,99,1984460.88,20045.06,14377.54,9649,97.46,29292.0,1,1.0,99.0,20045.05939393939
C10043,20,Medium,Very High,Advanced,2023-04-13,Germany,888,10528,2025-09-16 18:10:22.255670,110,2366114.41,21510.13,17989.71,10404,94.58,37610.0,7,1.0,0.12387387387387387,21510.131
C10044,64,High,Very High,Intermediate,2020-08-23,Japan,1851,39757,2025-09-16 18:10:22.255670,98,2083856.34,21263.84,16668.89,10013,102.17,68129.0,12,0.42,0.05294435440302539,21263.840204081633
C10045,70,High,Very High,Beginner,2020-06-03,USA,1932,30843,2025-09-16 18:10:22.256670,86,1860431.36,21632.92,16042.16,8789,102.2,60118.0,10,0.3,0.044513457556935816,21632.922790697674
C10046,27,Low,Very High,Advanced,2022-09-08,Germany,1105,45749,2025-09-16 18:10:22.257666,98,1886498.3,19249.98,14473.73,9296,94.86,46992.0,2,1.0,0.08868778280542987,19249.982653061226
C10047,60,Low,Medium,Beginner,2021-03-09,UK,1653,35398,2025-09-16 18:10:22.258664,94,2197725.45,23380.06,17805.59,9774,103.98,42126.0,3,0.67,0.056866303690260134,23380.057978723406
C10048,39,Medium,Medium,Advanced,2023-03-11,Australia,921,37217,2025-09-16 18:10:22.258664,94,1966195.15,20916.97,13947.57,9711,103.31,51173.0,4,0.5,0.10206297502714441,20916.969680851063
C10049,62,High,High,Intermediate,2020-08-01,Australia,1873,43186,2025-09-16 18:10:22.259660,99,2160738.25,21825.64,17522.04,9220,93.13,55553.0,5,0.4,0.05285638013881474,21825.63888888889
C10050,22,Medium,Very High,Advanced,2021-10-29,Australia,1419,13063,2025-09-16 18:10:22.260649,112,2256221.64,20144.84,16109.64,10425,93.08,58280.0,13,0.46,0.07892882311486962,20144.836071428574
C10051,18,Low,Low,Intermediate,2023-06-23,Japan,817,26144,2025-09-16 18:10:22.261294,99,2029782.2,20502.85,14257.4,9768,98.67,37520.0,6,0.5,0.1211750305997552,20502.850505050505
C10052,52,High,Very High,Intermediate,2020-07-24,UK,1881,32037,2025-09-16 18:10:22.262381,93,2007814.25,21589.4,18036.73,8809,94.72,55139.0,7,0.43,0.049441786283891544,21589.40053763441
C10053,53,Medium,Low,Advanced,2023-10-04,UK,714,17290,2025-09-16 18:10:22.262381,96,1708022.0,17791.9,15965.1,7951,82.82,22481.0,3,0.33,0.13445378151260504,17791.895833333332
C10054,64,Low,Low,Beginner,2023-01-02,Canada,989,38224,2025-09-16 18:10:22.263379,102,2119223.82,20776.7,17317.66,9975,97.79,48107.0,3,0.67,0.10313447927199192,20776.704117647056
C10055,45,Low,Medium,Advanced,2023-06-16,UK,824,6328,2025-09-16 18:10:22.263379,103,2200258.0,21361.73,15715.32,10686,103.75,17647.2,7,0.29,0.125,21361.728155339806
C10056,60,High,Low,Beginner,2025-11-22,USA,-66,37820,2025-09-16 18:10:22.264368,91,2177292.16,23926.29,15606.62,9936,109.19,37820.0,1,1.0,91.0,23926.287472527474
C10057,69,Low,Low,Advanced,2021-06-06,Canada,1564,43691,2025-09-16 18:10:22.264368,98,1940913.0,19805.23,17340.75,8680,88.57,72039.0,8,0.5,0.06265984654731457,19805.23469387755
C10058,36,Low,High,Intermediate,2022-12-19,UK,1003,43535,2025-09-16 18:10:22.265365,95,2170108.73,22843.25,18187.68,10127,106.6,67411.0,6,0.83,0.09471585244267199,22843.249789473684
C10059,58,Medium,High,Advanced,2021-04-27,USA,1604,22423,2025-09-16 18:10:22.266363,98,1759532.36,17954.41,12041.91,9304,94.94,59463.0,8,0.62,0.06109725685785536,17954.411836734696
C10060,35,High,Very High,Beginner,2025-07-21,UK,58,27740,2025-09-16 18:10:22.266363,104,2089510.47,20091.45,17274.2,9710,93.37,27740.0,1,1.0,1.793103448275862,20091.44682692308
C10061,24,Medium,Very High,Advanced,2024-02-05,Australia,590,43776,2025-09-16 18:10:22.266363,72,1485111.15,20626.54,16508.28,6580,91.39,43776.0,1,1.0,0.12203389830508475,20626.543749999997
C10062,28,Medium,Low,Beginner,2025-06-22,Canada,87,9620,2025-09-16 18:10:22.266363,124,2592583.83,20907.93,14780.52,12769,102.98,9620.0,1,1.0,1.4252873563218391,20907.934112903225
C10063,35,Low,Low,Advanced,2023-06-23,Australia,817,31824,2025-09-16 18:10:22.267906,100,2146406.49,21464.06,17188.23,9534,95.34,72313.0,8,0.88,0.12239902080783353,21464.0649
C10064,26,High,Low,Intermediate,2021-12-14,Japan,1373,16803,2025-09-16 18:10:22.268943,105,2262285.11,21545.57,17399.32,10700,101.9,54485.0,11,0.55,0.0764748725418791,21545.572476190475
C10065,49,Medium,Very High,Beginner,2021-08-26,Germany,1483,5163,2025-09-16 18:10:22.268943,114,2491723.75,21857.23,15961.06,11708,102.7,16778.0,4,0.75,0.07687120701281187,21857.22587719298
C10066,57,Low,Low,Advanced,2023-10-18,Germany,700,36829,2025-09-16 18:10:22.269942,101,2339584.51,23164.2,17839.76,10540,104.36,51632.0,5,0.8,0.1442857142857143,23164.20306930693
C10067,66,Medium,Very High,Advanced,2023-05-07,Canada,864,27325,2025-09-16 18:10:22.269942,100,2035332.86,20353.33,13729.51,10351,103.51,40209.0,5,0.2,0.11574074074074074,20353.3286
C10068,49,Low,Very High,Beginner,2022-08-12,Japan,1132,17919,2025-09-16 18:10:22.270938,98,1889172.88,19277.27,15465.56,9402,95.94,68887.0,10,0.7,0.08657243816254417,19277.274285714284
C10069,43,Medium,Low,Advanced,2025-06-30,Germany,79,5000,2025-09-16 18:10:22.270938,118,2448752.35,20752.14,13858.04,12099,102.53,5000.0,1,1.0,1.4936708860759493,20752.138559322033
C10070,58,Low,High,Beginner,2021-06-22,Australia,1548,41271,2025-09-16 18:10:22.271947,99,2003449.46,20236.86,14676.29,9668,97.66,56757.0,8,0.5,0.06395348837209303,20236.86323232323
C10071,31,Low,Low,Advanced,2024-08-16,USA,397,27988,2025-09-16 18:10:22.271947,111,2474791.36,22295.42,16799.95,11319,101.97,47416.0,4,0.75,0.2795969773299748,22295.417657657657
C10072,42,Low,Very High,Beginner,2024-07-24,Canada,420,33005,2025-09-16 18:10:22.272938,107,2296183.11,21459.66,17073.67,10437,97.54,33005.0,1,1.0,0.25476190476190474,21459.65523364486
C10073,63,Medium,High,Beginner,2020-12-27,UK,1725,11719,2025-09-16 18:10:22.272938,101,2460686.91,24363.24,16932.01,10307,102.05,49515.0,13,0.31,0.058550724637681156,24363.236732673267
C10074,18,High,Medium,Beginner,2024-12-13,Australia,278,28239,2025-09-16 18:10:22.273934,109,2195303.15,20140.4,14200.5,11149,102.28,28435.0,2,0.5,0.3920863309352518,20140.39587155963
C10075,65,Low,High,Intermediate,2025-02-25,Germany,204,9353,2025-09-16 18:10:22.274939,97,2269124.31,23393.03,18629.8,9742,100.43,9353.0,1,1.0,0.47549019607843135,23393.034123711343
C10076,50,High,Very High,Intermediate,2022-02-04,Canada,1321,36550,2025-09-16 18:10:22.274939,87,1580741.43,18169.44,14841.9,7745,89.02,57544.0,9,0.22,0.06585919757759273,18169.44172413793
C10077,65,Medium,High,Advanced,2023-08-21,USA,758,24523,2025-09-16 18:10:22.275930,122,2478264.12,20313.64,15334.74,11973,98.14,41283.0,5,0.8,0.16094986807387862,20313.640327868852
C10078,67,Low,Very High,Intermediate,2020-08-17,Japan,1857,9462,2025-09-16 18:10:22.275930,103,2143945.37,20815.0,14068.72,10357,100.55,69490.0,16,0.56,0.05546580506192784,20815.00359223301
C10079,66,Low,High,Intermediate,2025-05-04,Japan,136,30454,2025-09-16 18:10:22.276931,104,2339427.13,22494.49,16582.3,11425,109.86,40991.0,4,0.25,0.7647058823529411,22494.491634615384
C10080,34,Low,Low,Beginner,2024-03-08,Australia,558,14346,2025-09-16 18:10:22.277902,101,2387045.93,23634.12,19879.62,10190,100.89,14346.0,1,1.0,0.18100358422939067,23634.118118811883
C10081,30,Low,Very High,Beginner,2025-02-24,Australia,205,40874,2025-09-16 18:10:22.277902,90,1697129.07,18856.99,14387.55,8663,96.26,40874.0,1,1.0,0.43902439024390244,18856.98966666667
C10082,36,High,Medium,Beginner,2022-06-18,Canada,1187,49620,2025-09-16 18:10:22.278977,89,1981753.82,22266.9,18074.96,9370,105.28,80795.0,10,0.6,0.07497893850042123,22266.896853932583
C10083,57,High,High,Beginner,2024-02-12,Japan,583,22522,2025-09-16 18:10:22.279974,87,1609377.55,18498.59,15709.92,7497,86.17,39584.0,4,0.5,0.14922813036020582,18498.592528735633
C10084,62,Medium,Low,Intermediate,2022-12-18,Germany,1004,43425,2025-09-16 18:10:22.279974,110,2179995.59,19818.14,17082.53,10179,92.54,100273.0,13,0.54,0.10956175298804781,19818.141727272727
C10085,27,Medium,Low,Beginner,2021-05-30,Australia,1571,26284,2025-09-16 18:10:22.280971,107,2557853.71,23905.17,18211.18,10517,98.29,45160.0,6,0.17,0.06810948440483769,23905.174859813083
C10086,38,Low,High,Intermediate,2023-04-10,Canada,891,23943,2025-09-16 18:10:22.280971,95,1970884.64,20746.15,17554.87,8680,91.37,25587.0,2,0.5,0.10662177328843996,20746.15410526316
C10087,27,Low,Low,Beginner,2025-05-31,USA,109,11005,2025-09-16 18:10:22.281968,123,2411335.83,19604.36,16230.47,11970,97.32,11005.0,1,1.0,1.128440366972477,19604.356341463415
C10088,54,Low,Very High,Intermediate,2025-04-27,UK,143,43763,2025-09-16 18:10:22.281968,114,2293805.77,20121.1,16487.03,11304,99.16,43763.0,1,1.0,0.7972027972027972,20121.103245614035
C10089,58,Low,Medium,Beginner,2023-01-30,UK,961,19166,2025-09-16 18:10:22.282966,89,1627858.6,18290.55,13184.94,8333,93.63,46304.0,7,0.71,0.09261186264308012,18290.546067415733
C10090,57,Medium,Medium,Advanced,2022-06-22,UK,1183,6889,2025-09-16 18:10:22.282966,107,2309422.7,21583.39,18866.09,9608,89.79,38622.0,9,0.56,0.0904480135249366,21583.38971962617
C10091,68,Low,Medium,Beginner,2024-05-16,Japan,489,34248,2025-09-16 18:10:22.283963,98,2356619.67,24047.14,17695.86,10838,110.59,45998.0,3,0.67,0.20040899795501022,24047.139489795918
C10092,39,Low,High,Intermediate,2024-06-20,Australia,454,47776,2025-09-16 18:10:22.283963,94,1935684.47,20592.39,15013.78,9478,100.83,53137.0,4,0.5,0.20704845814977973,20592.387978723404
C10093,53,High,High,Advanced,2025-08-27,Australia,21,46225,2025-09-16 18:10:22.284960,95,2013337.57,21193.03,16065.84,8726,91.85,46225.0,1,1.0,4.523809523809524,21193.02705263158
C10094,60,High,High,Intermediate,2021-12-08,Japan,1379,43131,2025-09-16 18:10:22.284960,99,2374932.66,23989.22,18989.27,10502,106.08,49066.0,3,0.67,0.07179115300942712,23989.218787878788
C10095,41,Medium,Low,Beginner,2023-05-19,Australia,852,13859,2025-09-16 18:10:22.285959,93,1960717.28,21082.98,16055.31,9133,98.2,67779.0,11,0.73,0.10915492957746478,21082.981505376345
C10096,48,Low,Medium,Intermediate,2023-10-14,Australia,704,24062,2025-09-16 18:10:22.286954,93,2087825.16,22449.73,16352.4,9594,103.16,27611.0,2,0.5,0.13210227272727273,22449.732903225806
C10097,22,High,Very High,Advanced,2023-10-22,Japan,696,37841,2025-09-16 18:10:22.286954,93,1793445.7,19284.36,13713.72,9142,98.3,37841.0,1,1.0,0.1336206896551724,19284.362365591398
C10098,24,Low,Medium,Advanced,2020-02-16,UK,2040,29051,2025-09-16 18:10:22.286954,104,2035846.42,19575.45,16250.62,9897,95.16,92426.0,17,0.41,0.050980392156862744,19575.446346153847
C10099,27,Medium,Low,Advanced,2020-10-07,Canada,1806,35420,2025-09-16 18:10:22.287952,105,2394288.25,22802.75,18115.66,10866,103.49,69369.0,11,0.36,0.05813953488372093,22802.745238095238
C10100,68,High,Very High,Intermediate,2024-06-30,Australia,444,24370,2025-09-16 18:10:22.288961,113,2214614.65,19598.36,13779.74,10532,93.2,24370.0,1,1.0,0.2545045045045045,19598.359734513273
C10101,68,Medium,High,Beginner,2022-05-29,UK,1207,5985,2025-09-16 18:10:22.288961,99,1857035.9,18757.94,15187.44,8728,88.16,5985.0,1,1.0,0.0820215410107705,18757.938383838384
C10102,42,Low,High,Advanced,2022-01-25,Canada,1331,7734,2025-09-16 18:10:22.289952,86,1875403.8,21807.02,14726.03,9306,108.21,14503.0,3,0.33,0.06461307287753569,21807.02093023256
C10103,61,High,Very High,Advanced,2024-06-26,Germany,448,39025,2025-09-16 18:10:22.289952,112,2383737.38,21283.37,17111.71,11113,99.22,58016.0,5,0.4,0.25,21283.36946428571
C10104,25,Medium,High,Beginner,2025-11-08,USA,-52,26481,2025-09-16 18:10:22.290950,93,2038997.72,21924.71,15839.24,9472,101.85,26481.0,1,1.0,93.0,21924.706666666665
C10105,59,Low,Very High,Intermediate,2023-12-16,Japan,641,25318,2025-09-16 18:10:22.290950,112,2795773.34,24962.26,17902.71,12136,108.36,31233.0,3,0.33,0.1747269890795632,24962.261964285713
C10106,26,Low,Very High,Advanced,2020-11-29,UK,1753,34514,2025-09-16 18:10:22.291947,79,1743157.11,22065.28,14243.49,8551,108.24,90796.0,14,0.64,0.0450656018254421,22065.279873417723
C10107,26,High,Medium,Advanced,2020-05-01,Canada,1965,37827,2025-09-16 18:10:22.291947,110,2196172.41,19965.2,14901.25,10464,95.13,74211.0,11,0.45,0.05597964376590331,19965.20372727273
C10108,20,Medium,Low,Beginner,2024-10-24,Germany,328,24161,2025-09-16 18:10:22.292944,119,2457694.86,20652.9,15166.08,11892,99.93,25927.0,2,1.0,0.3628048780487805,20652.897983193277
C10109,29,Low,Low,Advanced,2020-11-14,UK,1768,8899,2025-09-16 18:10:22.294464,81,1751260.57,21620.5,16237.34,8227,101.57,66799.0,19,0.47,0.04581447963800905,21620.500864197533
C10110,31,Low,Medium,Advanced,2023-06-28,Germany,812,13847,2025-09-16 18:10:22.294464,95,2292384.87,24130.37,18110.58,10468,110.19,29955.0,5,0.6,0.11699507389162561,24130.36705263158
C10111,39,Medium,Medium,Intermediate,2020-07-11,USA,1894,30624,2025-09-16 18:10:22.295506,96,1638044.11,17062.96,12699.03,8736,91.0,56111.0,7,0.57,0.050686378035902854,17062.959479166668
C10112,56,Medium,Medium,Beginner,2025-10-20,Australia,-33,20724,2025-09-16 18:10:22.295506,104,2221719.77,21362.69,15408.59,10406,100.06,20724.0,1,1.0,104.0,21362.690096153845
C10113,24,Low,Very High,Beginner,2021-09-16,Japan,1462,43653,2025-09-16 18:10:22.296502,99,2143777.44,21654.32,16398.62,10117,102.19,59266.0,3,1.0,0.0677154582763338,21654.317575757574
C10114,60,Low,Very High,Advanced,2024-12-27,Germany,264,13381,2025-09-16 18:10:22.296502,118,2663529.59,22572.28,15970.13,12942,109.68,36051.0,6,0.33,0.44696969696969696,22572.284661016947
C10115,34,Low,High,Beginner,2025-09-02,Japan,15,38745,2025-09-16 18:10:22.297500,85,1743812.84,20515.45,16264.66,8742,102.85,38745.0,1,1.0,5.666666666666667,20515.44517647059
C10116,50,Low,Medium,Beginner,2024-07-26,Germany,418,48800,2025-09-16 18:10:22.298497,102,1855702.79,18193.16,12759.9,9643,94.54,48800.0,1,1.0,0.24401913875598086,18193.164607843137
C10117,57,High,Low,Beginner,2025-11-03,Canada,-47,25292,2025-09-16 18:10:22.298497,113,2452485.22,21703.41,16936.94,11729,103.8,25292.0,1,1.0,113.0,21703.409026548674
C10118,53,Medium,High,Beginner,2023-10-20,UK,698,41019,2025-09-16 18:10:22.299494,99,1812194.03,18304.99,15926.16,8560,86.46,41019.0,1,1.0,0.14183381088825214,18304.990202020203
C10119,36,Low,High,Intermediate,2022-02-11,UK,1314,41025,2025-09-16 18:10:22.299494,119,2492553.99,20945.83,15314.54,12223,102.71,94797.0,12,0.67,0.09056316590563165,20945.831848739497
C10120,20,Low,Medium,Intermediate,2024-09-07,Australia,375,46088,2025-09-16 18:10:22.300492,97,2300270.32,23714.13,17925.6,10415,107.37,48870.0,3,0.67,0.25866666666666666,23714.127010309276
C10121,55,High,Medium,Beginner,2022-10-16,Germany,1067,40548,2025-09-16 18:10:22.300492,81,1768255.43,21830.31,16916.16,7469,92.21,61004.0,8,0.5,0.07591377694470477,21830.313950617285
C10122,34,Medium,High,Beginner,2020-12-23,USA,1729,36626,2025-09-16 18:10:22.301489,90,1964662.82,21829.59,15936.83,8828,98.09,96236.0,18,0.33,0.05205320994794679,21829.58688888889
C10123,51,Medium,Medium,Advanced,2023-09-27,Australia,721,12356,2025-09-16 18:10:22.301489,108,2041106.49,18899.13,15202.99,10503,97.25,19705.0,5,0.8,0.14979195561719832,18899.134166666667
C10124,42,Low,High,Intermediate,2025-09-09,Japan,8,28818,2025-09-16 18:10:22.302486,112,2510639.66,22416.43,14639.3,11782,105.2,28818.0,1,1.0,14.0,22416.425535714287
C10125,25,Medium,Low,Intermediate,2022-11-21,UK,1031,22807,2025-09-16 18:10:22.302486,94,1965917.84,20914.02,15841.62,9708,103.28,42686.0,7,0.71,0.09117361784675072,20914.019574468086
C10126,20,Medium,High,Intermediate,2025-07-06,USA,73,11424,2025-09-16 18:10:22.303483,115,2135725.54,18571.53,15121.73,10670,92.78,11424.0,1,1.0,1.5753424657534247,18571.52643478261
C10127,48,Medium,Medium,Intermediate,2020-06-10,USA,1925,20158,2025-09-16 18:10:22.303483,86,1779228.32,20688.7,16614.59,8252,95.95,30994.0,3,0.67,0.044675324675324674,20688.70139534884
C10128,34,High,High,Intermediate,2020-11-01,Australia,1781,47539,2025-09-16 18:10:22.304481,98,1867613.23,19057.28,12643.22,9556,97.51,47539.0,1,1.0,0.055025266704098824,19057.277857142857
C10129,45,High,Low,Intermediate,2021-06-18,Germany,1552,19774,2025-09-16 18:10:22.304481,97,2183500.9,22510.32,15577.75,10412,107.34,97876.0,15,0.73,0.0625,22510.31855670103
C10130,64,Medium,Low,Intermediate,2022-03-14,Canada,1283,27765,2025-09-16 18:10:22.305479,80,1351359.63,16892.0,14063.09,6501,81.26,27765.0,1,1.0,0.06235385814497272,16891.995375
C10131,57,High,Low,Advanced,2023-09-08,Japan,740,12106,2025-09-16 18:10:22.305479,89,1776520.08,19960.9,16141.6,8476,95.24,12106.0,1,1.0,0.12027027027027028,19960.8997752809
C10132,38,Medium,Very High,Advanced,2021-09-10,USA,1468,15267,2025-09-16 18:10:22.306476,92,2078195.36,22589.08,15868.7,9878,107.37,59144.0,13,0.62,0.06267029972752043,22589.08
C10133,59,Low,Very High,Beginner,2020-01-23,Japan,2064,6426,2025-09-16 18:10:22.306476,110,2297439.33,20885.81,13765.23,11143,101.3,81560.0,19,0.42,0.05329457364341085,20885.81209090909
C10134,59,Medium,Low,Advanced,2022-06-03,UK,1202,19637,2025-09-16 18:10:22.307473,105,2201944.14,20970.9,18257.97,10456,99.58,38360.0,8,0.12,0.08735440931780367,20970.896571428573
C10135,40,Medium,Very High,Intermediate,2022-01-10,USA,1346,5806,2025-09-16 18:10:22.308471,92,1764146.41,19175.5,15892.42,8360,90.87,28365.0,6,0.5,0.06835066864784546,19175.50445652174
C10136,42,Low,Low,Intermediate,2021-04-19,USA,1612,35909,2025-09-16 18:10:22.308471,93,1670202.5,17959.17,13760.91,8185,88.01,58555.0,7,0.43,0.057692307692307696,17959.166666666668
C10137,65,Medium,High,Advanced,2020-11-07,USA,1775,11352,2025-09-16 18:10:22.309468,115,2362047.83,20539.55,15480.1,10986,95.53,90607.0,17,0.53,0.0647887323943662,20539.546347826086
C10138,21,High,Low,Intermediate,2020-01-23,Germany,2064,36753,2025-09-16 18:10:22.310466,98,2075249.79,21176.02,15619.32,9903,101.05,128145.0,21,0.76,0.04748062015503876,21176.018265306124
C10139,40,High,Very High,Beginner,2025-08-16,UK,32,43577,2025-09-16 18:10:22.311219,82,1712710.12,20886.71,16983.61,7569,92.3,43577.0,1,1.0,2.5625,20886.708780487807
C10140,68,High,Medium,Beginner,2024-06-30,USA,444,26413,2025-09-16 18:10:22.312297,118,2385835.37,20218.94,16726.4,11058,93.71,26413.0,1,1.0,0.26576576576576577,20218.943813559323
C10141,22,High,High,Intermediate,2020-04-02,Germany,1994,10887,2025-09-16 18:10:22.312297,95,1944044.76,20463.63,17379.5,8914,93.83,25132.48,7,0.43,0.047642928786359076,20463.62905263158
C10142,44,Medium,Medium,Beginner,2020-05-26,Canada,1940,33998,2025-09-16 18:10:22.313296,107,1990162.19,18599.65,14711.95,10374,96.95,73289.0,12,0.5,0.05515463917525773,18599.64663551402
C10143,45,High,Low,Intermediate,2020-04-27,UK,1969,9840,2025-09-16 18:10:22.314290,80,1778229.78,22227.87,16460.64,8060,100.75,21736.0,4,1.0,0.04062976130015236,22227.87225
C10144,21,High,Medium,Beginner,2024-01-01,Australia,625,25245,2025-09-16 18:10:22.315293,113,2330083.55,20620.21,14499.35,11477,101.57,29347.0,2,0.5,0.1808,20620.208407079645
C10145,33,Medium,Low,Beginner,2021-11-28,Australia,1389,36712,2025-09-16 18:10:22.316291,99,2087928.48,21090.19,15612.16,9767,98.66,93820.0,14,0.64,0.07127429805615551,21090.186666666665
C10146,23,High,High,Beginner,2025-11-07,Japan,-51,19358,2025-09-16 18:10:22.316291,86,1898112.16,22071.07,15265.92,9309,108.24,19358.0,1,1.0,86.0,22071.071627906975
C10147,23,Medium,Very High,Beginner,2020-02-10,Germany,2046,21868,2025-09-16 18:10:22.317282,109,2296687.65,21070.53,15487.19,10628,97.5,24307.0,2,0.5,0.05327468230694037,21070.52889908257
C10148,35,High,Medium,Beginner,2021-05-20,Japan,1581,28393,2025-09-16 18:10:22.317282,113,2286103.76,20231.01,15155.86,11703,103.57,48376.0,6,0.5,0.07147375079063883,20231.006725663716
C10149,25,High,Very High,Advanced,2020-09-14,UK,1829,40857,2025-09-16 18:10:22.318283,110,2272171.94,20656.11,16319.97,10598,96.35,51812.0,4,0.75,0.06014215418261345,20656.108545454546
C10150,22,Medium,Low,Advanced,2024-07-02,Japan,442,25773,2025-09-16 18:10:22.318283,107,2251969.97,21046.45,16762.58,10592,98.99,25773.0,1,1.0,0.2420814479638009,21046.44831775701
C10151,66,Medium,Very High,Beginner,2024-06-04,Canada,470,30117,2025-09-16 18:10:22.319276,107,2219486.09,20742.86,15872.78,10453,97.69,30117.0,1,1.0,0.2276595744680851,20742.860654205608
C10152,50,Low,Low,Advanced,2023-08-15,Germany,764,18073,2025-09-16 18:10:22.319276,96,2116391.73,22045.75,16067.3,9408,98.0,33851.0,5,0.8,0.1256544502617801,22045.7471875
C10153,32,Medium,Medium,Advanced,2024-10-05,UK,347,44805,2025-09-16 18:10:22.320276,95,2164767.12,22787.02,17999.22,8955,94.26,44805.0,1,1.0,0.2737752161383285,22787.022315789476
C10154,38,Low,Very High,Intermediate,2022-01-10,Germany,1346,31640,2025-09-16 18:10:22.320276,105,2310750.21,22007.14,17058.93,10417,99.21,50816.0,7,0.43,0.07800891530460624,22007.144857142855
C10155,68,Medium,Very High,Advanced,2021-05-25,USA,1576,17872,2025-09-16 18:10:22.321274,117,2432002.09,20786.34,14833.37,11267,96.3,46170.0,7,0.71,0.07423857868020305,20786.34264957265
C10156,19,High,Medium,Advanced,2022-09-13,Germany,1100,14432,2025-09-16 18:10:22.321274,101,2032841.84,20127.15,13254.22,10572,104.67,43149.0,10,0.4,0.09181818181818181,20127.14693069307
C10157,57,High,Low,Intermediate,2024-02-25,Germany,570,12215,2025-09-16 18:10:22.322269,97,2275470.67,23458.46,19226.05,9968,102.76,31423.0,6,0.33,0.17017543859649123,23458.460515463918
C10158,31,Medium,High,Intermediate,2021-04-15,Japan,1616,30289,2025-09-16 18:10:22.323268,100,2042197.77,20421.98,14998.38,10100,101.0,42154.0,3,1.0,0.06188118811881188,20421.9777
C10159,66,Medium,Very High,Intermediate,2022-05-28,Germany,1208,40115,2025-09-16 18:10:22.323268,110,2487216.74,22611.06,16132.44,11878,107.98,73576.0,8,0.62,0.09105960264900662,22611.061272727275
C10160,61,High,High,Beginner,2020-03-26,Canada,2001,31023,2025-09-16 18:10:22.324263,101,2517195.05,24922.72,20284.66,10375,102.72,42354.0,5,0.4,0.050474762618690654,24922.72326732673
C10161,43,High,High,Intermediate,2022-08-01,USA,1143,15290,2025-09-16 18:10:22.324263,107,2506250.45,23422.9,15761.43,11197,104.64,38756.4,9,0.22,0.09361329833770779,23422.90140186916
C10162,45,Low,Very High,Beginner,2024-02-14,Germany,581,10353,2025-09-16 18:10:22.325260,103,2145813.61,20833.14,16192.26,10532,102.25,12108.0,2,0.5,0.17728055077452667,20833.141844660193
C10163,35,Medium,Medium,Intermediate,2021-11-11,Canada,1406,47271,2025-09-16 18:10:22.325260,112,2719930.22,24285.09,16490.91,12578,112.3,70237.0,6,0.83,0.07965860597439545,24285.09125
C10164,38,High,Medium,Advanced,2023-10-04,Japan,714,41410,2025-09-16 18:10:22.326257,87,1731149.04,19898.26,16294.33,8301,95.41,41410.0,1,1.0,0.12184873949579832,19898.26482758621
C10165,64,High,High,Advanced,2024-06-21,USA,453,26261,2025-09-16 18:10:22.326257,97,1806941.56,18628.26,14701.22,8972,92.49,30733.0,2,0.5,0.2141280353200883,18628.26350515464
C10166,70,Low,High,Intermediate,2020-10-18,UK,1795,29866,2025-09-16 18:10:22.327964,97,1831493.24,18881.37,14549.24,9178,94.62,62111.0,7,0.71,0.05403899721448468,18881.373608247424
C10167,70,Low,Low,Beginner,2022-03-02,Germany,1295,25990,2025-09-16 18:10:22.329014,93,2102624.71,22608.87,19145.95,9472,101.85,25990.0,1,1.0,0.07181467181467181,22608.867849462364
C10168,21,High,High,Intermediate,2023-07-23,Japan,787,15902,2025-09-16 18:10:22.329014,110,2271240.14,20647.64,18011.43,10634,96.67,19439.0,2,1.0,0.1397712833545108,20647.637636363637
C10169,20,Medium,High,Intermediate,2025-03-12,Australia,189,17138,2025-09-16 18:10:22.330009,99,2040374.24,20609.84,16043.42,9781,98.8,18305.0,2,0.5,0.5238095238095238,20609.840808080808
C10170,28,High,Very High,Beginner,2020-08-25,Japan,1849,47269,2025-09-16 18:10:22.330009,97,2078650.27,21429.38,15886.11,10017,103.27,62938.0,4,0.75,0.052460789616008655,21429.384226804123
C10171,19,High,Low,Intermediate,2025-05-16,Japan,124,13472,2025-09-16 18:10:22.331006,86,1978861.71,23010.02,16029.2,8977,104.38,13472.0,1,1.0,0.6935483870967742,23010.01988372093
C10172,45,High,Medium,Beginner,2021-07-19,UK,1521,13025,2025-09-16 18:10:22.331006,105,2028271.38,19316.87,14157.31,10232,97.45,13426.0,2,0.5,0.06903353057199212,19316.870285714285
C10173,33,Medium,Medium,Advanced,2025-09-09,Canada,8,25544,2025-09-16 18:10:22.332004,106,2118936.11,19989.96,16131.69,9546,90.06,25544.0,1,1.0,13.25,19989.96330188679
C10174,28,Medium,Very High,Beginner,2021-11-12,Australia,1405,47748,2025-09-16 18:10:22.332004,99,1890157.89,19092.5,14900.97,9664,97.62,48348.0,2,0.5,0.0704626334519573,19092.503939393937
C10175,56,High,High,Beginner,2021-09-09,Japan,1469,24417,2025-09-16 18:10:22.333001,104,2364125.18,22731.97,16782.68,10758,103.44,35611.0,6,0.33,0.07079646017699115,22731.972884615385
C10176,58,Low,Medium,Advanced,2023-04-12,Germany,889,18029,2025-09-16 18:10:22.333001,130,3054107.87,23493.14,17575.9,14418,110.91,18029.0,1,1.0,0.14623172103487064,23493.137461538463
C10177,64,High,Medium,Intermediate,2023-11-06,UK,681,25752,2025-09-16 18:10:22.333998,94,2177354.57,23163.35,16287.04,10501,111.71,53036.0,8,0.62,0.13803230543318648,23163.346489361702
C10178,47,High,Low,Advanced,2021-06-25,Germany,1545,44287,2025-09-16 18:10:22.334997,113,2323344.83,20560.57,16755.32,10713,94.81,84377.0,13,0.38,0.07313915857605179,20560.57371681416
C10179,18,Medium,Medium,Intermediate,2023-02-18,Canada,942,33174,2025-09-16 18:10:22.334997,90,1960227.73,21780.31,17125.57,9394,104.38,33174.0,1,1.0,0.09554140127388536,21780.30811111111
C10180,67,Low,Very High,Advanced,2024-02-04,Japan,591,15349,2025-09-16 18:10:22.335993,100,1802786.94,18027.87,11939.57,9722,97.22,32335.0,4,0.75,0.1692047377326565,18027.8694
C10181,69,Low,High,Beginner,2024-11-17,Australia,304,24421,2025-09-16 18:10:22.335993,101,2229580.93,22075.06,16270.58,10740,106.34,28364.0,3,0.67,0.33223684210526316,22075.05871287129
C10182,29,Medium,Very High,Advanced,2023-12-01,Canada,656,36321,2025-09-16 18:10:22.336990,99,2108234.96,21295.3,15333.27,10390,104.95,45909.0,7,0.43,0.15091463414634146,21295.302626262626
C10183,57,Medium,Medium,Beginner,2021-03-20,Germany,1642,40164,2025-09-16 18:10:22.336990,100,2121519.69,21215.2,15590.06,10363,103.63,44563.0,4,0.5,0.06090133982947625,21215.1969
C10184,69,High,High,Beginner,2022-11-10,Canada,1042,47483,2025-09-16 18:10:22.337988,86,1843223.91,21432.84,17139.5,8910,103.6,65479.0,7,0.57,0.08253358925143954,21432.836162790696
C10185,23,High,Medium,Beginner,2022-02-19,USA,1306,13446,2025-09-16 18:10:22.337988,97,2223177.64,22919.36,14999.32,10537,108.63,44787.0,7,0.71,0.07427258805513016,22919.357113402064
C10186,40,Low,Medium,Intermediate,2023-08-01,Canada,778,39880,2025-09-16 18:10:22.338985,104,1962785.31,18872.94,13705.33,9612,92.42,62657.0,8,0.38,0.13367609254498714,18872.935673076925
C10187,46,Low,Very High,Intermediate,2021-08-20,USA,1489,5516,2025-09-16 18:10:22.339983,89,1708373.68,19195.21,13320.92,9051,101.7,60533.2,14,0.57,0.05977165883143049,19195.20988764045
C10188,50,High,Medium,Beginner,2024-08-18,Australia,395,22060,2025-09-16 18:10:22.339983,88,1680477.56,19096.34,14982.95,8565,97.33,41769.0,6,0.67,0.22278481012658227,19096.33590909091
C10189,25,High,Very High,Advanced,2023-11-04,UK,683,13747,2025-09-16 18:10:22.340980,92,2044644.4,22224.4,16349.99,9415,102.34,31279.0,4,0.75,0.13469985358711567,22224.395652173913
C10190,18,High,High,Intermediate,2022-02-22,Germany,1303,30987,2025-09-16 18:10:22.340980,101,1848864.44,18305.59,13693.72,9510,94.16,59046.0,7,0.43,0.07751343054489639,18305.588514851486
C10191,50,High,High,Advanced,2022-04-11,USA,1255,48041,2025-09-16 18:10:22.341978,101,2573908.84,25484.25,20039.15,10503,103.99,64137.0,3,1.0,0.0804780876494024,25484.245940594057
C10192,44,Low,High,Beginner,2023-05-07,Germany,864,23953,2025-09-16 18:10:22.341978,111,2767017.65,24928.09,17928.65,12128,109.26,27612.0,2,0.5,0.1284722222222222,24928.086936936936
C10193,62,High,Medium,Advanced,2021-04-24,Germany,1607,48344,2025-09-16 18:10:22.342975,100,2155443.83,21554.44,16741.16,9791,97.91,64438.0,6,0.33,0.06222775357809583,21554.4383
C10194,48,Medium,Low,Advanced,2022-09-11,USA,1102,43439,2025-09-16 18:10:22.344464,89,1874630.92,21063.27,14044.69,9295,104.44,71307.0,11,0.36,0.08076225045372051,21063.268764044944
C10195,60,High,High,Advanced,2021-03-16,Japan,1646,14484,2025-09-16 18:10:22.345043,92,2146688.13,23333.57,13586.65,10695,116.25,60072.0,14,0.5,0.05589307411907655,23333.56663043478
C10196,20,Low,High,Advanced,2021-07-18,Canada,1522,36874,2025-09-16 18:10:22.345043,115,2781301.55,24185.23,17933.27,12822,111.5,63053.0,11,0.55,0.07555847568988174,24185.230869565217
C10197,58,High,Low,Intermediate,2023-03-16,USA,916,18636,2025-09-16 18:10:22.346080,96,1942011.57,20229.29,16683.82,8593,89.51,36619.0,4,1.0,0.10480349344978165,20229.287187500002
C10198,37,Low,Very High,Advanced,2025-03-25,Germany,176,29968,2025-09-16 18:10:22.347083,101,2408417.81,23845.72,18516.6,10849,107.42,35078.0,3,0.33,0.5738636363636364,23845.72089108911
C10199,23,Low,Medium,Beginner,2020-12-06,Australia,1746,46416,2025-09-16 18:10:22.347083,103,2256840.81,21911.08,17177.02,10537,102.3,69386.0,9,0.33,0.05899198167239404,21911.07582524272
C10200,44,Medium,Very High,Beginner,2024-03-11,Germany,555,24409,2025-09-16 18:10:22.348076,96,2012127.01,20959.66,17625.19,9298,96.85,26486.0,3,0.33,0.17297297297297298,20959.656354166666
C10201,54,Low,Low,Intermediate,2023-10-19,Germany,699,28377,2025-09-16 18:10:22.348076,119,2381472.48,20012.37,16800.54,11406,95.85,28377.0,1,1.0,0.17024320457796852,20012.373781512604
C10202,23,High,Medium,Advanced,2024-01-04,UK,622,36470,2025-09-16 18:10:22.349073,106,2492925.86,23518.17,16921.4,11316,106.75,58958.0,8,0.5,0.17041800643086816,23518.168490566037
C10203,43,Low,Low,Beginner,2021-02-27,Australia,1663,44623,2025-09-16 18:10:22.349073,95,1826752.33,19228.97,17204.93,8557,90.07,85181.0,8,0.75,0.057125676488274206,19228.971894736842
C10204,28,Medium,Medium,Advanced,2020-01-25,Germany,2062,9147,2025-09-16 18:10:22.350069,101,2326532.71,23034.98,17153.78,10393,102.9,12493.0,2,1.0,0.0489815712900097,23034.977326732675
C10205,61,High,High,Beginner,2025-10-21,Japan,-34,32920,2025-09-16 18:10:22.350069,89,1776385.91,19959.39,17080.26,8744,98.25,32920.0,1,1.0,89.0,19959.392247191012
C10206,50,High,Low,Intermediate,2020-08-23,UK,1851,14061,2025-09-16 18:10:22.351067,92,1810474.36,19679.07,16297.03,8247,89.64,35319.0,5,0.6,0.04970286331712588,19679.069130434782
C10207,32,High,Low,Intermediate,2020-11-23,Japan,1759,44561,2025-09-16 18:10:22.351067,93,1883315.93,20250.71,15683.7,8989,96.66,107624.0,18,0.5,0.052870949403069925,20250.70892473118
C10208,27,Low,Low,Advanced,2022-05-31,Canada,1205,8332,2025-09-16 18:10:22.352064,92,1985963.3,21586.56,15509.97,10096,109.74,10265.0,2,0.5,0.07634854771784233,21586.557608695653
C10209,28,Low,High,Intermediate,2024-02-18,USA,577,40126,2025-09-16 18:10:22.352064,82,1785964.61,21780.06,15415.55,8743,106.62,75335.0,6,0.83,0.14211438474870017,21780.056219512197
C10210,61,Low,Medium,Advanced,2023-11-19,Japan,668,44570,2025-09-16 18:10:22.353062,100,2289589.5,22895.9,18747.04,10217,102.17,60088.0,6,0.5,0.1497005988023952,22895.895
C10211,27,High,Medium,Advanced,2021-10-06,Japan,1442,5277,2025-09-16 18:10:22.354099,123,2590942.49,21064.57,16235.27,12323,100.19,43842.0,11,0.36,0.08529819694868239,21064.573089430894
C10212,21,Low,Medium,Intermediate,2025-04-17,Canada,153,14173,2025-09-16 18:10:22.354099,125,2754079.35,22032.63,16322.37,12743,101.94,16339.0,3,1.0,0.8169934640522876,22032.6348
C10213,22,High,Medium,Intermediate,2023-10-06,Japan,712,25565,2025-09-16 18:10:22.355100,107,2206810.68,20624.4,15308.57,11141,104.12,41913.0,6,0.5,0.1502808988764045,20624.398878504675
C10214,60,Low,Medium,Intermediate,2024-05-13,Australia,492,20819,2025-09-16 18:10:22.355100,100,2074910.07,20749.1,14886.35,10033,100.33,20819.0,1,1.0,0.2032520325203252,20749.1007
C10215,37,High,Low,Advanced,2020-10-09,Germany,1804,18156,2025-09-16 18:10:22.356097,108,2311565.62,21403.39,17214.93,10498,97.2,51505.0,14,0.71,0.0598669623059867,21403.38537037037
C10216,45,Medium,High,Advanced,2020-09-05,Germany,1838,48850,2025-09-16 18:10:22.356097,96,2069654.32,21558.9,17002.68,9930,103.44,79663.0,11,0.45,0.05223068552774755,21558.899166666666
C10217,47,High,Very High,Beginner,2024-02-01,USA,594,8020,2025-09-16 18:10:22.357098,105,2369277.35,22564.55,16195.46,10222,97.35,21324.0,4,0.5,0.17676767676767677,22564.54619047619
C10218,58,Low,Low,Advanced,2021-08-25,Japan,1484,11930,2025-09-16 18:10:22.357098,99,2198279.89,22204.85,15557.45,10360,104.65,40282.0,10,0.5,0.06671159029649595,22204.847373737375
C10219,57,Medium,Medium,Intermediate,2020-12-31,Japan,1721,13752,2025-09-16 18:10:22.358096,94,2146231.19,22832.25,15805.87,9862,104.91,40445.0,8,0.5,0.05461940732132481,22832.24670212766
C10220,41,Medium,Very High,Advanced,2025-02-13,Australia,216,15340,2025-09-16 18:10:22.359090,118,2306099.64,19543.22,14684.77,11524,97.66,15340.0,1,1.0,0.5462962962962963,19543.217288135595
C10221,41,Low,Very High,Beginner,2022-05-03,Australia,1233,25434,2025-09-16 18:10:22.359090,97,2232659.91,23017.11,18427.3,9969,102.77,67509.0,10,0.6,0.0786699107866991,23017.112474226804
C10222,37,Low,Low,Intermediate,2020-04-02,USA,1994,39882,2025-09-16 18:10:22.360093,109,2229485.4,20453.99,16122.05,10934,100.31,59774.0,4,0.75,0.054663991975927785,20453.994495412844
C10223,38,High,Low,Beginner,2022-09-05,USA,1108,42686,2025-09-16 18:10:22.361045,86,1799889.17,20928.94,14191.7,8823,102.59,71230.0,9,0.56,0.0776173285198556,20928.943837209303
C10224,66,Medium,Very High,Advanced,2020-10-04,Australia,1809,18610,2025-09-16 18:10:22.361045,113,2096897.84,18556.62,15310.74,10849,96.01,27205.0,5,0.4,0.06246545052515202,18556.618053097347
C10225,37,Low,High,Intermediate,2024-04-19,Australia,516,11219,2025-09-16 18:10:22.362043,102,2408966.27,23617.32,17039.35,10864,106.51,11219.0,1,1.0,0.19767441860465115,23617.31637254902
C10226,45,High,Low,Beginner,2023-05-22,Germany,849,21844,2025-09-16 18:10:22.363039,95,2048402.54,21562.13,15757.15,9560,100.63,23446.0,2,0.5,0.11189634864546526,21562.132
C10227,70,High,High,Beginner,2025-10-14,Australia,-27,27083,2025-09-16 18:10:22.363039,84,1724123.39,20525.28,17388.87,8095,96.37,27083.0,1,1.0,84.0,20525.27845238095
C10228,50,High,Very High,Intermediate,2024-03-25,Canada,541,47234,2025-09-16 18:10:22.364036,108,2247871.08,20813.62,16729.51,10161,94.08,63304.0,6,0.67,0.19963031423290203,20813.62111111111
C10229,60,High,Medium,Beginner,2025-09-04,Canada,13,37524,2025-09-16 18:10:22.364036,101,2349339.14,23260.78,17697.98,10441,103.38,37524.0,1,1.0,7.769230769230769,23260.783564356436
C10230,67,Low,Medium,Beginner,2020-10-14,UK,1799,38579,2025-09-16 18:10:22.365033,110,2190583.95,19914.4,15885.43,10549,95.9,44229.0,3,0.67,0.061145080600333516,19914.399545454547
C10231,23,Low,Low,Advanced,2023-10-28,USA,690,8123,2025-09-16 18:10:22.365033,106,2561941.84,24169.26,17730.58,11473,108.24,13686.0,3,0.67,0.1536231884057971,24169.26264150943
C10232,66,Medium,Very High,Intermediate,2022-09-11,USA,1102,5037,2025-09-16 18:10:22.366031,97,1783712.11,18388.78,13710.66,9099,93.8,41508.0,8,0.75,0.08802177858439202,18388.784639175257
C10233,67,Low,Very High,Intermediate,2025-11-24,USA,-68,16677,2025-09-16 18:10:22.366031,112,2360281.62,21073.94,16084.51,11331,101.17,16677.0,1,1.0,112.0,21073.94303571429
C10234,23,Medium,Low,Intermediate,2020-01-23,Japan,2064,9451,2025-09-16 18:10:22.367028,116,2361366.06,20356.6,14022.08,11546,99.53,48666.33,14,0.29,0.0562015503875969,20356.603965517243
C10235,21,Medium,High,Intermediate,2021-06-25,Germany,1545,34515,2025-09-16 18:10:22.367028,92,2102093.45,22848.84,17260.29,9998,108.67,70787.0,8,0.88,0.05954692556634304,22848.84184782609
C10236,61,High,Medium,Beginner,2024-10-11,Japan,341,8815,2025-09-16 18:10:22.368531,112,2307334.73,20601.2,16307.95,10867,97.03,10033.0,2,0.5,0.3284457478005865,20601.20294642857
C10237,39,Low,Very High,Intermediate,2021-11-12,UK,1405,27947,2025-09-16 18:10:22.368531,104,2001016.84,19240.55,16465.66,9823,94.45,37831.0,5,1.0,0.07402135231316725,19240.546538461538
C10238,34,Medium,High,Intermediate,2022-04-28,Australia,1238,9539,2025-09-16 18:10:22.369533,106,2482485.42,23419.67,14994.82,11837,111.67,37015.0,10,0.6,0.08562197092084006,23419.673773584906
C10239,20,High,Low,Advanced,2021-11-08,UK,1409,35616,2025-09-16 18:10:22.369533,92,2161162.69,23490.9,17519.02,9504,103.3,64991.0,9,0.33,0.06529453513129879,23490.898804347824
C10240,70,Low,High,Intermediate,2022-12-27,Germany,995,37464,2025-09-16 18:10:22.370530,121,2486100.78,20546.29,15708.35,12188,100.73,46814.0,5,0.4,0.12160804020100502,20546.287438016527
C10241,52,Low,Medium,Beginner,2021-07-08,Canada,1532,37140,2025-09-16 18:10:22.370530,90,1906780.65,21186.45,15112.38,9229,102.54,50761.0,5,0.6,0.0587467362924282,21186.451666666664
C10242,24,Low,High,Advanced,2023-11-05,Canada,682,43979,2025-09-16 18:10:22.371527,84,2018527.41,24030.09,16748.63,9674,115.17,48935.0,2,1.0,0.12316715542521994,24030.08821428571
C10243,20,Medium,Low,Intermediate,2021-01-02,UK,1719,22017,2025-09-16 18:10:22.371527,117,2443809.22,20887.26,15452.72,12143,103.79,22017.0,1,1.0,0.06806282722513089,20887.258290598293
C10244,61,High,High,Beginner,2023-06-11,USA,829,35061,2025-09-16 18:10:22.372525,95,2015255.84,21213.22,15370.81,10128,106.61,50636.0,3,1.0,0.11459589867310012,21213.219368421054
C10245,42,Low,Very High,Intermediate,2025-06-16,USA,93,26096,2025-09-16 18:10:22.372525,89,2118621.18,23804.73,18825.86,9471,106.42,31536.0,3,0.33,0.956989247311828,23804.732359550562
C10246,70,Low,Medium,Beginner,2022-07-03,Japan,1172,46234,2025-09-16 18:10:22.373522,109,1944098.19,17835.76,13674.05,9583,87.92,81051.0,14,0.5,0.09300341296928327,17835.763211009173
C10247,55,Medium,Very High,Advanced,2020-02-15,Canada,2041,20921,2025-09-16 18:10:22.373522,110,2431059.87,22100.54,16069.49,11473,104.3,20921.0,1,1.0,0.05389514943655071,22100.544272727275
C10248,69,Low,Medium,Intermediate,2023-09-22,USA,726,6638,2025-09-16 18:10:22.374519,94,1752296.03,18641.45,13477.14,8867,94.33,15617.0,2,1.0,0.12947658402203857,18641.447127659576
C10249,30,Medium,Medium,Intermediate,2023-06-23,Canada,817,15979,2025-09-16 18:10:22.374519,106,2475515.16,23353.92,17331.34,10507,99.12,30268.0,6,0.5,0.12974296205630356,23353.916603773585
C10250,21,Low,Very High,Intermediate,2023-10-06,USA,712,18182,2025-09-16 18:10:22.375517,109,2318588.45,21271.45,18333.36,10620,97.43,38679.0,9,0.44,0.15308988764044945,21271.45366972477
C10251,64,Medium,Low,Advanced,2022-11-30,Australia,1022,5592,2025-09-16 18:10:22.376516,103,2232719.17,21676.89,16740.73,10433,101.29,31105.0,5,0.6,0.10078277886497064,21676.885145631066
C10252,20,High,Very High,Beginner,2022-06-22,UK,1183,44890,2025-09-16 18:10:22.376516,93,1754143.79,18861.76,15982.15,8498,91.38,88534.0,8,0.75,0.07861369399830938,18861.7611827957
C10253,57,Medium,Very High,Advanced,2023-11-13,UK,674,36106,2025-09-16 18:10:22.377875,98,2002791.72,20436.65,14971.07,9792,99.92,55679.0,8,0.25,0.14540059347181009,20436.650204081634
C10254,42,Low,Very High,Beginner,2023-04-07,Germany,894,29656,2025-09-16 18:10:22.378953,99,2195708.4,22178.87,14786.3,10246,103.49,57641.0,8,0.62,0.11073825503355705,22178.872727272726
C10255,32,High,Low,Intermediate,2022-05-18,Canada,1218,15202,2025-09-16 18:10:22.378953,108,2301844.22,21313.37,16872.78,10780,99.81,25984.0,4,0.5,0.08866995073891626,21313.37240740741
C10256,19,Low,Medium,Beginner,2024-01-27,UK,599,44645,2025-09-16 18:10:22.379952,89,1699473.32,19095.21,17169.67,7959,89.43,53308.0,3,0.67,0.14858096828046743,19095.20584269663
C10257,58,Low,Low,Advanced,2020-05-28,UK,1938,6497,2025-09-16 18:10:22.379952,92,1932363.95,21003.96,15768.91,8973,97.53,23984.0,5,0.4,0.047471620227038186,21003.95597826087
C10258,39,Medium,Low,Advanced,2025-07-02,USA,77,11024,2025-09-16 18:10:22.380949,108,2169908.0,20091.74,14786.37,10250,94.91,13504.0,2,0.5,1.4025974025974026,20091.74074074074
C10259,47,Low,Very High,Intermediate,2025-01-02,UK,258,46698,2025-09-16 18:10:22.380949,92,1844543.35,20049.38,12799.67,9183,99.82,46698.0,1,1.0,0.35658914728682173,20049.384239130435
C10260,68,Medium,High,Beginner,2022-08-16,USA,1128,27362,2025-09-16 18:10:22.381946,82,1732387.74,21126.68,16211.36,8157,99.48,46197.0,9,0.44,0.0726950354609929,21126.67975609756
C10261,18,Medium,High,Intermediate,2025-04-16,Australia,154,12317,2025-09-16 18:10:22.381946,115,2466138.79,21444.69,14884.53,12047,104.76,15121.0,2,0.5,0.7467532467532467,21444.685130434784
C10262,35,Medium,Very High,Advanced,2021-09-28,UK,1450,12749,2025-09-16 18:10:22.382942,93,1830563.53,19683.48,16932.1,8733,93.9,19752.0,4,0.5,0.06413793103448276,19683.4788172043
C10263,61,Medium,High,Advanced,2020-09-21,Australia,1822,30891,2025-09-16 18:10:22.382942,103,2007670.23,19491.94,15952.14,10057,97.64,114854.0,19,0.63,0.05653128430296377,19491.943980582524
C10264,42,Medium,Low,Beginner,2022-08-19,Japan,1125,38822,2025-09-16 18:10:22.383943,119,2638468.0,22172.0,16731.41,12182,102.37,66249.0,8,0.38,0.10577777777777778,22172.0
C10265,27,Low,High,Advanced,2023-02-23,Australia,937,16017,2025-09-16 18:10:22.383943,106,2146758.33,20252.44,15221.51,10020,94.53,26655.0,4,0.5,0.11312700106723586,20252.4370754717
C10266,44,High,Medium,Beginner,2024-08-09,USA,404,17619,2025-09-16 18:10:22.384936,94,2058003.48,21893.65,15243.01,9395,99.95,17619.0,1,1.0,0.23267326732673269,21893.654042553193
C10267,22,Medium,Very High,Advanced,2020-12-22,Germany,1730,20284,2025-09-16 18:10:22.384936,113,2605885.45,23060.93,17303.83,12128,107.33,21842.0,2,1.0,0.0653179190751445,23060.93318584071
C10268,44,Medium,Low,Advanced,2023-01-20,Japan,971,27835,2025-09-16 18:10:22.385933,114,2121861.48,18612.82,14292.78,10364,90.91,62329.0,11,0.55,0.11740473738414006,18612.82
C10269,28,High,High,Intermediate,2025-06-18,Germany,91,39009,2025-09-16 18:10:22.385933,91,1686181.46,18529.47,12994.48,8559,94.05,39009.0,1,1.0,1.0,18529.466593406592
C10270,49,Low,High,Intermediate,2020-09-12,Japan,1831,10020,2025-09-16 18:10:22.386930,101,2180530.61,21589.41,14640.28,10607,105.02,26985.0,4,0.75,0.0551611141452758,21589.41198019802
C10271,52,High,Low,Beginner,2023-11-01,USA,686,17665,2025-09-16 18:10:22.386930,101,2102030.91,20812.19,16798.96,10073,99.73,24028.0,3,0.33,0.14723032069970846,20812.187227722774
C10272,40,High,Medium,Intermediate,2022-04-03,UK,1263,40898,2025-09-16 18:10:22.387928,117,2733335.71,23361.84,14794.54,12853,109.85,52838.0,5,0.2,0.09263657957244656,23361.843675213673
C10273,48,High,Low,Intermediate,2025-02-06,Australia,223,21859,2025-09-16 18:10:22.388933,79,1846256.73,23370.34,14971.95,8843,111.94,21859.0,1,1.0,0.3542600896860987,23370.33835443038
C10274,55,High,Very High,Intermediate,2025-06-15,Australia,94,20703,2025-09-16 18:10:22.388933,88,1856810.71,21100.12,14357.63,9153,104.01,25593.0,3,0.67,0.9361702127659575,21100.121704545454
C10275,29,Medium,Low,Beginner,2025-10-14,Canada,-27,27736,2025-09-16 18:10:22.389927,103,2402471.89,23324.97,17075.82,11026,107.05,27736.0,1,1.0,103.0,23324.969805825243
C10276,24,Medium,Very High,Intermediate,2025-06-05,Australia,104,31616,2025-09-16 18:10:22.389927,104,2258424.71,21715.62,16614.97,10012,96.27,31616.0,1,1.0,1.0,21715.622211538463
C10277,37,High,Medium,Beginner,2020-11-20,UK,1762,29767,2025-09-16 18:10:22.390924,105,2033150.05,19363.33,13468.72,10323,98.31,38643.0,3,0.67,0.05959137343927355,19363.33380952381
C10278,57,High,Low,Advanced,2023-07-09,UK,801,7481,2025-09-16 18:10:22.390924,97,2100255.78,21652.12,17392.27,9545,98.4,14053.8,3,0.33,0.12109862671660425,21652.121443298965
C10279,54,Low,Very High,Beginner,2023-12-20,USA,637,30538,2025-09-16 18:10:22.391925,89,1860516.46,20904.68,15224.1,8885,99.83,32362.0,2,0.5,0.13971742543171115,20904.679325842695
C10280,19,High,Very High,Intermediate,2025-04-04,Canada,166,35664,2025-09-16 18:10:22.391925,102,2363770.42,23174.22,17422.59,10526,103.2,35664.0,1,1.0,0.6144578313253012,23174.21980392157
C10281,63,Low,Very High,Beginner,2024-08-04,Canada,409,15993,2025-09-16 18:10:22.392919,91,2157557.81,23709.43,17820.88,10120,111.21,30757.0,5,0.6,0.22249388753056235,23709.426483516483
C10282,43,Medium,Low,Beginner,2025-04-09,UK,161,27911,2025-09-16 18:10:22.393917,117,2371312.83,20267.63,12968.2,12044,102.94,27911.0,1,1.0,0.7267080745341615,20267.631025641025
C10283,41,Low,Medium,Advanced,2021-10-20,Germany,1428,17658,2025-09-16 18:10:22.394698,101,2282315.73,22597.19,18230.72,10210,101.09,21865.0,2,1.0,0.07072829131652661,22597.185445544554
C10284,65,Medium,High,Beginner,2024-06-25,UK,449,37712,2025-09-16 18:10:22.394698,112,2193197.73,19582.12,14593.21,10384,92.71,53481.0,4,0.75,0.24944320712694878,19582.122589285715
C10285,24,Medium,High,Advanced,2024-07-09,Canada,435,6467,2025-09-16 18:10:22.395738,114,2178760.77,19111.94,14962.05,10965,96.18,6618.0,2,0.5,0.2620689655172414,19111.936578947367
C10286,60,Low,Very High,Advanced,2025-10-25,Germany,-38,16308,2025-09-16 18:10:22.396735,104,2008530.95,19312.8,14280.54,10073,96.86,16308.0,1,1.0,104.0,19312.797596153847
C10287,36,Medium,Medium,Advanced,2023-12-29,Germany,628,34614,2025-09-16 18:10:22.396735,125,2755451.92,22043.62,17305.45,13022,104.18,53933.0,5,0.6,0.19904458598726116,22043.61536
C10288,63,Medium,High,Advanced,2024-12-04,UK,287,48020,2025-09-16 18:10:22.397732,89,1839791.37,20671.81,19470.77,8065,90.62,48020.0,1,1.0,0.31010452961672474,20671.813146067416
C10289,55,Medium,Very High,Intermediate,2025-05-07,Japan,133,10971,2025-09-16 18:10:22.397732,99,2146843.79,21685.29,16515.98,9548,96.44,13052.0,2,0.5,0.7443609022556391,21685.29080808081
C10290,40,Low,Low,Advanced,2025-10-21,USA,-34,33780,2025-09-16 18:10:22.398729,96,1977491.26,20598.87,16915.45,9544,99.42,33780.0,1,1.0,96.0,20598.867291666666
C10291,38,High,Very High,Beginner,2023-11-22,Japan,665,19901,2025-09-16 18:10:22.398729,109,2546769.08,23364.85,17866.02,11222,102.95,19901.0,1,1.0,0.16390977443609023,23364.853944954128
C10292,29,Medium,Very High,Advanced,2020-05-07,Australia,1959,8588,2025-09-16 18:10:22.399727,94,1830855.13,19477.18,15274.13,9118,97.0,8588.0,1,1.0,0.0479836651352731,19477.182234042553
C10293,40,High,High,Intermediate,2022-01-25,USA,1331,6726,2025-09-16 18:10:22.399727,101,2113912.56,20929.83,15141.55,10615,105.1,58506.0,13,0.46,0.07588279489105935,20929.827326732673
C10294,31,Medium,Low,Intermediate,2020-09-28,Canada,1815,21361,2025-09-16 18:10:22.400724,93,2010886.91,21622.44,17597.99,8880,95.48,49263.0,13,0.38,0.0512396694214876,21622.439892473118
C10295,47,High,Low,Intermediate,2023-07-30,Australia,780,27166,2025-09-16 18:10:22.400724,97,2072330.64,21364.23,14671.81,9677,99.76,32351.0,2,1.0,0.12435897435897436,21364.233402061855
C10296,53,Medium,Medium,Intermediate,2021-01-13,Germany,1708,36182,2025-09-16 18:10:22.401721,105,2329929.45,22189.8,17994.72,9779,93.13,62147.0,11,0.82,0.06147540983606557,22189.804285714286
C10297,45,Low,Low,Advanced,2022-05-18,USA,1218,17158,2025-09-16 18:10:22.401721,109,2152538.44,19748.06,16757.31,10791,99.0,68771.0,14,0.57,0.08949096880131363,19748.059082568805
C10298,59,Medium,Medium,Beginner,2024-08-17,Australia,396,46675,2025-09-16 18:10:22.402718,107,2498263.94,23348.26,16793.16,11154,104.24,46776.0,2,0.5,0.2702020202020202,23348.261121495325
C10299,38,Low,Very High,Advanced,2020-05-09,Japan,1957,40745,2025-09-16 18:10:22.403716,104,2292924.79,22047.35,17371.53,10938,105.17,83645.0,15,0.33,0.05314256515074093,22047.353750000002
C10300,41,Low,Low,Intermediate,2025-04-10,Canada,160,5214,2025-09-16 18:10:22.403716,112,2482083.17,22161.46,17197.01,11296,100.86,5214.0,1,1.0,0.7,22161.456875
C10301,49,Low,Medium,Advanced,2022-04-20,USA,1246,20409,2025-09-16 18:10:22.404713,104,2385938.74,22941.72,17061.78,10654,102.44,61605.0,12,0.75,0.08346709470304976,22941.718653846157
C10302,32,High,Low,Beginner,2021-06-24,UK,1546,15998,2025-09-16 18:10:22.404713,107,2532188.08,23665.31,18006.5,11549,107.93,15998.0,1,1.0,0.06921086675291074,23665.309158878506
C10303,20,High,Medium,Intermediate,2021-08-17,Canada,1492,45156,2025-09-16 18:10:22.405711,106,2235817.77,21092.62,15854.89,10718,101.11,68355.0,8,0.62,0.07104557640750671,21092.620471698112
C10304,34,Medium,High,Advanced,2021-03-06,Australia,1656,8388,2025-09-16 18:10:22.405711,108,2181199.29,20196.29,15647.79,10610,98.24,81472.0,15,0.67,0.06521739130434782,20196.289722222224
C10305,38,High,High,Intermediate,2023-08-21,UK,758,24576,2025-09-16 18:10:22.406708,101,2301454.95,22786.68,16206.89,10921,108.13,36021.0,5,0.6,0.13324538258575197,22786.68267326733
C10306,49,High,Low,Advanced,2022-12-11,USA,1011,25593,2025-09-16 18:10:22.406708,112,2427458.05,21673.73,16767.98,11568,103.29,43156.0,7,0.29,0.11078140454995054,21673.73258928571
C10307,28,Low,Medium,Beginner,2021-11-20,Germany,1397,19445,2025-09-16 18:10:22.407706,93,1653086.12,17775.12,12085.01,8640,92.9,58928.0,11,0.73,0.06657122405153901,17775.119569892475
C10308,70,Medium,High,Advanced,2025-09-01,Canada,16,26937,2025-09-16 18:10:22.408703,103,2342655.57,22744.23,17793.81,10775,104.61,26937.0,1,1.0,6.4375,22744.228834951453
C10309,51,High,High,Advanced,2025-06-23,UK,86,44109,2025-09-16 18:10:22.408703,99,2052753.41,20734.88,13537.97,10552,106.59,44921.0,2,0.5,1.1511627906976745,20734.88292929293
C10310,59,Medium,Low,Beginner,2025-04-04,Australia,166,40163,2025-09-16 18:10:22.409700,87,1712023.48,19678.43,14848.82,8147,93.64,40163.0,1,1.0,0.5240963855421686,19678.4308045977
C10311,30,Medium,Medium,Intermediate,2020-03-15,Australia,2012,37714,2025-09-16 18:10:22.409700,105,2475851.15,23579.53,16022.28,10966,104.44,37714.0,1,1.0,0.052186878727634195,23579.53476190476
C10312,53,Medium,Very High,Beginner,2022-09-14,USA,1099,24354,2025-09-16 18:10:22.410700,92,1899493.11,20646.66,16151.57,9272,100.78,46940.0,7,0.57,0.08371246587807098,20646.664239130438
C10313,60,Medium,Medium,Beginner,2020-03-28,USA,1999,13331,2025-09-16 18:10:22.411226,92,1793645.86,19496.15,16374.09,8917,96.92,62859.0,13,0.54,0.04602301150575288,19496.150652173914
C10314,32,Low,High,Beginner,2025-12-03,Australia,-77,40812,2025-09-16 18:10:22.412271,117,2274058.89,19436.4,13193.84,11432,97.71,40812.0,1,1.0,117.0,19436.40076923077
C10315,31,Low,Medium,Beginner,2021-03-14,Canada,1648,11654,2025-09-16 18:10:22.412271,97,1987011.7,20484.66,13997.11,9436,97.28,41226.0,9,0.44,0.058859223300970875,20484.656701030926
C10316,61,Medium,Low,Intermediate,2020-01-22,Germany,2065,6033,2025-09-16 18:10:22.413268,85,2222767.42,26150.2,19515.7,9814,115.46,48066.0,12,0.5,0.04116222760290557,26150.20494117647
C10317,57,Low,Very High,Beginner,2021-07-30,Germany,1510,38239,2025-09-16 18:10:22.413268,74,1546893.77,20903.97,15925.89,7393,99.91,74437.0,8,0.75,0.04900662251655629,20903.969864864866
C10318,21,Low,Low,Advanced,2022-03-30,Japan,1267,29808,2025-09-16 18:10:22.414265,105,2299064.36,21895.85,16337.03,10873,103.55,29808.0,1,1.0,0.08287292817679558,21895.851047619046
C10319,20,Low,Very High,Intermediate,2021-07-22,USA,1518,29368,2025-09-16 18:10:22.414265,96,2070617.6,21568.93,16559.5,9527,99.24,42250.0,8,0.5,0.06324110671936758,21568.933333333334
C10320,39,High,High,Intermediate,2020-10-25,Japan,1788,20756,2025-09-16 18:10:22.415262,104,2277821.29,21902.13,14170.28,10933,105.12,32074.0,5,0.4,0.058165548098434,21902.127788461537
C10321,42,Medium,High,Beginner,2024-12-28,Japan,263,28135,2025-09-16 18:10:22.415262,88,1798682.49,20439.57,16097.7,8412,95.59,29188.0,2,0.5,0.33460076045627374,20439.57375
C10322,46,Medium,Medium,Intermediate,2020-04-20,Japan,1976,30787,2025-09-16 18:10:22.416260,80,1822359.11,22779.49,17443.67,8209,102.61,58733.0,6,0.67,0.04048582995951417,22779.488875000003
C10323,66,High,High,Advanced,2022-07-22,Japan,1153,30937,2025-09-16 18:10:22.416260,104,2144603.85,20621.19,14975.3,10649,102.39,30937.0,1,1.0,0.09019947961838681,20621.190865384615
C10324,29,Medium,Medium,Beginner,2023-09-24,Australia,724,45408,2025-09-16 18:10:22.417257,100,2282215.38,22822.15,15598.6,10818,108.18,72946.0,9,0.56,0.13812154696132597,22822.1538
C10325,37,Medium,Low,Beginner,2022-04-10,USA,1256,10068,2025-09-16 18:10:22.417257,84,1669324.78,19872.91,13564.58,8056,95.9,29378.0,7,0.43,0.06687898089171974,19872.914047619048
C10326,18,High,High,Intermediate,2021-10-25,USA,1423,23151,2025-09-16 18:10:22.418255,112,2354129.66,21019.01,17209.26,10931,97.6,54622.0,9,0.67,0.07870695713281799,21019.014821428573
C10327,23,High,High,Intermediate,2022-08-27,Canada,1117,13184,2025-09-16 18:10:22.418255,104,2109371.67,20282.42,14366.86,10530,101.25,15445.0,2,0.5,0.09310653536257833,20282.419903846152
C10328,32,Low,Very High,Beginner,2023-06-16,UK,824,33171,2025-09-16 18:10:22.419252,98,2369681.61,24180.42,17055.3,10580,107.96,37390.0,3,0.33,0.11893203883495146,24180.424591836734
C10329,37,High,Medium,Beginner,2021-07-14,Canada,1526,9232,2025-09-16 18:10:22.419252,86,1428252.87,16607.59,13094.29,7244,84.23,40236.0,9,0.78,0.0563564875491481,16607.591511627907
C10330,30,Medium,Medium,Intermediate,2024-01-12,USA,614,35501,2025-09-16 18:10:22.420249,98,2359270.55,24074.19,19681.32,10334,105.45,47356.0,6,0.67,0.15960912052117263,24074.189285714285
C10331,27,High,High,Intermediate,2022-08-08,Australia,1136,16705,2025-09-16 18:10:22.421251,100,2322813.4,23228.13,16697.37,10298,102.98,28480.0,3,1.0,0.0880281690140845,23228.134
C10332,42,Medium,Very High,Beginner,2021-02-09,Japan,1681,8157,2025-09-16 18:10:22.421251,100,1792087.96,17920.88,13992.79,9054,90.54,8157.0,1,1.0,0.0594883997620464,17920.8796
C10333,21,Medium,Very High,Advanced,2020-07-15,Australia,1890,48313,2025-09-16 18:10:22.422244,108,2317114.74,21454.77,14320.34,11569,107.12,48575.0,2,0.5,0.05714285714285714,21454.766111111112
C10334,33,Low,High,Beginner,2020-04-29,Japan,1967,43512,2025-09-16 18:10:22.422244,100,2022821.59,20228.22,16054.88,9886,98.86,94731.0,12,0.67,0.05083884087442806,20228.2159
C10335,53,Low,Medium,Intermediate,2021-06-06,Japan,1564,26100,2025-09-16 18:10:22.423241,94,1741639.74,18528.08,15378.22,8845,94.1,55279.0,10,0.5,0.06010230179028133,18528.08234042553
C10336,55,High,High,Beginner,2023-02-07,Japan,953,32591,2025-09-16 18:10:22.423241,97,1963690.75,20244.23,17327.13,9412,97.03,44433.0,3,0.67,0.10178384050367262,20244.234536082473
C10337,64,Medium,Low,Intermediate,2021-03-22,Germany,1640,43868,2025-09-16 18:10:22.424239,95,1902920.02,20030.74,15546.49,9236,97.22,79307.0,10,0.6,0.057926829268292686,20030.73705263158
C10338,19,Medium,Very High,Beginner,2024-11-06,UK,315,38478,2025-09-16 18:10:22.424239,124,2518688.55,20312.0,15825.58,11860,95.65,43815.0,2,1.0,0.39365079365079364,20312.00443548387
C10339,56,High,Very High,Beginner,2022-05-04,Japan,1232,18490,2025-09-16 18:10:22.425237,108,2090488.17,19356.37,15851.0,9906,91.72,18723.0,2,0.5,0.08766233766233766,19356.371944444443
C10340,49,High,Medium,Advanced,2025-11-05,UK,-49,36577,2025-09-16 18:10:22.425237,108,2407204.67,22288.93,18520.58,10826,100.24,36577.0,1,1.0,108.0,22288.93212962963
C10341,40,High,Medium,Advanced,2022-06-16,Australia,1189,18339,2025-09-16 18:10:22.426233,107,2306652.2,21557.5,15970.94,11116,103.89,19831.0,2,0.5,0.08999158957106812,21557.497196261684
C10342,53,High,Medium,Advanced,2020-03-27,Australia,2000,40154,2025-09-16 18:10:22.426557,98,1918121.73,19572.67,15624.06,9399,95.91,93013.0,18,0.5,0.049,19572.670714285716
C10343,39,Low,Medium,Beginner,2024-06-05,Australia,469,26229,2025-09-16 18:10:22.427648,100,2259441.11,22594.41,16324.32,10677,106.77,31934.0,4,0.5,0.21321961620469082,22594.411099999998
C10344,57,Medium,High,Intermediate,2020-12-21,Japan,1731,14457,2025-09-16 18:10:22.428012,100,2349526.59,23495.27,17574.13,11338,113.38,67492.0,18,0.5,0.057770075101097634,23495.2659
C10345,59,Medium,High,Intermediate,2020-01-26,Germany,2061,6216,2025-09-16 18:10:22.429013,104,2125371.21,20436.26,15003.97,10015,96.3,50162.0,12,0.5,0.050460941290635615,20436.261634615385
C10346,64,Low,High,Advanced,2025-09-02,Australia,15,16394,2025-09-16 18:10:22.430010,87,1724686.36,19823.98,14023.01,8546,98.23,16394.0,1,1.0,5.8,19823.98114942529
C10347,26,Medium,Low,Beginner,2022-09-17,Germany,1096,10969,2025-09-16 18:10:22.430010,87,1557762.39,17905.31,14410.03,7439,85.51,33006.0,6,0.83,0.07937956204379562,17905.314827586204
C10348,30,Low,Medium,Advanced,2023-04-16,Canada,885,24550,2025-09-16 18:10:22.431007,119,2610705.6,21938.7,16869.48,11946,100.39,43047.0,8,0.5,0.1344632768361582,21938.702521008403
C10349,52,Low,Medium,Intermediate,2025-06-25,Australia,84,34908,2025-09-16 18:10:22.431007,93,1922117.58,20667.93,16030.92,9122,98.09,42270.0,3,0.67,1.1071428571428572,20667.930967741937
C10350,29,High,Very High,Advanced,2025-06-23,Canada,86,37594,2025-09-16 18:10:22.432005,88,1810796.88,20577.24,17359.21,8163,92.76,37594.0,1,1.0,1.0232558139534884,20577.23727272727
C10351,26,Low,Medium,Beginner,2020-08-14,USA,1860,48018,2025-09-16 18:10:22.433002,97,2084094.81,21485.51,13602.79,10015,103.25,82084.0,11,0.27,0.0521505376344086,21485.51350515464
C10352,31,Low,Low,Advanced,2023-06-10,Japan,830,44167,2025-09-16 18:10:22.433002,98,2048949.47,20907.65,16085.64,9516,97.1,51956.0,4,0.75,0.1180722891566265,20907.647653061224
C10353,40,High,Medium,Advanced,2024-06-27,Canada,447,29687,2025-09-16 18:10:22.434000,89,1984847.44,22301.66,15533.11,9249,103.92,29997.0,2,0.5,0.19910514541387025,22301.65662921348
C10354,49,Low,High,Intermediate,2024-04-14,Japan,521,12618,2025-09-16 18:10:22.434000,92,2082456.28,22635.39,15714.52,10058,109.33,13459.0,2,1.0,0.1765834932821497,22635.394347826088
C10355,48,Low,High,Intermediate,2023-11-23,USA,664,47720,2025-09-16 18:10:22.434997,108,2463150.41,22806.95,16025.44,11710,108.43,57388.0,3,1.0,0.16265060240963855,22806.94824074074
C10356,26,Medium,High,Intermediate,2021-09-13,Germany,1465,46138,2025-09-16 18:10:22.435994,102,2003131.67,19638.55,13586.49,10440,102.35,84172.0,12,0.42,0.0696245733788396,19638.545784313726
C10357,40,High,Low,Beginner,2025-09-09,Germany,8,25625,2025-09-16 18:10:22.435994,107,2173437.01,20312.5,16048.36,10623,99.28,25625.0,1,1.0,13.375,20312.495420560746
C10358,39,High,Medium,Advanced,2021-07-20,Australia,1520,49513,2025-09-16 18:10:22.436991,109,2320884.26,21292.52,15203.03,11110,101.93,69089.0,8,0.75,0.07171052631578947,21292.51614678899
C10359,46,Medium,Medium,Advanced,2022-11-23,UK,1029,5832,2025-09-16 18:10:22.436991,104,2142180.22,20597.89,15809.74,10596,101.88,16095.0,3,0.67,0.1010689990281827,20597.886730769234
C10360,38,Medium,Low,Advanced,2025-06-16,Japan,93,35125,2025-09-16 18:10:22.437989,111,2244773.05,20223.18,16475.28,11114,100.13,35125.0,1,1.0,1.1935483870967742,20223.180630630628
C10361,50,High,High,Advanced,2023-12-18,Australia,639,15486,2025-09-16 18:10:22.438987,105,1964992.43,18714.21,13922.97,9719,92.56,27482.0,3,0.67,0.1643192488262911,18714.21361904762
C10362,60,Low,Medium,Advanced,2021-05-30,Canada,1571,7651,2025-09-16 18:10:22.438987,90,2009908.86,22332.32,17690.71,9334,103.71,39154.0,9,0.78,0.05728835136855506,22332.320666666667
C10363,62,Medium,Very High,Advanced,2023-11-19,Canada,668,13549,2025-09-16 18:10:22.439984,101,2145373.93,21241.33,15486.23,10326,102.24,33824.0,7,0.57,0.15119760479041916,21241.326039603962
C10364,57,High,Medium,Intermediate,2020-11-05,Australia,1777,31229,2025-09-16 18:10:22.439984,89,1745906.35,19616.93,12902.66,9229,103.7,39540.0,5,0.6,0.05008441193021947,19616.92528089888
C10365,60,Low,Medium,Advanced,2022-12-13,Japan,1009,23971,2025-09-16 18:10:22.440981,92,2144340.3,23308.05,17612.62,9625,104.62,45152.0,4,1.0,0.09117938553022795,23308.046739130434
C10366,23,High,High,Advanced,2025-11-08,Canada,-52,24562,2025-09-16 18:10:22.440981,105,2488597.92,23700.93,17793.04,11378,108.36,24562.0,1,1.0,105.0,23700.93257142857
C10367,61,Low,Low,Beginner,2020-06-15,Germany,1920,9343,2025-09-16 18:10:22.441978,101,2244657.31,22224.33,15117.29,10761,106.54,75301.0,17,0.59,0.05260416666666667,22224.3298019802
C10368,46,Medium,Low,Intermediate,2021-04-27,Canada,1604,46130,2025-09-16 18:10:22.442976,112,2347116.3,20956.4,15238.02,11907,106.31,58591.0,8,0.62,0.06982543640897755,20956.395535714284
C10369,50,High,Medium,Intermediate,2024-09-15,Canada,367,40241,2025-09-16 18:10:22.442976,105,2062500.25,19642.86,17100.95,9480,90.29,41726.0,2,0.5,0.28610354223433243,19642.859523809522
C10370,37,Low,Medium,Intermediate,2021-06-25,Japan,1545,22709,2025-09-16 18:10:22.443974,95,2054076.41,21621.86,16245.43,9666,101.75,47083.0,7,0.86,0.061488673139158574,21621.856947368422
C10371,52,Low,Medium,Beginner,2024-08-23,Germany,390,43513,2025-09-16 18:10:22.444618,111,2386439.21,21499.45,16826.59,11055,99.59,75764.0,7,0.43,0.2846153846153846,21499.45234234234
C10372,48,Low,Medium,Advanced,2021-08-03,USA,1506,19831,2025-09-16 18:10:22.445660,103,2332259.33,22643.29,18822.16,10375,100.73,45720.0,7,0.57,0.06839309428950863,22643.29446601942
C10373,57,Low,Low,Advanced,2024-09-05,Germany,377,26079,2025-09-16 18:10:22.445660,92,1849305.86,20101.15,16003.73,8668,94.22,32814.0,4,0.25,0.2440318302387268,20101.150652173914
C10374,54,Low,Medium,Intermediate,2024-05-28,Germany,477,7817,2025-09-16 18:10:22.446657,97,2285408.45,23560.91,17243.98,10434,107.57,8171.0,2,0.5,0.20335429769392033,23560.911855670103
C10375,61,Medium,Low,Beginner,2020-01-21,Germany,2066,44903,2025-09-16 18:10:22.446657,94,1863700.1,19826.6,15044.55,9028,96.04,138278.0,20,0.55,0.04549854791868345,19826.59680851064
C10376,67,High,Medium,Beginner,2025-07-20,Australia,59,46487,2025-09-16 18:10:22.447655,102,2209404.61,21660.83,16320.38,10096,98.98,46487.0,1,1.0,1.728813559322034,21660.82950980392
C10377,27,Medium,High,Beginner,2022-04-22,Australia,1244,38105,2025-09-16 18:10:22.447655,105,2487036.79,23686.06,17183.81,11385,108.43,38105.0,1,1.0,0.08440514469453377,23686.064666666665
C10378,32,High,Medium,Beginner,2020-08-06,Canada,1868,8736,2025-09-16 18:10:22.448652,94,2253901.22,23977.67,18723.42,10065,107.07,77751.0,15,0.73,0.05032119914346895,23977.672553191493
C10379,61,Medium,High,Beginner,2025-06-20,Australia,89,45386,2025-09-16 18:10:22.448652,88,1674560.63,19029.1,15015.27,8352,94.91,51774.0,3,0.33,0.9887640449438202,19029.09806818182
C10380,26,Medium,Medium,Beginner,2025-07-22,Canada,57,42309,2025-09-16 18:10:22.449649,97,1952951.24,20133.52,14850.82,9531,98.26,42309.0,1,1.0,1.7017543859649122,20133.51793814433
C10381,27,Low,Medium,Intermediate,2023-11-01,Germany,686,45885,2025-09-16 18:10:22.449649,100,2164881.07,21648.81,17605.35,9714,97.14,58457.0,6,0.17,0.1457725947521866,21648.810699999998
C10382,51,Low,High,Beginner,2023-10-11,USA,707,28607,2025-09-16 18:10:22.450646,86,1728195.11,20095.29,15969.8,7912,92.0,54717.0,7,0.71,0.12164073550212164,20095.29197674419
C10383,67,Medium,Medium,Advanced,2023-11-25,Germany,662,20020,2025-09-16 18:10:22.451644,105,2134238.99,20326.09,14531.99,10602,100.97,32777.0,5,0.4,0.15861027190332327,20326.085619047622
C10384,41,Low,High,Advanced,2022-06-28,UK,1177,41751,2025-09-16 18:10:22.451644,96,1908377.75,19878.93,17023.05,9224,96.08,61904.0,5,0.8,0.08156329651656755,19878.934895833332
C10385,21,Medium,High,Advanced,2020-01-25,Australia,2062,38846,2025-09-16 18:10:22.452641,108,2265113.14,20973.27,16052.28,10693,99.01,48562.0,5,0.6,0.052376333656644035,20973.269814814816
C10386,36,Medium,Low,Beginner,2025-01-28,Canada,232,38443,2025-09-16 18:10:22.452641,88,1837572.01,20881.5,14462.52,9158,104.07,38776.0,2,0.5,0.3793103448275862,20881.500113636364
C10387,35,Low,Medium,Intermediate,2022-12-10,USA,1012,42208,2025-09-16 18:10:22.453645,95,1895702.07,19954.76,17537.74,8512,89.6,47824.0,2,1.0,0.09387351778656126,19954.75863157895
C10388,48,High,Very High,Beginner,2023-08-15,Japan,764,21494,2025-09-16 18:10:22.453645,104,2080758.53,20007.29,14098.73,10354,99.56,21494.0,1,1.0,0.13612565445026178,20007.29355769231
C10389,44,Medium,Low,Intermediate,2024-03-21,UK,545,24174,2025-09-16 18:10:22.454642,99,2251060.95,22737.99,15506.5,10718,108.26,26738.0,2,0.5,0.181651376146789,22737.989393939395
C10390,48,High,Very High,Advanced,2021-11-06,Canada,1411,8343,2025-09-16 18:10:22.454642,117,2250131.09,19231.89,14051.84,11281,96.42,58800.6,15,0.33,0.08291991495393337,19231.889658119657
C10391,46,Low,Very High,Intermediate,2022-07-09,UK,1166,5072,2025-09-16 18:10:22.455640,108,2148826.5,19896.54,15825.1,9938,92.02,6438.0,2,1.0,0.09262435677530018,19896.541666666668
C10392,46,High,Very High,Intermediate,2020-02-17,Canada,2039,34961,2025-09-16 18:10:22.455640,115,1953749.06,16989.12,15118.27,9587,83.37,63026.0,7,0.86,0.05640019617459539,16989.122260869564
C10393,36,High,Very High,Beginner,2024-01-24,Japan,602,48794,2025-09-16 18:10:22.456638,105,2456584.37,23396.04,16363.44,11167,106.35,51712.0,2,1.0,0.1744186046511628,23396.04161904762
C10394,35,Low,High,Beginner,2023-02-11,UK,949,6835,2025-09-16 18:10:22.456638,98,1996590.08,20373.37,15307.44,9231,94.19,48330.0,9,0.67,0.10326659641728135,20373.368163265306
C10395,57,High,Low,Beginner,2023-12-27,Germany,630,19772,2025-09-16 18:10:22.457635,119,1842638.81,15484.36,10603.35,10366,87.11,20070.0,2,0.5,0.18888888888888888,15484.35974789916
C10396,65,High,Very High,Intermediate,2025-02-11,UK,218,6853,2025-09-16 18:10:22.457635,95,1982981.88,20873.49,15000.58,9492,99.92,6853.0,1,1.0,0.43577981651376146,20873.493473684208
C10397,35,High,High,Advanced,2024-06-27,Australia,447,19502,2025-09-16 18:10:22.458632,116,2868809.09,24731.11,17982.02,13205,113.84,27662.0,4,0.5,0.2595078299776286,24731.112844827585
C10398,19,Medium,Low,Intermediate,2025-04-07,USA,163,12529,2025-09-16 18:10:22.458632,103,2174750.83,21114.09,15299.61,10558,102.5,14876.0,2,0.5,0.6319018404907976,21114.08572815534
C10399,18,Low,Very High,Beginner,2025-07-27,Germany,52,9759,2025-09-16 18:10:22.459630,82,1736879.54,21181.46,16674.92,8419,102.67,9759.0,1,1.0,1.5769230769230769,21181.45780487805
C10400,64,Medium,Medium,Beginner,2023-07-07,Germany,803,43526,2025-09-16 18:10:22.460625,88,1845732.1,20974.23,14606.17,8780,99.77,52657.0,6,0.33,0.1095890410958904,20974.22840909091
C10401,67,Low,Low,Intermediate,2024-10-15,USA,337,12245,2025-09-16 18:10:22.461622,97,2105154.88,21702.63,15096.93,9785,100.88,25821.0,3,0.67,0.2878338278931751,21702.62762886598
C10402,27,High,Low,Advanced,2020-07-22,Japan,1883,30663,2025-09-16 18:10:22.462619,113,2212204.58,19577.03,14774.09,11315,100.13,62932.0,8,0.62,0.06001062134891131,19577.03168141593
C10403,23,Medium,Medium,Advanced,2022-10-24,Canada,1059,9803,2025-09-16 18:10:22.462619,100,2365382.48,23653.82,19718.37,10186,101.86,59200.0,13,0.38,0.09442870632672333,23653.8248
C10404,59,Medium,Low,Advanced,2022-09-21,Germany,1092,32039,2025-09-16 18:10:22.463616,102,2173850.41,21312.26,17780.39,9967,97.72,32039.0,1,1.0,0.09340659340659341,21312.258921568628
C10405,20,Medium,Very High,Beginner,2025-01-15,Canada,245,41973,2025-09-16 18:10:22.463616,82,1725964.74,21048.35,14556.14,8746,106.66,44921.0,2,0.5,0.3346938775510204,21048.350487804877
C10406,26,High,Very High,Advanced,2020-02-01,Germany,2055,6711,2025-09-16 18:10:22.464613,114,2347103.09,20588.62,13584.98,11638,102.09,57197.0,12,0.58,0.05547445255474453,20588.623596491227
C10407,61,Low,Low,Advanced,2021-04-27,Australia,1604,28588,2025-09-16 18:10:22.464613,105,2359427.62,22470.74,15972.1,11178,106.46,78260.0,15,0.53,0.06546134663341646,22470.73923809524
C10408,24,Medium,Very High,Intermediate,2021-06-04,Canada,1566,14301,2025-09-16 18:10:22.465611,77,1497089.63,19442.72,13145.46,7721,100.27,14301.0,1,1.0,0.0491698595146871,19442.722467532465
C10409,55,Low,High,Beginner,2021-02-08,Japan,1682,6531,2025-09-16 18:10:22.465611,96,2247725.32,23413.81,15939.06,11169,116.34,13037.0,4,0.25,0.057074910820451845,23413.805416666666
C10410,34,Low,Very High,Intermediate,2024-11-06,Australia,315,49386,2025-09-16 18:10:22.466609,101,2264484.89,22420.64,15965.2,11051,109.42,64362.0,5,0.4,0.32063492063492066,22420.642475247525
C10411,38,Low,High,Advanced,2022-07-12,Australia,1163,44349,2025-09-16 18:10:22.466609,104,1976540.08,19005.19,14713.83,9707,93.34,49009.0,2,1.0,0.08942390369733448,19005.19307692308
C10412,27,Medium,Very High,Intermediate,2022-09-16,Japan,1097,12355,2025-09-16 18:10:22.466609,104,2464216.3,23694.39,19541.84,10696,102.85,23728.0,5,0.6,0.09480401093892434,23694.387499999997
C10413,21,High,Very High,Intermediate,2025-07-03,UK,76,44709,2025-09-16 18:10:22.468118,102,2231686.75,21879.28,16043.33,10301,100.99,47745.0,2,0.5,1.3421052631578947,21879.281862745098
C10414,26,High,Medium,Advanced,2020-11-14,UK,1768,26679,2025-09-16 18:10:22.468118,109,2090093.28,19175.17,13575.48,11067,101.53,38409.0,3,0.67,0.06165158371040724,19175.16770642202
C10415,43,High,Low,Intermediate,2024-01-11,USA,615,5154,2025-09-16 18:10:22.469120,115,2341956.65,20364.84,15952.43,10965,95.35,35685.0,9,0.56,0.18699186991869918,20364.840434782607
C10416,62,Medium,High,Beginner,2024-01-18,USA,608,29098,2025-09-16 18:10:22.469120,90,1993108.43,22145.65,15734.04,9386,104.29,29098.0,1,1.0,0.14802631578947367,22145.649222222222
C10417,32,Medium,Low,Advanced,2020-08-21,Canada,1853,40101,2025-09-16 18:10:22.470117,104,2330141.18,22405.2,14883.2,10536,101.31,80490.0,17,0.59,0.05612520237452779,22405.203653846154
C10418,37,Low,Very High,Advanced,2020-07-29,Canada,1876,38240,2025-09-16 18:10:22.471115,114,2309721.39,20260.71,16526.72,10689,93.76,57666.0,6,0.33,0.060767590618336885,20260.713947368422
C10419,34,Medium,Very High,Advanced,2021-10-09,Germany,1439,16024,2025-09-16 18:10:22.471115,105,2147391.41,20451.35,15972.68,10456,99.58,86819.0,16,0.62,0.0729673384294649,20451.346761904762
C10420,29,Medium,Medium,Intermediate,2021-08-27,USA,1482,9578,2025-09-16 18:10:22.472112,99,1982161.33,20021.83,15215.14,9532,96.28,22385.0,5,0.4,0.06680161943319839,20021.831616161617
C10421,61,High,Low,Beginner,2020-07-20,USA,1885,6760,2025-09-16 18:10:22.472112,91,1677529.08,18434.39,15166.02,8867,97.44,44438.0,11,0.64,0.04827586206896552,18434.385494505495
C10422,37,Low,Low,Beginner,2024-11-08,Australia,313,17776,2025-09-16 18:10:22.473110,91,2266854.82,24910.49,18295.96,10127,111.29,17776.0,1,1.0,0.29073482428115016,24910.492527472525
C10423,67,Low,High,Beginner,2020-05-02,USA,1964,11585,2025-09-16 18:10:22.473110,106,2473934.39,23339.0,18911.94,11205,105.71,19135.0,2,1.0,0.0539714867617108,23339.003679245285
C10424,65,High,High,Intermediate,2024-05-27,Canada,478,8904,2025-09-16 18:10:22.474107,111,2412530.8,21734.51,16475.82,11771,106.05,22468.0,4,0.75,0.23221757322175732,21734.51171171171
C10425,44,High,High,Beginner,2023-02-01,Germany,959,17060,2025-09-16 18:10:22.474107,87,1604000.48,18436.79,14688.5,7874,90.51,43205.0,5,0.8,0.09071949947862357,18436.787126436782
C10426,57,High,High,Intermediate,2021-12-12,Japan,1375,7529,2025-09-16 18:10:22.475713,103,2551752.04,24774.29,19420.8,10981,106.61,21941.0,8,0.5,0.07490909090909091,24774.291650485437
C10427,65,High,High,Beginner,2020-05-04,USA,1962,7484,2025-09-16 18:10:22.476253,102,2013086.92,19736.15,15949.02,9624,94.35,67318.0,18,0.56,0.05198776758409786,19736.146274509803
C10428,67,Low,High,Intermediate,2024-11-16,Canada,305,36916,2025-09-16 18:10:22.477352,104,2130439.1,20484.99,15387.41,10271,98.76,36916.0,1,1.0,0.34098360655737703,20484.991346153845
C10429,51,Low,High,Beginner,2023-09-16,Germany,732,24584,2025-09-16 18:10:22.477903,98,2197098.09,22419.37,16571.49,10380,105.92,24584.0,1,1.0,0.13387978142076504,22419.368265306122
C10430,52,Low,Low,Intermediate,2024-04-02,USA,533,13985,2025-09-16 18:10:22.478493,77,1709945.4,22207.08,15796.72,7561,98.19,18618.0,2,0.5,0.14446529080675422,22207.083116883117
C10431,52,High,High,Beginner,2025-01-06,Germany,254,38084,2025-09-16 18:10:22.479048,87,1908412.66,21935.78,17318.33,8869,101.94,60976.0,5,1.0,0.3425196850393701,21935.777701149425
C10432,39,Medium,Low,Beginner,2024-09-06,Canada,376,45166,2025-09-16 18:10:22.479600,80,1642107.97,20526.35,16698.29,7364,92.05,45166.0,1,1.0,0.2127659574468085,20526.349625
C10433,44,High,Medium,Advanced,2025-01-03,Japan,257,36669,2025-09-16 18:10:22.480148,88,2063803.22,23452.31,19084.26,9175,104.26,36669.0,1,1.0,0.3424124513618677,23452.30931818182
C10434,59,Medium,Low,Advanced,2020-04-11,UK,1985,24790,2025-09-16 18:10:22.480697,117,2132356.13,18225.27,14660.15,10867,92.88,33659.0,4,0.25,0.05894206549118388,18225.266068376066
C10435,69,High,Low,Intermediate,2022-05-22,Germany,1214,49411,2025-09-16 18:10:22.481245,118,2389674.95,20251.48,13327.71,12213,103.5,78442.0,7,0.86,0.09719934102141681,20251.482627118647
C10436,19,Low,High,Intermediate,2023-04-13,Germany,888,18038,2025-09-16 18:10:22.481794,103,1993349.2,19352.9,16725.25,9871,95.83,18038.0,1,1.0,0.11599099099099099,19352.90485436893
C10437,54,Low,Very High,Beginner,2022-04-25,Canada,1241,44502,2025-09-16 18:10:22.481794,88,1773768.02,20156.45,16172.79,8539,97.03,70354.0,9,0.56,0.07091055600322321,20156.454772727273
C10438,56,High,Low,Intermediate,2023-04-26,Australia,875,22751,2025-09-16 18:10:22.482830,107,2219435.85,20742.39,15711.18,11037,103.15,37420.0,6,0.17,0.12228571428571429,20742.39112149533
C10439,41,Medium,Low,Advanced,2023-04-24,Japan,877,9743,2025-09-16 18:10:22.482830,111,2560614.97,23068.6,16739.11,11583,104.35,16157.0,2,1.0,0.1265678449258837,23068.603333333336
C10440,27,Medium,Very High,Beginner,2025-12-26,UK,-100,30057,2025-09-16 18:10:22.483829,89,1629023.91,18303.64,15542.58,8168,91.78,30057.0,1,1.0,89.0,18303.639438202244
C10441,70,High,High,Advanced,2023-03-07,Germany,925,10278,2025-09-16 18:10:22.483829,123,2371363.27,19279.38,13834.97,11937,97.05,32472.0,7,0.86,0.13297297297297297,19279.37617886179
C10442,31,Medium,Medium,Beginner,2021-06-12,Canada,1558,19482,2025-09-16 18:10:22.484826,97,2381209.4,24548.55,16491.07,10757,110.9,38890.0,5,0.8,0.06225930680359435,24548.550515463918
C10443,35,Low,Low,Beginner,2022-06-05,Australia,1200,10891,2025-09-16 18:10:22.484826,75,1394932.24,18599.1,17917.79,6583,87.77,40720.0,13,0.38,0.0625,18599.096533333333
C10444,21,High,Medium,Advanced,2022-11-01,USA,1051,16520,2025-09-16 18:10:22.485823,102,2289535.56,22446.43,16840.07,10566,103.59,30670.0,6,0.5,0.09705042816365367,22446.42705882353
C10445,41,Low,Low,Intermediate,2020-06-24,UK,1911,47111,2025-09-16 18:10:22.485823,103,2068597.84,20083.47,16537.65,9826,95.4,75503.0,11,0.45,0.05389848246991104,20083.47417475728
C10446,56,Medium,Very High,Advanced,2022-06-12,Canada,1193,17333,2025-09-16 18:10:22.486820,89,2207789.45,24806.62,16981.73,10591,119.0,46745.0,11,0.55,0.07460184409052809,24806.623033707867
C10447,69,Medium,Very High,Advanced,2020-09-02,Australia,1841,10191,2025-09-16 18:10:22.487822,97,2117737.84,21832.35,16087.06,10009,103.19,55979.0,14,0.43,0.052688756110809344,21832.34886597938
C10448,32,High,Low,Intermediate,2024-12-25,Japan,266,11887,2025-09-16 18:10:22.487822,101,2023055.03,20030.25,15515.02,10258,101.56,11887.0,1,1.0,0.37969924812030076,20030.247821782177
C10449,19,Low,High,Beginner,2023-08-04,Germany,775,30888,2025-09-16 18:10:22.488854,106,2287086.78,21576.29,18229.33,11416,107.7,50060.0,6,0.5,0.1367741935483871,21576.290377358488
C10450,70,Medium,Very High,Beginner,2023-05-26,Japan,845,43828,2025-09-16 18:10:22.488854,92,1946136.29,21153.66,19618.74,8773,95.36,63561.0,8,0.5,0.10887573964497041,21153.65532608696
C10451,26,Low,Very High,Advanced,2025-01-31,Australia,229,36200,2025-09-16 18:10:22.489775,87,1898224.61,21818.67,15359.4,9369,107.69,36200.0,1,1.0,0.3799126637554585,21818.67367816092
C10452,25,High,Very High,Beginner,2023-09-22,Canada,726,30516,2025-09-16 18:10:22.490818,87,1781583.38,20477.97,12904.36,9315,107.07,54641.0,7,0.43,0.11983471074380166,20477.96988505747
C10453,39,High,High,Beginner,2025-06-10,Japan,99,46807,2025-09-16 18:10:22.491814,105,2092720.7,19930.67,15491.37,10077,95.97,46807.0,1,1.0,1.0606060606060606,19930.673333333332
C10454,65,Medium,Very High,Beginner,2020-09-10,Australia,1833,45176,2025-09-16 18:10:22.491814,106,2100200.89,19813.22,17874.97,10117,95.44,45176.0,1,1.0,0.05782869612656847,19813.215943396226
C10455,49,High,High,Beginner,2024-08-04,Japan,409,33997,2025-09-16 18:10:22.492804,96,2162719.49,22528.33,14142.25,11071,115.32,44577.0,3,0.67,0.23471882640586797,22528.328020833334
C10456,22,High,High,Beginner,2021-09-02,Germany,1476,41482,2025-09-16 18:10:22.492804,94,1896870.62,20179.47,12657.08,10131,107.78,45881.0,3,0.67,0.06368563685636856,20179.474680851064
C10457,18,High,Very High,Beginner,2025-08-29,Germany,19,28057,2025-09-16 18:10:22.493802,103,1920565.1,18646.26,15210.6,9754,94.7,32529.0,2,0.5,5.421052631578948,18646.263106796116
C10458,49,High,Low,Beginner,2024-06-26,UK,448,22020,2025-09-16 18:10:22.494410,114,2532769.65,22217.28,14431.65,12538,109.98,32282.0,5,0.4,0.2544642857142857,22217.277631578945
C10459,26,Medium,Medium,Beginner,2025-04-03,Canada,167,20187,2025-09-16 18:10:22.494713,73,1514476.69,20746.26,17228.75,7041,96.45,20187.0,1,1.0,0.437125748502994,20746.25602739726
C10460,60,High,Low,Advanced,2023-03-08,Canada,924,33687,2025-09-16 18:10:22.495749,97,2150101.86,22166.0,15683.13,10112,104.25,39701.0,2,1.0,0.10497835497835498,22165.99855670103
C10461,35,High,Low,Advanced,2020-02-23,Japan,2033,16448,2025-09-16 18:10:22.495749,83,1501701.11,18092.78,14990.03,7363,88.71,46265.0,9,0.56,0.04082636497786522,18092.784457831327
C10462,51,Medium,Medium,Intermediate,2023-11-04,USA,683,46303,2025-09-16 18:10:22.496746,102,2318514.48,22730.53,16900.51,10576,103.69,53930.0,3,1.0,0.1493411420204978,22730.534117647057
C10463,61,Low,Very High,Beginner,2024-10-25,Canada,327,49063,2025-09-16 18:10:22.497744,93,1957519.61,21048.6,14835.95,9376,100.82,61391.0,4,0.5,0.28440366972477066,21048.597956989248
C10464,70,Medium,Low,Intermediate,2024-09-21,Japan,361,5142,2025-09-16 18:10:22.498742,112,2371016.62,21169.79,17648.78,10745,95.94,9870.0,3,0.33,0.31024930747922436,21169.791250000002
C10465,67,Low,Low,Advanced,2022-02-13,Germany,1312,43543,2025-09-16 18:10:22.498742,105,2095939.17,19961.33,15697.54,10391,98.96,73740.0,13,0.23,0.08003048780487805,19961.32542857143
C10466,22,Low,Low,Beginner,2024-06-11,Australia,463,41256,2025-09-16 18:10:22.499738,93,2150611.94,23124.86,18566.54,9618,103.42,50690.0,2,1.0,0.20086393088552915,23124.859569892473
C10467,20,Low,Medium,Intermediate,2020-08-12,Germany,1862,15081,2025-09-16 18:10:22.500735,92,2056153.63,22349.5,15861.45,9604,104.39,15081.0,1,1.0,0.04940923737916219,22349.495978260868
C10468,18,High,Low,Beginner,2023-12-22,Japan,635,16432,2025-09-16 18:10:22.500735,85,1887862.86,22210.15,18056.72,8430,99.18,19108.0,3,0.67,0.13385826771653545,22210.151294117648
C10469,61,Low,Very High,Intermediate,2024-04-29,Australia,506,10111,2025-09-16 18:10:22.501732,122,2623253.17,21502.08,16614.77,12708,104.16,10111.0,1,1.0,0.24110671936758893,21502.075163934427
C10470,62,Low,High,Advanced,2021-12-23,USA,1364,13950,2025-09-16 18:10:22.501732,101,2070929.55,20504.25,15193.68,9849,97.51,27378.0,4,0.75,0.07404692082111437,20504.25297029703
C10471,26,Low,High,Intermediate,2023-05-13,Germany,858,24802,2025-09-16 18:10:22.502730,98,2074073.43,21164.01,15008.71,10569,107.85,64744.0,10,0.6,0.11421911421911422,21164.014591836734
C10472,39,High,High,Advanced,2020-11-21,Japan,1761,12312,2025-09-16 18:10:22.502730,99,2077705.46,20986.92,15346.44,10142,102.44,76038.0,17,0.41,0.056218057921635436,20986.92383838384
C10473,30,High,Medium,Intermediate,2021-02-14,USA,1676,45767,2025-09-16 18:10:22.503727,95,2084670.44,21943.9,18312.96,9469,99.67,74607.0,8,0.75,0.056682577565632455,21943.89936842105
C10474,31,High,Low,Advanced,2020-04-11,UK,1985,40774,2025-09-16 18:10:22.503727,80,1790314.73,22378.93,17153.2,7845,98.06,69488.0,10,0.6,0.04030226700251889,22378.934125
C10475,70,Medium,Low,Advanced,2025-02-05,Japan,224,30809,2025-09-16 18:10:22.504724,97,1941998.33,20020.6,14257.19,9669,99.68,39088.0,3,0.67,0.4330357142857143,20020.601340206187
C10476,55,High,Medium,Intermediate,2024-09-18,UK,364,12281,2025-09-16 18:10:22.504724,96,1804406.27,18795.9,16215.1,8899,92.7,14192.0,2,0.5,0.26373626373626374,18795.898645833335
C10477,67,Low,Very High,Beginner,2025-10-03,Japan,-16,49527,2025-09-16 18:10:22.505722,110,2664857.83,24225.98,16682.76,11704,106.4,49527.0,1,1.0,110.0,24225.980272727273
C10478,19,Low,Medium,Beginner,2021-01-08,Japan,1713,20851,2025-09-16 18:10:22.506719,86,1627119.19,18919.99,14807.39,7841,91.17,80944.0,19,0.42,0.050204319906596614,18919.99058139535
C10479,67,Medium,Low,Beginner,2020-07-09,Canada,1896,16882,2025-09-16 18:10:22.506719,94,2052995.87,21840.38,14805.58,9543,101.52,35470.0,6,0.5,0.049578059071729956,21840.381595744682
C10480,68,Medium,High,Intermediate,2025-10-03,UK,-16,46890,2025-09-16 18:10:22.507716,100,2124118.21,21241.18,13730.06,10688,106.88,46890.0,1,1.0,100.0,21241.182099999998
C10481,29,Medium,Very High,Advanced,2023-02-14,Canada,946,8065,2025-09-16 18:10:22.507716,101,1824441.7,18063.78,13425.24,9236,91.45,21324.0,5,0.6,0.10676532769556026,18063.77920792079
C10482,30,Medium,Low,Advanced,2023-11-20,Australia,667,43708,2025-09-16 18:10:22.508713,107,2105577.81,19678.3,15846.53,10186,95.2,53898.0,4,0.75,0.16041979010494753,19678.297289719627
C10483,65,High,Very High,Intermediate,2021-07-29,Japan,1511,45182,2025-09-16 18:10:22.508713,99,1847786.83,18664.51,13711.64,9270,93.64,71370.0,11,0.55,0.06551952349437459,18664.513434343437
C10484,69,Medium,Medium,Intermediate,2022-12-13,Germany,1009,38768,2025-09-16 18:10:22.509711,100,1902524.18,19025.24,14772.03,9418,94.18,41227.0,2,1.0,0.09910802775024777,19025.2418
C10485,46,Medium,Very High,Advanced,2023-06-18,Canada,822,39535,2025-09-16 18:10:22.511057,82,1756503.08,21420.77,16336.66,8241,100.5,73772.0,9,0.89,0.09975669099756691,21420.769268292683
C10486,44,Medium,Very High,Advanced,2022-07-10,Australia,1165,43561,2025-09-16 18:10:22.511305,102,2326519.37,22809.01,16090.75,10221,100.21,45348.0,2,0.5,0.08755364806866953,22809.01343137255
C10487,61,Low,Medium,Beginner,2021-05-01,USA,1600,39377,2025-09-16 18:10:22.512350,109,2244870.98,20595.15,14048.19,11368,104.29,64164.0,11,0.27,0.068125,20595.146605504586
C10488,34,High,Medium,Advanced,2020-04-07,USA,1989,34262,2025-09-16 18:10:22.512350,99,2250747.35,22734.82,15890.07,10714,108.22,63097.0,11,0.55,0.049773755656108594,22734.82171717172
C10489,29,Medium,High,Beginner,2020-05-30,UK,1936,28455,2025-09-16 18:10:22.513347,97,1895499.93,19541.24,15749.88,9470,97.63,79588.0,15,0.47,0.05010330578512397,19541.236391752576
C10490,60,High,Medium,Intermediate,2021-05-30,Germany,1571,35784,2025-09-16 18:10:22.513347,87,1712405.01,19682.82,14227.56,8566,98.46,70783.0,9,0.56,0.05537873965626989,19682.81620689655
C10491,23,Medium,Very High,Advanced,2022-11-04,Canada,1048,42966,2025-09-16 18:10:22.514344,101,2265588.09,22431.57,19672.26,10284,101.82,70512.0,8,0.5,0.09637404580152671,22431.56524752475
C10492,44,Medium,Very High,Intermediate,2025-01-23,Canada,237,9986,2025-09-16 18:10:22.515341,96,1903737.86,19830.6,16545.95,8698,90.6,9986.0,1,1.0,0.4050632911392405,19830.602708333336
C10493,68,Medium,High,Intermediate,2020-07-01,Canada,1904,24375,2025-09-16 18:10:22.515341,117,2305192.44,19702.5,14692.52,11534,98.58,64372.0,9,0.78,0.06144957983193277,19702.499487179488
C10494,70,Medium,High,Intermediate,2024-07-12,UK,432,9819,2025-09-16 18:10:22.516339,91,1675826.88,18415.68,15922.4,8411,92.43,11542.0,2,0.5,0.21064814814814814,18415.68
C10495,32,High,Very High,Beginner,2024-03-08,Japan,558,19835,2025-09-16 18:10:22.516339,94,1932230.96,20555.65,16197.52,9264,98.55,24669.0,2,1.0,0.16845878136200718,20555.648510638297
C10496,41,Low,Low,Advanced,2021-04-12,UK,1619,22559,2025-09-16 18:10:22.517336,98,1958308.15,19982.74,15353.71,9659,98.56,52729.0,8,0.5,0.06053119209388511,19982.736224489796
C10497,42,High,Very High,Beginner,2021-04-19,Japan,1612,44988,2025-09-16 18:10:22.517336,116,2295642.57,19790.02,15322.5,11009,94.91,61212.0,5,0.8,0.07196029776674938,19790.022155172413
C10498,32,Low,Low,Beginner,2020-09-02,USA,1841,28081,2025-09-16 18:10:22.518333,103,2451822.64,23804.1,17069.28,10854,105.38,72298.0,12,0.58,0.05594785442694188,23804.103300970874
C10499,24,Medium,Low,Beginner,2023-06-15,USA,825,10590,2025-09-16 18:10:22.518333,99,1936084.14,19556.41,16203.83,9066,91.58,13829.0,2,0.5,0.12,19556.405454545453
C10500,41,Low,Very High,Advanced,2020-11-09,UK,1773,6721,2025-09-16 18:10:22.519330,85,1911772.81,22491.44,14750.27,9051,106.48,10705.0,2,0.5,0.047941342357586014,22491.44482352941
C10501,23,Low,Low,Advanced,2021-05-06,Japan,1595,11350,2025-09-16 18:10:22.519330,100,2251164.95,22511.65,18583.82,10428,104.28,15542.0,2,1.0,0.06269592476489028,22511.649500000003
C10502,70,High,Low,Beginner,2022-07-16,UK,1159,29891,2025-09-16 18:10:22.520328,97,1936754.99,19966.55,15513.92,9492,97.86,56416.0,6,1.0,0.08369283865401209,19966.546288659792
C10503,26,High,Medium,Beginner,2021-05-31,USA,1570,27512,2025-09-16 18:10:22.520328,107,2211858.95,20671.58,14584.85,11196,104.64,59520.0,6,0.83,0.06815286624203822,20671.57897196262
C10504,36,Low,High,Advanced,2025-11-10,Australia,-54,21108,2025-09-16 18:10:22.521325,89,1908597.96,21444.92,17456.95,8905,100.06,21108.0,1,1.0,89.0,21444.920898876404
C10505,63,Low,High,Beginner,2024-10-15,Germany,337,11340,2025-09-16 18:10:22.521325,115,2361877.47,20538.06,19247.61,10445,90.83,15850.0,4,0.5,0.34124629080118696,20538.064956521743
C10506,40,Medium,Very High,Beginner,2024-06-19,Japan,455,15357,2025-09-16 18:10:22.522323,103,2305441.99,22382.93,17716.01,10495,101.89,24560.0,3,0.67,0.22637362637362637,22382.931941747574
C10507,33,Low,Low,Intermediate,2020-01-14,Germany,2073,27872,2025-09-16 18:10:22.522323,80,1750100.12,21876.25,16823.5,8043,100.54,27872.0,1,1.0,0.03859141341051616,21876.251500000002
C10508,62,Low,Low,Beginner,2023-02-02,Australia,958,22980,2025-09-16 18:10:22.523320,91,2023239.32,22233.4,17511.13,9246,101.6,39849.0,7,0.57,0.09498956158663883,22233.399120879123
C10509,53,Medium,Low,Advanced,2022-03-15,Japan,1282,36528,2025-09-16 18:10:22.523320,100,1899356.91,18993.57,15258.72,9005,90.05,61560.0,8,0.62,0.078003120124805,18993.5691
C10510,53,Low,Low,Intermediate,2023-05-03,Canada,868,28676,2025-09-16 18:10:22.524317,88,1603193.74,18218.11,11418.43,8366,95.07,67164.0,11,0.55,0.10138248847926268,18218.110681818183
C10511,32,Low,Low,Advanced,2025-01-20,Canada,240,18109,2025-09-16 18:10:22.525315,97,1950375.17,20106.96,16889.9,8937,92.13,18109.0,1,1.0,0.4041666666666667,20106.960515463918
C10512,59,Medium,Very High,Intermediate,2021-07-02,Japan,1538,5010,2025-09-16 18:10:22.525315,109,2336018.53,21431.36,17213.1,11233,103.06,15947.4,6,0.5,0.07087126137841353,21431.362660550458
C10513,33,Medium,Very High,Intermediate,2021-03-15,Germany,1647,27730,2025-09-16 18:10:22.526313,103,2434402.98,23634.98,17490.64,11355,110.24,27730.0,1,1.0,0.06253794778384943,23634.980388349515
C10514,31,High,Low,Intermediate,2024-03-17,Japan,549,12747,2025-09-16 18:10:22.526313,106,2171775.92,20488.45,14891.34,10020,94.53,19381.0,2,1.0,0.1930783242258652,20488.452075471698
C10515,32,Low,Very High,Intermediate,2023-05-31,Canada,840,6340,2025-09-16 18:10:22.528094,98,2001270.56,20421.13,17715.07,9207,93.95,6960.0,2,0.5,0.11666666666666667,20421.128163265308
C10516,62,Medium,Low,Beginner,2020-01-20,UK,2067,47817,2025-09-16 18:10:22.528094,106,2437579.91,22996.04,17060.14,11656,109.96,96342.0,13,0.62,0.05128205128205128,22996.036886792455
C10517,30,Medium,High,Intermediate,2021-08-25,UK,1484,33018,2025-09-16 18:10:22.529164,103,2373529.21,23043.97,16973.07,10469,101.64,77453.0,16,0.5,0.06940700808625337,23043.97291262136
C10518,49,Low,Medium,Advanced,2022-12-31,Australia,991,36372,2025-09-16 18:10:22.529164,96,1734857.88,18071.44,16153.75,9038,94.15,44046.0,2,1.0,0.09687184661957618,18071.43625
C10519,42,Low,High,Beginner,2020-02-28,Japan,2028,10746,2025-09-16 18:10:22.530161,96,2082437.48,21692.06,17262.27,9970,103.85,26356.6,6,0.33,0.047337278106508875,21692.057083333333
C10520,60,Low,Medium,Advanced,2023-04-01,Germany,900,27899,2025-09-16 18:10:22.531158,103,2066612.78,20064.2,17191.57,9633,93.52,51853.0,6,0.83,0.11444444444444445,20064.201747572817
C10521,70,Medium,Low,Intermediate,2025-10-18,Japan,-31,31484,2025-09-16 18:10:22.531158,83,1647976.78,19855.14,17386.14,7431,89.53,31484.0,1,1.0,83.0,19855.141927710843
C10522,37,High,Low,Intermediate,2024-12-18,USA,273,31192,2025-09-16 18:10:22.532158,101,1976589.41,19570.19,13144.63,9548,94.53,36704.0,3,0.67,0.36996336996337,19570.19217821782
C10523,65,High,Very High,Intermediate,2021-09-03,Japan,1475,22205,2025-09-16 18:10:22.532158,94,1721341.27,18312.14,15576.59,8192,87.15,42405.0,7,0.57,0.06372881355932203,18312.141170212766
C10524,35,High,Very High,Beginner,2022-02-18,Australia,1307,29139,2025-09-16 18:10:22.533156,98,2320815.26,23681.79,15645.16,10656,108.73,68148.0,12,0.42,0.07498087222647284,23681.788367346937
C10525,40,Low,High,Intermediate,2025-10-03,USA,-16,8512,2025-09-16 18:10:22.533156,106,2334694.79,22025.42,17339.18,10664,100.6,8512.0,1,1.0,106.0,22025.422547169812
C10526,27,Medium,Low,Intermediate,2022-04-12,Germany,1254,42548,2025-09-16 18:10:22.534151,101,1928778.13,19096.81,15133.11,9483,93.89,49794.0,2,1.0,0.08054226475279107,19096.813168316832
C10527,36,Low,Medium,Advanced,2021-05-03,Australia,1598,45250,2025-09-16 18:10:22.534151,95,1961671.72,20649.18,14903.7,9701,102.12,91129.0,13,0.77,0.05944931163954944,20649.176
C10528,40,Medium,Low,Beginner,2020-07-06,UK,1899,35655,2025-09-16 18:10:22.535151,115,2525315.8,21959.27,15142.9,11927,103.71,86994.0,17,0.35,0.06055818852027383,21959.267826086954
C10529,45,Low,Very High,Advanced,2022-01-01,Canada,1355,13041,2025-09-16 18:10:22.535151,103,2369386.56,23003.75,16287.68,11199,108.73,23292.0,4,0.75,0.07601476014760147,23003.75300970874
C10530,64,Medium,Low,Intermediate,2025-09-18,Germany,-1,12488,2025-09-16 18:10:22.536146,122,2634711.36,21595.99,16606.91,12416,101.77,12488.0,1,1.0,122.0,21595.99475409836
C10531,63,Medium,High,Intermediate,2020-02-23,Australia,2033,38241,2025-09-16 18:10:22.537142,118,2572283.77,21799.02,17622.53,12152,102.98,98009.0,18,0.56,0.05804230201672405,21799.015
C10532,69,Medium,Very High,Advanced,2025-11-19,Germany,-63,44679,2025-09-16 18:10:22.537142,109,2029293.51,18617.37,11517.26,10080,92.48,44679.0,1,1.0,109.0,18617.371651376146
C10533,69,Medium,Medium,Beginner,2024-06-01,Germany,473,40172,2025-09-16 18:10:22.538139,117,2704269.24,23113.41,17683.2,12697,108.52,40172.0,1,1.0,0.24735729386892177,23113.41230769231
C10534,61,Low,Very High,Advanced,2022-04-26,Australia,1240,39785,2025-09-16 18:10:22.538139,106,2223637.66,20977.71,16363.85,10479,98.86,88125.0,13,0.46,0.08548387096774193,20977.713773584906
C10535,38,Low,Very High,Beginner,2020-02-25,Germany,2031,44853,2025-09-16 18:10:22.539141,94,2083385.26,22163.67,17376.41,9328,99.23,55220.0,5,0.8,0.046282619399310686,22163.672978723404
C10536,53,High,Very High,Beginner,2021-11-07,Germany,1410,12443,2025-09-16 18:10:22.539141,101,2253006.16,22306.99,16116.85,10448,103.45,23873.0,5,0.4,0.07163120567375887,22306.99168316832
C10537,48,Medium,Medium,Advanced,2020-07-14,USA,1891,16169,2025-09-16 18:10:22.540145,103,2293821.72,22270.11,16457.78,11167,108.42,80630.0,17,0.41,0.05446853516657853,22270.11378640777
C10538,31,Medium,High,Beginner,2024-08-23,UK,390,38232,2025-09-16 18:10:22.540145,93,1697652.44,18254.33,12923.14,8434,90.69,54932.0,4,0.5,0.23846153846153847,18254.327311827958
C10539,28,High,High,Beginner,2025-03-26,Australia,175,23510,2025-09-16 18:10:22.541137,85,1708703.36,20102.39,13093.99,8612,101.32,23510.0,1,1.0,0.4857142857142857,20102.39247058824
C10540,53,Medium,Medium,Advanced,2024-11-18,Germany,303,31144,2025-09-16 18:10:22.541137,111,2668986.87,24044.93,15564.58,11766,106.0,46209.0,5,0.8,0.36633663366336633,24044.92675675676
C10541,54,High,High,Beginner,2020-12-16,Germany,1736,36939,2025-09-16 18:10:22.542133,101,2076223.24,20556.67,16072.19,10254,101.52,71233.0,8,0.62,0.058179723502304145,20556.665742574256
C10542,21,High,Very High,Intermediate,2021-12-03,Canada,1384,30028,2025-09-16 18:10:22.543132,104,2515433.75,24186.86,17893.61,10954,105.33,54183.0,4,1.0,0.07514450867052024,24186.86298076923
C10543,30,Medium,Medium,Intermediate,2023-01-05,UK,986,41805,2025-09-16 18:10:22.543132,100,1944616.26,19446.16,15269.79,9312,93.12,68415.0,10,0.6,0.10141987829614604,19446.1626
C10544,43,High,Very High,Beginner,2022-09-16,Canada,1097,22606,2025-09-16 18:10:22.544426,88,1436981.21,16329.33,12288.7,7628,86.68,63977.0,12,0.67,0.08021877848678213,16329.331931818182
C10545,31,Medium,Low,Beginner,2023-08-09,Australia,770,25625,2025-09-16 18:10:22.544757,100,2099378.45,20993.78,14425.99,10811,108.11,44609.0,6,0.5,0.12987012987012986,20993.7845
C10546,39,High,Medium,Advanced,2021-01-11,Australia,1710,26248,2025-09-16 18:10:22.545834,118,2587998.8,21932.19,17185.27,12019,101.86,77368.0,15,0.6,0.06900584795321638,21932.19322033898
C10547,40,High,Low,Intermediate,2020-02-29,Japan,2027,9436,2025-09-16 18:10:22.545834,81,1577568.07,19476.15,16600.57,7282,89.9,82772.0,18,0.67,0.03996053280710409,19476.14901234568
C10548,18,Medium,Medium,Beginner,2020-09-27,Germany,1816,28087,2025-09-16 18:10:22.546831,108,2283065.61,21139.5,15624.62,11163,103.36,43909.0,5,0.4,0.05947136563876652,21139.49638888889
C10549,22,High,Very High,Beginner,2020-05-27,UK,1939,43629,2025-09-16 18:10:22.546831,102,2155597.41,21133.31,15726.82,10424,102.2,101141.0,12,0.67,0.05260443527591542,21133.307941176474
C10550,23,Medium,Very High,Beginner,2024-07-11,Canada,433,24641,2025-09-16 18:10:22.547828,93,1994843.44,21449.93,15148.13,9758,104.92,24641.0,1,1.0,0.21478060046189376,21449.92946236559
C10551,63,Low,Low,Intermediate,2022-08-17,Australia,1127,10287,2025-09-16 18:10:22.547828,95,1967437.15,20709.86,15860.65,9468,99.66,18814.0,2,1.0,0.08429458740017746,20709.864736842104
C10552,20,Low,High,Intermediate,2024-07-23,UK,421,19212,2025-09-16 18:10:22.548826,106,2013015.94,18990.72,15944.6,9349,88.2,29602.0,4,0.25,0.2517814726840855,18990.71641509434
C10553,40,Low,Very High,Advanced,2025-12-15,Canada,-89,24331,2025-09-16 18:10:22.548826,93,1648943.57,17730.58,12188.61,8428,90.62,24331.0,1,1.0,93.0,17730.576021505378
C10554,53,Low,High,Intermediate,2022-11-08,USA,1044,15569,2025-09-16 18:10:22.549824,100,2146762.05,21467.62,16792.77,10329,103.29,35901.0,7,0.43,0.09578544061302682,21467.620499999997
C10555,67,High,Medium,Intermediate,2025-12-16,USA,-90,45743,2025-09-16 18:10:22.549824,96,2019156.69,21032.88,16389.22,10202,106.27,45743.0,1,1.0,96.0,21032.8821875
C10556,44,High,Low,Beginner,2023-12-15,Germany,642,41335,2025-09-16 18:10:22.550821,107,2503267.29,23395.02,18778.06,10990,102.71,44637.0,2,1.0,0.16666666666666666,23395.02140186916
C10557,42,Low,High,Beginner,2023-10-12,USA,706,9150,2025-09-16 18:10:22.550821,90,1760013.03,19555.7,14252.84,8715,96.83,11941.0,3,1.0,0.1274787535410765,19555.700333333334
C10558,65,Medium,Low,Intermediate,2023-06-23,USA,817,17731,2025-09-16 18:10:22.551819,84,2002398.07,23838.07,16203.12,9377,111.63,27468.0,3,0.67,0.10281517747858017,23838.072261904763
C10559,70,Medium,Very High,Beginner,2021-01-31,Canada,1690,24765,2025-09-16 18:10:22.552815,107,2595836.94,24260.16,16874.6,11951,111.69,58568.0,8,0.75,0.06331360946745562,24260.15831775701
C10560,37,Low,Very High,Intermediate,2023-12-14,Canada,643,42768,2025-09-16 18:10:22.552815,126,2264314.79,17970.75,13720.85,11328,89.9,42768.0,1,1.0,0.19595645412130638,17970.7523015873
C10561,30,Medium,High,Advanced,2020-03-27,Germany,2000,35331,2025-09-16 18:10:22.552815,90,1905148.54,21168.32,17262.87,8558,95.09,70342.0,14,0.5,0.045,21168.31711111111
C10562,56,High,Medium,Advanced,2020-02-12,Germany,2044,43702,2025-09-16 18:10:22.553853,101,1851583.98,18332.51,14728.33,9803,97.06,101016.0,14,0.64,0.04941291585127201,18332.514653465347
C10563,23,High,Low,Intermediate,2023-06-04,Japan,836,9995,2025-09-16 18:10:22.554850,119,2261676.56,19005.69,15495.74,10278,86.37,18727.0,3,0.67,0.1423444976076555,19005.685378151262
C10564,26,Low,High,Beginner,2020-05-01,Australia,1965,26597,2025-09-16 18:10:22.554850,96,2077036.8,21635.8,14942.64,10234,106.6,85942.0,19,0.37,0.04885496183206107,21635.8
C10565,38,High,High,Advanced,2024-02-05,UK,590,48796,2025-09-16 18:10:22.555866,93,1826613.46,19641.0,13175.68,9100,97.85,56887.0,3,0.67,0.1576271186440678,19641.00494623656
C10566,18,Medium,High,Beginner,2022-10-18,Germany,1065,6591,2025-09-16 18:10:22.555866,94,1972277.73,20981.68,14144.9,9684,103.02,13148.4,5,0.2,0.08826291079812207,20981.677978723405
C10567,45,Medium,Low,Advanced,2025-02-13,Germany,216,27088,2025-09-16 18:10:22.556849,78,1744278.96,22362.55,15091.12,8257,105.86,32811.0,3,0.67,0.3611111111111111,22362.55076923077
C10568,58,Medium,High,Beginner,2021-11-11,USA,1406,17410,2025-09-16 18:10:22.556849,91,1898770.36,20865.61,15703.6,8608,94.59,26384.0,5,0.2,0.06472261735419631,20865.608351648352
C10569,31,Medium,High,Beginner,2024-04-03,Japan,532,26390,2025-09-16 18:10:22.557851,94,2090101.69,22235.12,16172.64,9932,105.66,26390.0,1,1.0,0.17669172932330826,22235.12436170213
C10570,55,Medium,Medium,Beginner,2020-09-05,Germany,1838,34888,2025-09-16 18:10:22.557851,78,1552904.48,19909.03,16338.24,7811,100.14,101837.0,19,0.47,0.042437431991294884,19909.031794871793
C10571,33,High,High,Beginner,2021-09-03,Australia,1475,47728,2025-09-16 18:10:22.558844,104,2462853.63,23681.28,17959.76,10904,104.85,47728.0,1,1.0,0.07050847457627119,23681.284903846154
C10572,49,High,Very High,Intermediate,2025-01-29,Japan,231,13576,2025-09-16 18:10:22.558844,104,2020621.34,19429.05,14132.28,10194,98.02,13576.0,1,1.0,0.45021645021645024,19429.051346153847
C10573,23,Low,Very High,Beginner,2021-08-22,USA,1487,20250,2025-09-16 18:10:22.559842,79,1733156.67,21938.69,15636.7,8110,102.66,20250.0,1,1.0,0.0531271015467384,21938.692025316454
C10574,49,High,Medium,Beginner,2021-12-13,Japan,1374,45074,2025-09-16 18:10:22.560980,79,1730513.33,21905.23,15986.47,8004,101.32,66294.0,8,0.25,0.05749636098981077,21905.232025316458
C10575,51,High,Very High,Advanced,2022-12-20,Germany,1002,15969,2025-09-16 18:10:22.561305,99,2364761.71,23886.48,16831.66,11022,111.33,30624.0,4,0.75,0.09880239520958084,23886.48191919192
C10576,35,Low,High,Intermediate,2025-05-28,Japan,112,38558,2025-09-16 18:10:22.562384,112,2294292.82,20484.76,15442.09,10953,97.79,42319.0,2,0.5,1.0,20484.75732142857
C10577,18,Medium,Very High,Advanced,2025-10-14,Australia,-27,24246,2025-09-16 18:10:22.562384,105,2004353.73,19089.08,14198.96,10419,99.23,24246.0,1,1.0,105.0,19089.083142857144
C10578,51,Low,Very High,Beginner,2024-08-08,USA,405,41801,2025-09-16 18:10:22.563378,102,2246154.62,22021.12,15088.07,11457,112.32,48048.0,2,1.0,0.2518518518518518,22021.123725490197
C10579,65,Medium,Very High,Beginner,2021-07-17,Australia,1523,40547,2025-09-16 18:10:22.563378,93,1733058.35,18635.04,14020.26,8742,94.0,59921.0,7,0.14,0.06106369008535785,18635.036021505377
C10580,20,High,High,Beginner,2023-03-08,Germany,924,9210,2025-09-16 18:10:22.564379,72,1448050.69,20111.82,13202.95,7472,103.78,9210.0,1,1.0,0.07792207792207792,20111.815138888887
C10581,51,Low,Very High,Intermediate,2023-11-14,USA,673,8610,2025-09-16 18:10:22.564379,96,2077789.93,21643.65,14930.41,10056,104.75,31877.0,6,0.5,0.1426448736998514,21643.645104166666
C10582,65,High,Medium,Advanced,2022-08-24,UK,1120,35940,2025-09-16 18:10:22.565372,101,1989338.59,19696.42,14383.89,9581,94.86,52869.0,5,0.8,0.09017857142857143,19696.42168316832
C10583,30,Low,Very High,Intermediate,2023-10-22,USA,696,10773,2025-09-16 18:10:22.565372,101,2217006.27,21950.56,17675.7,10001,99.02,43072.0,7,0.57,0.14511494252873564,21950.557128712873
C10584,46,Low,Medium,Intermediate,2024-12-24,Japan,267,20388,2025-09-16 18:10:22.566369,84,1525919.06,18165.7,14147.01,7647,91.04,37206.0,3,1.0,0.3146067415730337,18165.703095238096
C10585,57,High,Medium,Advanced,2020-03-28,USA,1999,29186,2025-09-16 18:10:22.566369,99,2162549.01,21843.93,13445.04,10974,110.85,88093.0,14,0.64,0.04952476238119059,21843.92939393939
C10586,25,High,Low,Intermediate,2022-12-22,Australia,1000,47985,2025-09-16 18:10:22.567367,92,1802001.63,19586.97,14801.9,8512,92.52,75804.0,10,0.5,0.092,19586.974239130435
C10587,63,Low,Low,Beginner,2020-10-25,USA,1788,34819,2025-09-16 18:10:22.567367,93,2054881.07,22095.5,17458.62,9373,100.78,60018.0,9,0.33,0.05201342281879195,22095.495376344086
C10588,45,High,Medium,Beginner,2025-05-15,Australia,125,26278,2025-09-16 18:10:22.568364,100,2096656.7,20966.57,14213.94,10797,107.97,28256.0,2,0.5,0.8,20966.567
C10589,26,Medium,Medium,Intermediate,2020-03-21,Canada,2006,5284,2025-09-16 18:10:22.568906,95,2308518.89,24300.2,18158.34,10107,106.39,60044.4,18,0.39,0.04735792622133599,24300.198842105263
C10590,18,Low,Low,Advanced,2022-09-27,Japan,1086,32949,2025-09-16 18:10:22.569943,109,2318534.67,21270.96,15625.89,10941,100.38,61395.0,8,0.5,0.1003683241252302,21270.960275229358
C10591,68,Medium,High,Beginner,2020-08-20,UK,1854,5573,2025-09-16 18:10:22.569943,91,1744896.52,19174.69,13761.65,8332,91.56,51794.0,12,0.67,0.04908306364617044,19174.687032967035
C10592,46,Low,Low,Beginner,2022-03-20,Australia,1277,24703,2025-09-16 18:10:22.570942,99,2142051.14,21636.88,15446.67,10056,101.58,48001.0,7,0.43,0.07752545027407988,21636.880202020202
C10593,59,High,Low,Beginner,2024-08-24,Canada,389,17778,2025-09-16 18:10:22.570942,97,2011584.1,20737.98,16198.73,9266,95.53,20331.0,2,0.5,0.2493573264781491,20737.980412371136
C10594,19,High,Low,Intermediate,2022-04-25,UK,1241,47583,2025-09-16 18:10:22.571943,110,2319440.72,21085.82,14818.74,11213,101.94,67302.0,4,1.0,0.088638195004029,21085.824727272728
C10595,31,High,High,Advanced,2020-10-20,UK,1793,5113,2025-09-16 18:10:22.571943,107,2299296.97,21488.76,18221.61,10475,97.9,6167.0,2,1.0,0.05967651979921919,21488.756728971963
C10596,25,High,High,Advanced,2021-07-07,Germany,1533,36864,2025-09-16 18:10:22.572940,89,1728792.87,19424.64,15303.64,8450,94.94,108197.0,13,0.77,0.05805609915198956,19424.638988764047
C10597,20,Low,Low,Advanced,2023-12-31,USA,626,24530,2025-09-16 18:10:22.572940,111,2515977.59,22666.46,16971.15,11426,102.94,30230.0,3,0.33,0.17731629392971246,22666.464774774773
C10598,18,High,Very High,Intermediate,2021-12-02,Japan,1385,34123,2025-09-16 18:10:22.573937,104,2244956.94,21586.12,16890.22,10441,100.39,40392.0,2,1.0,0.07509025270758123,21586.124423076923
C10599,27,High,Low,Intermediate,2023-06-19,Canada,821,9564,2025-09-16 18:10:22.573937,115,2354551.01,20474.36,14574.93,11708,101.81,20754.0,6,0.67,0.14007308160779536,20474.35660869565
C10600,32,Medium,Very High,Intermediate,2022-11-13,Japan,1039,24816,2025-09-16 18:10:22.574936,90,2181434.42,24238.16,17932.74,9723,108.03,33345.0,4,0.5,0.08662175168431184,24238.16022222222
C10601,44,Low,Very High,Intermediate,2021-05-10,Japan,1591,32886,2025-09-16 18:10:22.574936,94,1950460.59,20749.58,16207.47,8700,92.55,49275.0,8,0.62,0.0590823381521056,20749.58074468085
C10602,44,High,High,Intermediate,2020-01-01,USA,2086,22313,2025-09-16 18:10:22.575931,102,1996439.53,19572.94,16182.41,9306,91.24,95358.0,19,0.58,0.0488974113135187,19572.93656862745
C10603,55,Medium,Low,Intermediate,2025-08-24,Australia,24,42856,2025-09-16 18:10:22.576933,103,2028950.12,19698.54,15704.53,9794,95.09,42856.0,1,1.0,4.291666666666667,19698.544854368934
C10604,65,Low,Very High,Intermediate,2025-03-06,Germany,195,18667,2025-09-16 18:10:22.577891,94,2099025.1,22330.05,16150.83,10002,106.4,19081.0,2,0.5,0.48205128205128206,22330.05425531915
C10605,43,Low,Medium,Advanced,2024-09-20,Canada,362,43298,2025-09-16 18:10:22.578886,101,2112283.94,20913.7,15633.1,10207,101.06,61817.0,4,0.75,0.27900552486187846,20913.702376237623
C10606,30,Low,Medium,Intermediate,2024-02-01,UK,594,26350,2025-09-16 18:10:22.578886,103,2054157.4,19943.28,16080.91,9689,94.07,46871.0,5,0.6,0.1734006734006734,19943.27572815534
C10607,57,Medium,High,Advanced,2025-12-22,UK,-96,45927,2025-09-16 18:10:22.579883,99,2230154.78,22526.82,17110.51,9344,94.38,45927.0,1,1.0,99.0,22526.81595959596
C10608,23,Medium,Low,Advanced,2021-05-10,Germany,1591,11042,2025-09-16 18:10:22.579883,105,2262626.54,21548.82,16825.52,10654,101.47,11951.0,2,0.5,0.06599622878692646,21548.824190476193
C10609,52,High,High,Advanced,2021-05-01,Japan,1600,37647,2025-09-16 18:10:22.580880,93,2043865.43,21977.05,16075.15,9736,104.69,50782.0,7,0.57,0.058125,21977.047634408602
C10610,22,High,Very High,Intermediate,2025-06-09,Australia,100,19070,2025-09-16 18:10:22.580880,121,2262045.8,18694.59,14694.33,11562,95.55,19070.0,1,1.0,1.21,18694.593388429752
C10611,62,High,High,Beginner,2022-11-14,Canada,1038,36420,2025-09-16 18:10:22.581877,94,1660819.29,17668.29,15938.07,7777,82.73,36420.0,1,1.0,0.0905587668593449,17668.290319148935
C10612,33,Medium,High,Advanced,2024-04-24,USA,511,30250,2025-09-16 18:10:22.581877,117,2718710.37,23236.84,15789.99,12580,107.52,32550.0,2,0.5,0.22896281800391388,23236.84076923077
C10613,26,Medium,High,Intermediate,2021-10-26,Japan,1422,9429,2025-09-16 18:10:22.582874,109,2002731.27,18373.68,12027.66,10263,94.16,41389.0,13,0.62,0.07665260196905767,18373.68137614679
C10614,29,Medium,Medium,Intermediate,2022-08-26,Japan,1118,11878,2025-09-16 18:10:22.583872,102,2062992.04,20225.41,14057.78,10254,100.53,11878.0,1,1.0,0.09123434704830054,20225.412156862745
C10615,52,Medium,Medium,Beginner,2025-06-03,USA,106,40259,2025-09-16 18:10:22.583872,87,1734191.51,19933.24,16342.19,8228,94.57,45041.0,2,0.5,0.8207547169811321,19933.235747126437
C10616,27,Medium,Very High,Intermediate,2024-02-09,UK,586,47794,2025-09-16 18:10:22.584869,101,1943124.51,19238.86,13233.12,10117,100.17,60926.0,4,0.5,0.17235494880546076,19238.856534653467
C10617,20,Low,High,Beginner,2024-06-02,Japan,472,43098,2025-09-16 18:10:22.584869,94,2182669.26,23219.89,18449.6,9909,105.41,43098.0,1,1.0,0.19915254237288135,23219.885744680847
C10618,19,High,Very High,Beginner,2021-07-19,Canada,1521,30912,2025-09-16 18:10:22.585866,97,2123229.59,21888.96,17737.52,9275,95.62,73219.0,12,0.58,0.06377383300460224,21888.964845360824
C10619,57,Medium,High,Beginner,2020-12-16,USA,1736,49808,2025-09-16 18:10:22.585866,112,2571293.74,22957.98,17666.6,12028,107.39,111740.0,14,0.71,0.06451612903225806,22957.979821428573
C10620,24,Medium,Low,Intermediate,2020-09-29,Germany,1814,37469,2025-09-16 18:10:22.586864,86,1657661.98,19275.14,14918.02,8148,94.74,75528.0,13,0.38,0.047409040793825796,19275.13930232558
C10621,65,Low,Low,Intermediate,2020-03-22,Japan,2005,16722,2025-09-16 18:10:22.586864,97,2169818.78,22369.27,16727.77,10441,107.64,76610.8,20,0.35,0.04837905236907731,22369.265773195875
C10622,19,Medium,Medium,Intermediate,2021-01-07,Japan,1714,39665,2025-09-16 18:10:22.587861,104,2252143.14,21655.22,17043.32,10582,101.75,62299.0,7,0.57,0.060676779463243874,21655.2225
C10623,43,Low,Medium,Advanced,2024-02-05,UK,590,47799,2025-09-16 18:10:22.587861,97,2301428.26,23726.06,15712.44,10603,109.31,64801.0,5,0.6,0.16440677966101694,23726.06453608247
C10624,51,High,High,Advanced,2025-12-05,UK,-79,37508,2025-09-16 18:10:22.588859,93,2023220.34,21755.06,17115.91,9470,101.83,37508.0,1,1.0,93.0,21755.05741935484
C10625,69,High,Medium,Advanced,2020-01-16,USA,2071,7341,2025-09-16 18:10:22.588859,104,2361637.14,22708.05,16506.64,11220,107.88,12006.0,3,0.33,0.05021728633510381,22708.049423076925
C10626,64,Medium,Medium,Advanced,2021-02-07,UK,1683,25506,2025-09-16 18:10:22.589856,100,2126691.54,21266.92,14553.48,10541,105.41,73957.0,18,0.5,0.059417706476530004,21266.9154
C10627,37,High,High,Intermediate,2021-06-06,Germany,1564,29985,2025-09-16 18:10:22.589856,100,2201029.34,22010.29,15459.65,10482,104.82,93573.0,13,0.77,0.0639386189258312,22010.2934
C10628,47,High,Low,Intermediate,2025-08-08,Germany,40,23739,2025-09-16 18:10:22.590854,113,2118588.78,18748.57,15153.07,10468,92.64,23739.0,1,1.0,2.825,18748.573274336282
C10629,28,Medium,Medium,Advanced,2022-08-06,UK,1138,6086,2025-09-16 18:10:22.591851,102,2151403.63,21092.19,16802.12,9986,97.9,46214.0,9,0.56,0.08963093145869948,21092.19245098039
C10630,43,High,High,Intermediate,2021-02-14,Germany,1676,45015,2025-09-16 18:10:22.591851,96,2114897.21,22030.18,16508.7,9751,101.57,64580.0,3,1.0,0.057279236276849645,22030.179270833334
C10631,42,Low,High,Intermediate,2025-09-22,UK,-5,22057,2025-09-16 18:10:22.592848,110,2035246.85,18502.24,14029.08,10222,92.93,22057.0,1,1.0,110.0,18502.24409090909
C10632,58,Low,High,Beginner,2024-12-21,Japan,270,13170,2025-09-16 18:10:22.592848,107,2378393.03,22227.97,15347.02,10945,102.29,21871.0,3,0.67,0.3962962962962963,22227.97224299065
C10633,24,Medium,High,Advanced,2021-07-29,Canada,1511,38423,2025-09-16 18:10:22.593847,115,2739593.26,23822.55,17291.66,11522,100.19,95440.0,16,0.44,0.07610853739245532,23822.55008695652
C10634,61,Medium,Medium,Intermediate,2023-03-08,Japan,924,25811,2025-09-16 18:10:22.594775,90,1702660.55,18918.45,15932.16,8590,95.44,34052.0,3,0.33,0.09740259740259741,18918.450555555555
C10635,38,High,Very High,Advanced,2024-05-04,Germany,501,17731,2025-09-16 18:10:22.595846,101,2204311.01,21824.86,17031.67,10118,100.18,24430.0,2,1.0,0.20159680638722555,21824.86148514851
C10636,64,Low,Low,Advanced,2021-01-05,Canada,1716,40631,2025-09-16 18:10:22.595846,90,2023906.26,22487.85,17560.77,9038,100.42,49533.0,4,0.25,0.05244755244755245,22487.847333333335
C10637,65,High,Low,Beginner,2022-08-23,USA,1121,31638,2025-09-16 18:10:22.596847,103,2011789.33,19531.94,14357.54,9828,95.42,31638.0,1,1.0,0.09188224799286351,19531.935242718446
C10638,43,Medium,Very High,Beginner,2024-12-22,Australia,269,25395,2025-09-16 18:10:22.596847,116,2846173.2,24535.98,17249.42,12815,110.47,25395.0,1,1.0,0.4312267657992565,24535.975862068968
C10639,20,High,High,Beginner,2024-11-26,Japan,295,23807,2025-09-16 18:10:22.597840,92,1839612.62,19995.79,13299.91,9644,104.83,26292.0,2,0.5,0.31186440677966104,19995.78934782609
C10640,35,Low,Low,Advanced,2020-06-01,Germany,1934,5128,2025-09-16 18:10:22.597840,102,2121465.27,20798.68,14444.35,10280,100.78,9836.0,2,0.5,0.052740434332988625,20798.679117647058
C10641,41,Medium,Medium,Intermediate,2020-10-18,Canada,1795,17252,2025-09-16 18:10:22.598838,98,2193527.92,22382.94,16247.83,10305,105.15,32892.0,4,0.75,0.05459610027855153,22382.937959183673
C10642,58,High,Very High,Beginner,2025-07-26,Canada,53,48180,2025-09-16 18:10:22.598838,101,1944672.39,19254.18,13208.74,10067,99.67,55895.0,2,1.0,1.9056603773584906,19254.18207920792
C10643,26,Medium,Low,Advanced,2025-04-30,Japan,140,6950,2025-09-16 18:10:22.599835,115,2528355.72,21985.7,14074.44,12436,108.14,6950.0,1,1.0,0.8214285714285714,21985.70191304348
C10644,39,Medium,High,Advanced,2024-03-26,Canada,540,39312,2025-09-16 18:10:22.599835,119,2698882.81,22679.69,17853.95,12048,101.24,56986.0,4,0.75,0.22037037037037038,22679.687478991596
C10645,30,Low,Medium,Advanced,2024-09-12,Germany,370,11751,2025-09-16 18:10:22.600832,108,2273714.61,21052.91,15910.49,10510,97.31,11751.0,1,1.0,0.2918918918918919,21052.913055555553
C10646,66,Medium,Medium,Beginner,2020-06-04,Canada,1931,17848,2025-09-16 18:10:22.600832,97,2291142.71,23620.03,17601.57,9931,102.38,54317.0,10,0.9,0.050233039875712066,23620.02793814433
C10647,56,Medium,Medium,Intermediate,2025-06-26,Canada,83,17751,2025-09-16 18:10:22.601829,117,2336262.81,19968.06,13595.83,12347,105.53,19350.0,2,0.5,1.4096385542168675,19968.058205128207
C10648,20,High,High,Advanced,2022-12-04,Australia,1018,46303,2025-09-16 18:10:22.601829,92,1994970.54,21684.46,16992.93,9535,103.64,78162.0,8,0.62,0.09037328094302555,21684.462391304347
C10649,70,Low,Low,Beginner,2021-11-08,USA,1409,9378,2025-09-16 18:10:22.602831,116,2736386.62,23589.54,17371.4,12331,106.3,52944.0,12,0.67,0.0823278921220724,23589.539827586206
C10650,27,Medium,Medium,Intermediate,2025-12-27,Japan,-101,20431,2025-09-16 18:10:22.603828,91,1745609.65,19182.52,14856.17,8622,94.75,20431.0,1,1.0,91.0,19182.523626373626
C10651,47,Medium,High,Intermediate,2024-12-18,Australia,273,32174,2025-09-16 18:10:22.603828,101,2022695.46,20026.69,13767.82,10612,105.07,35875.0,2,1.0,0.36996336996337,20026.687722772276
C10652,23,Low,Very High,Advanced,2021-01-18,Germany,1703,39297,2025-09-16 18:10:22.604825,101,2052740.8,20324.17,16557.49,9782,96.85,61068.0,4,1.0,0.059307105108631825,20324.166336633665
C10653,26,Low,Medium,Advanced,2022-05-18,Canada,1218,7186,2025-09-16 18:10:22.604825,82,1654736.62,20179.71,16671.9,8584,104.68,28866.0,12,0.5,0.06732348111658457,20179.71487804878
C10654,58,Low,High,Beginner,2021-08-11,Australia,1498,16133,2025-09-16 18:10:22.605863,94,1853435.15,19717.4,16952.87,8890,94.57,25261.0,2,1.0,0.06275033377837116,19717.395212765958
C10655,46,Low,High,Intermediate,2020-06-09,Germany,1926,7531,2025-09-16 18:10:22.606821,114,2576665.84,22602.33,15708.37,12031,105.54,60642.0,15,0.6,0.059190031152647975,22602.33192982456
C10656,51,High,Medium,Beginner,2022-02-10,Canada,1315,21361,2025-09-16 18:10:22.606821,89,1894439.34,21285.84,16096.47,8977,100.87,26017.0,3,0.67,0.06768060836501902,21285.83528089888
C10657,40,Medium,Very High,Intermediate,2022-03-21,UK,1276,42052,2025-09-16 18:10:22.607824,85,1811734.7,21314.53,15543.34,8711,102.48,79009.0,10,0.4,0.06661442006269593,21314.52588235294
C10658,59,Medium,Low,Advanced,2024-01-27,Germany,599,28045,2025-09-16 18:10:22.607824,100,2029183.45,20291.83,15000.37,9895,98.95,58831.0,7,0.71,0.1669449081803005,20291.8345
C10659,31,Medium,Medium,Intermediate,2025-11-10,Japan,-54,23949,2025-09-16 18:10:22.608820,78,1836005.66,23538.53,18325.6,8066,103.41,23949.0,1,1.0,78.0,23538.534102564103
C10660,36,Medium,High,Beginner,2020-01-30,UK,2057,12870,2025-09-16 18:10:22.608820,121,2311005.19,19099.22,14694.5,11378,94.03,86086.0,19,0.53,0.058823529411764705,19099.216446280992
C10661,29,Low,High,Advanced,2020-10-24,Canada,1789,15311,2025-09-16 18:10:22.609822,95,1919061.78,20200.65,15658.87,9144,96.25,44045.0,10,0.3,0.05310229178311906,20200.650315789473
C10662,46,Medium,Very High,Intermediate,2021-08-18,Canada,1491,34000,2025-09-16 18:10:22.611415,92,2073082.08,22533.5,15210.28,9887,107.47,81698.0,10,0.7,0.06170355466130114,22533.500869565218
C10663,22,Low,High,Intermediate,2024-08-14,UK,399,17660,2025-09-16 18:10:22.611415,102,2281157.2,22364.29,15580.45,10924,107.1,21110.0,2,1.0,0.2556390977443609,22364.286274509806
C10664,54,High,High,Beginner,2022-08-20,Germany,1124,24277,2025-09-16 18:10:22.612491,89,2502874.32,28122.18,20725.04,10488,117.84,32513.0,2,1.0,0.0791814946619217,28122.183370786515
C10665,52,High,Low,Beginner,2023-06-22,USA,818,48548,2025-09-16 18:10:22.612491,103,2227833.26,21629.45,15668.9,10424,101.2,95423.0,10,0.6,0.12591687041564792,21629.44912621359
C10666,26,High,Low,Beginner,2020-12-15,Japan,1737,40509,2025-09-16 18:10:22.613488,97,2083677.01,21481.21,17895.61,9612,99.09,45964.0,4,0.5,0.055843408175014396,21481.206288659792
C10667,30,Medium,Very High,Beginner,2025-01-04,UK,256,11114,2025-09-16 18:10:22.613488,107,2240161.72,20936.09,16686.02,10456,97.72,11114.0,1,1.0,0.41796875,20936.0908411215
C10668,54,Medium,High,Advanced,2022-10-06,Germany,1077,39928,2025-09-16 18:10:22.614486,101,2198333.31,21765.68,14938.97,11051,109.42,62434.0,9,0.44,0.09377901578458682,21765.676336633664
C10669,22,Low,High,Intermediate,2025-09-17,Germany,0,40783,2025-09-16 18:10:22.614486,104,2143956.55,20614.97,16151.66,10054,96.67,40783.0,1,1.0,104.0,20614.966826923075
C10670,47,Medium,Very High,Beginner,2024-09-20,UK,362,35939,2025-09-16 18:10:22.615482,97,1998532.38,20603.43,14002.98,9762,100.64,42050.0,3,0.67,0.26795580110497236,20603.42659793814
C10671,55,Low,Medium,Intermediate,2024-03-30,Japan,536,29062,2025-09-16 18:10:22.616479,82,1489056.11,18159.22,14157.59,7736,94.34,33682.0,2,0.5,0.15298507462686567,18159.22085365854
C10672,55,High,High,Intermediate,2020-03-11,USA,2016,46153,2025-09-16 18:10:22.616479,103,2257673.69,21919.16,16037.65,10730,104.17,95680.0,12,0.42,0.05109126984126984,21919.16203883495
C10673,58,Medium,Very High,Intermediate,2022-12-07,Japan,1015,13185,2025-09-16 18:10:22.617477,113,2306226.72,20409.09,16575.85,11134,98.53,63635.0,9,0.89,0.11133004926108374,20409.086017699115
C10674,19,High,High,Intermediate,2020-11-21,USA,1761,24828,2025-09-16 18:10:22.617477,87,1916089.07,22024.01,16348.75,8763,100.72,28197.0,2,1.0,0.049403747870528106,22024.012298850575
C10675,63,Low,Medium,Intermediate,2024-04-07,Australia,528,18598,2025-09-16 18:10:22.618474,102,2333768.16,22880.08,17569.31,10681,104.72,22671.0,4,0.25,0.19318181818181818,22880.08
C10676,24,Medium,Medium,Advanced,2022-09-15,Germany,1098,12703,2025-09-16 18:10:22.618474,101,1873478.18,18549.29,14483.32,8888,88.0,43533.0,7,0.86,0.09198542805100182,18549.28891089109
C10677,50,Medium,Very High,Beginner,2020-02-20,Germany,2036,5442,2025-09-16 18:10:22.619472,90,1710214.2,19002.38,13912.69,8808,97.87,52868.6,11,0.64,0.04420432220039293,19002.38
C10678,38,High,Medium,Intermediate,2023-01-13,Australia,978,30240,2025-09-16 18:10:22.619472,96,2053112.27,21386.59,16208.04,9245,96.3,66178.0,9,0.67,0.09815950920245399,21386.586145833335
C10679,37,High,High,Intermediate,2022-05-26,USA,1210,10967,2025-09-16 18:10:22.620472,109,2525265.06,23167.57,15886.03,11782,108.09,10967.0,1,1.0,0.09008264462809917,23167.569357798166
C10680,70,Medium,High,Beginner,2021-03-26,Japan,1636,5214,2025-09-16 18:10:22.620472,95,2198641.2,23143.59,16687.43,10395,109.42,37980.78,14,0.43,0.05806845965770171,23143.59157894737
C10681,18,Low,High,Beginner,2024-12-02,UK,289,35267,2025-09-16 18:10:22.621466,112,2344438.88,20932.49,15555.82,11449,102.22,44723.0,3,0.67,0.3875432525951557,20932.489999999998
C10682,42,High,Low,Advanced,2025-01-21,Canada,239,34550,2025-09-16 18:10:22.621466,100,2047326.99,20473.27,16919.13,9818,98.18,34550.0,1,1.0,0.41841004184100417,20473.2699
C10683,25,Medium,Medium,Beginner,2025-03-07,Germany,194,31649,2025-09-16 18:10:22.622469,98,2166353.93,22105.65,14804.03,10813,110.34,31649.0,1,1.0,0.5051546391752577,22105.652346938776
C10684,49,Low,High,Intermediate,2024-10-16,USA,336,12504,2025-09-16 18:10:22.622469,101,1877854.39,18592.62,13143.93,9755,96.58,19006.0,3,0.67,0.3005952380952381,18592.617722772276
C10685,29,Low,Low,Beginner,2022-01-27,UK,1329,15092,2025-09-16 18:10:22.623472,93,1945848.89,20923.11,15053.96,8909,95.8,22644.0,3,1.0,0.06997742663656885,20923.10634408602
C10686,50,High,Very High,Advanced,2021-06-20,Canada,1550,38374,2025-09-16 18:10:22.623472,100,2060748.12,20607.48,16626.0,10080,100.8,68886.0,6,1.0,0.06451612903225806,20607.481200000002
C10687,50,Low,Very High,Beginner,2024-10-10,Canada,342,14616,2025-09-16 18:10:22.624464,104,2210852.47,21258.2,16524.0,10225,98.32,14616.0,1,1.0,0.30409356725146197,21258.19682692308
C10688,67,Medium,High,Beginner,2023-02-03,USA,957,17116,2025-09-16 18:10:22.624464,91,2354845.32,25877.42,21301.27,9959,109.44,26731.0,4,0.5,0.09508881922675026,25877.421098901097
C10689,24,High,Low,Intermediate,2021-06-18,Japan,1552,19816,2025-09-16 18:10:22.625461,101,2476971.1,24524.47,18001.19,11234,111.23,62262.0,9,0.44,0.06507731958762887,24524.466336633664
C10690,69,Medium,High,Intermediate,2021-07-15,Australia,1525,13099,2025-09-16 18:10:22.626462,112,1968660.5,17577.33,13898.77,10017,89.44,56252.0,12,0.67,0.07344262295081967,17577.32589285714
C10691,24,Medium,Very High,Beginner,2025-07-06,UK,73,43849,2025-09-16 18:10:22.626462,92,2154573.29,23419.27,14307.42,9882,107.41,43849.0,1,1.0,1.2602739726027397,23419.274891304347
C10692,54,Low,High,Intermediate,2020-12-15,Japan,1737,15774,2025-09-16 18:10:22.628180,95,1814475.45,19099.74,13573.23,9065,95.42,45779.29,16,0.19,0.05469199769717904,19099.741578947367
C10693,18,Medium,Low,Intermediate,2021-08-31,Germany,1478,46509,2025-09-16 18:10:22.628180,92,1997872.85,21716.01,16259.74,9458,102.8,82934.0,11,0.64,0.06224627875507442,21716.009239130435
C10694,21,Medium,Low,Intermediate,2024-12-09,Canada,282,39941,2025-09-16 18:10:22.629221,86,1714897.21,19940.67,15185.02,8619,100.22,39941.0,1,1.0,0.3049645390070922,19940.665232558138
C10695,51,High,Low,Beginner,2022-09-11,Canada,1102,21847,2025-09-16 18:10:22.630217,93,1730748.38,18610.2,13325.99,8990,96.67,32610.0,3,1.0,0.08439201451905626,18610.1976344086
C10696,48,Low,Very High,Advanced,2024-04-15,Canada,520,25871,2025-09-16 18:10:22.630217,105,2483232.58,23649.83,17506.12,11162,106.3,33152.0,2,1.0,0.20192307692307693,23649.834095238097
C10697,20,High,Medium,Intermediate,2020-12-15,USA,1737,31779,2025-09-16 18:10:22.631215,97,1926156.75,19857.29,13702.81,9849,101.54,77530.0,13,0.54,0.055843408175014396,19857.286082474227
C10698,25,Low,Very High,Intermediate,2022-08-16,USA,1128,42855,2025-09-16 18:10:22.631215,85,2034432.74,23934.5,17590.71,9242,108.73,53374.0,4,0.5,0.07535460992907801,23934.502823529412
C10699,45,High,High,Advanced,2022-02-11,Australia,1314,24503,2025-09-16 18:10:22.632212,100,1859908.36,18599.08,12723.07,9649,96.49,36372.0,7,0.29,0.076103500761035,18599.0836
C10700,53,Low,Very High,Advanced,2023-08-31,USA,748,20367,2025-09-16 18:10:22.632212,95,2124462.16,22362.76,17884.82,10388,109.35,33677.0,3,0.67,0.1270053475935829,22362.75957894737
C10701,48,Low,Medium,Advanced,2025-08-17,Japan,31,41899,2025-09-16 18:10:22.633209,102,2400435.22,23533.68,19848.22,10404,102.0,41899.0,1,1.0,3.2903225806451615,23533.678627450983
C10702,45,High,High,Intermediate,2020-03-10,Germany,2017,34944,2025-09-16 18:10:22.634206,123,2472851.09,20104.48,14763.5,12558,102.1,57436.0,8,0.5,0.060981655924640554,20104.480406504063
C10703,21,Medium,Very High,Intermediate,2023-04-16,Canada,885,45280,2025-09-16 18:10:22.634206,99,2279659.33,23026.86,16295.63,10586,106.93,62386.0,4,0.75,0.11186440677966102,23026.86191919192
C10704,34,Medium,Very High,Intermediate,2021-07-23,Australia,1517,15397,2025-09-16 18:10:22.635204,101,2348680.0,23254.26,18950.58,11143,110.33,26395.0,5,0.4,0.06657877389584707,23254.257425742573
C10705,27,Medium,High,Advanced,2022-01-30,USA,1326,14043,2025-09-16 18:10:22.635204,81,1744741.23,21540.02,15916.81,8231,101.62,22706.0,4,0.5,0.06108597285067873,21540.015185185184
C10706,50,Low,High,Beginner,2020-05-31,Australia,1935,32925,2025-09-16 18:10:22.636202,95,2199036.75,23147.76,15936.46,10564,111.2,70501.0,11,0.73,0.04909560723514212,23147.755263157895
C10707,53,High,Very High,Beginner,2023-04-29,Canada,872,38828,2025-09-16 18:10:22.636202,112,2503114.36,22349.24,14850.17,12276,109.61,38828.0,1,1.0,0.12844036697247707,22349.235357142858
C10708,33,High,Very High,Intermediate,2021-11-08,UK,1409,44404,2025-09-16 18:10:22.637199,95,2209583.63,23258.78,16630.49,10072,106.02,70822.0,8,0.75,0.06742370475514549,23258.77505263158
C10709,37,High,Very High,Advanced,2020-02-10,Japan,2046,34205,2025-09-16 18:10:22.637199,107,2101719.32,19642.24,14826.17,10408,97.27,107597.0,14,0.86,0.05229716520039101,19642.23663551402
C10710,50,Low,Medium,Advanced,2023-04-17,USA,884,21038,2025-09-16 18:10:22.638196,108,2387120.19,22102.96,16830.18,10969,101.56,56756.0,8,0.5,0.12217194570135746,22102.964722222223
C10711,38,Medium,High,Advanced,2025-08-01,UK,47,46626,2025-09-16 18:10:22.638196,93,2215208.1,23819.44,17162.42,9634,103.59,46626.0,1,1.0,1.9787234042553192,23819.441935483872
C10712,25,Low,High,Advanced,2022-08-21,UK,1123,39766,2025-09-16 18:10:22.639193,106,2237572.14,21109.17,16570.12,10470,98.77,73276.0,7,0.71,0.0943900267141585,21109.171132075473
C10713,55,Low,High,Advanced,2023-04-11,UK,890,9766,2025-09-16 18:10:22.639193,97,1932672.06,19924.45,15290.58,9934,102.41,19918.0,3,1.0,0.10898876404494381,19924.454226804126
C10714,63,Low,High,Intermediate,2024-02-17,UK,578,41538,2025-09-16 18:10:22.640191,89,1399831.36,15728.44,12634.92,7273,81.72,42981.0,2,1.0,0.15397923875432526,15728.442247191013
C10715,46,Medium,Medium,Advanced,2020-05-25,UK,1941,19726,2025-09-16 18:10:22.640191,117,2373711.46,20288.13,13289.56,12605,107.74,60217.0,15,0.47,0.06027820710973725,20288.132136752138
C10716,26,Medium,Low,Advanced,2023-03-15,UK,917,49735,2025-09-16 18:10:22.641188,102,2061828.04,20214.0,15816.65,9861,96.68,49735.0,1,1.0,0.11123227917121047,20214.000392156864
C10717,49,Medium,Very High,Advanced,2024-08-03,Germany,410,42126,2025-09-16 18:10:22.641188,96,1943707.89,20246.96,16120.61,9104,94.83,46565.0,2,0.5,0.23414634146341465,20246.9571875
C10718,65,Low,Very High,Beginner,2025-10-31,Japan,-44,11871,2025-09-16 18:10:22.642185,98,2251169.14,22971.11,17235.89,9840,100.41,11871.0,1,1.0,98.0,22971.11367346939
C10719,30,Low,Medium,Beginner,2020-11-19,USA,1763,49595,2025-09-16 18:10:22.642185,108,2291788.72,21220.27,13186.08,11251,104.18,51582.0,2,1.0,0.061259217243335225,21220.265925925927
C10720,69,Medium,Medium,Beginner,2022-07-25,Japan,1150,22811,2025-09-16 18:10:22.643183,97,2107359.96,21725.36,15095.63,10326,106.45,33773.0,5,0.4,0.08434782608695653,21725.360412371134
C10721,70,Medium,Very High,Intermediate,2020-07-08,Australia,1897,43351,2025-09-16 18:10:22.644191,88,1808794.22,20554.48,17374.72,8126,92.34,84195.0,14,0.5,0.04638903531892462,20554.47977272727
C10722,65,High,High,Beginner,2022-03-20,UK,1277,42212,2025-09-16 18:10:22.645178,114,2459887.36,21577.96,17835.04,11916,104.53,50571.0,4,0.25,0.08927173061863743,21577.959298245612
C10723,62,High,Medium,Intermediate,2022-12-29,Australia,993,8089,2025-09-16 18:10:22.645178,106,2275972.41,21471.44,14694.56,11174,105.42,8089.0,1,1.0,0.1067472306143001,21471.43783018868
C10724,23,High,Medium,Intermediate,2020-06-21,Japan,1914,15918,2025-09-16 18:10:22.646175,101,2018829.95,19988.42,14461.44,9789,96.92,49968.0,9,0.44,0.05276907001044932,19988.415346534654
C10725,27,High,Medium,Intermediate,2024-12-18,Japan,273,44186,2025-09-16 18:10:22.646175,91,1739960.17,19120.44,15098.49,8610,94.62,44186.0,1,1.0,0.3333333333333333,19120.441428571427
C10726,62,Low,High,Advanced,2021-12-23,Japan,1364,46251,2025-09-16 18:10:22.647172,97,1854587.88,19119.46,13906.64,9768,100.7,55795.0,4,0.5,0.07111436950146628,19119.46268041237
C10727,70,High,Low,Intermediate,2024-05-21,Japan,484,9897,2025-09-16 18:10:22.647172,92,1865863.9,20281.13,14872.69,9021,98.05,32307.0,4,1.0,0.19008264462809918,20281.129347826085
C10728,68,Low,Very High,Advanced,2023-07-09,Australia,801,10692,2025-09-16 18:10:22.648169,102,2263878.97,22194.89,16175.38,10255,100.54,10692.0,1,1.0,0.12734082397003746,22194.8918627451
C10729,70,Medium,Medium,Advanced,2020-11-23,Canada,1759,28096,2025-09-16 18:10:22.648169,111,2302952.11,20747.32,15815.22,10713,96.51,52484.0,7,0.43,0.06310403638430927,20747.316306306304
C10730,41,Low,Medium,Intermediate,2024-03-01,Japan,565,34868,2025-09-16 18:10:22.649167,109,2424075.68,22239.23,17315.77,10620,97.43,45682.0,4,0.5,0.1929203539823009,22239.22642201835
C10731,70,Low,Low,Advanced,2022-11-23,USA,1029,17815,2025-09-16 18:10:22.649167,83,1406519.56,16946.02,13601.12,7171,86.4,42532.0,9,0.56,0.08066083576287658,16946.018795180724
C10732,67,Low,High,Intermediate,2023-10-14,Japan,704,25100,2025-09-16 18:10:22.650164,100,2151878.76,21518.79,17210.08,10073,100.73,30016.0,2,1.0,0.14204545454545456,21518.787599999996
C10733,28,Low,Very High,Advanced,2020-11-05,Australia,1777,49462,2025-09-16 18:10:22.650164,118,2350546.93,19919.89,16631.82,10773,91.3,95910.0,17,0.29,0.06640405177265053,19919.88923728814
C10734,26,Low,High,Beginner,2022-10-01,Germany,1082,32819,2025-09-16 18:10:22.651161,100,2228811.54,22288.12,16765.36,10291,102.91,54481.0,8,0.62,0.09242144177449169,22288.1154
C10735,37,Medium,Low,Beginner,2023-06-22,Japan,818,31242,2025-09-16 18:10:22.651161,102,2133780.35,20919.42,17370.84,10159,99.6,50643.0,7,0.43,0.12469437652811736,20919.415196078433
C10736,60,Medium,High,Advanced,2023-05-14,Germany,857,21253,2025-09-16 18:10:22.652159,120,2333303.59,19444.2,15612.17,11218,93.48,33824.0,4,1.0,0.14002333722287047,19444.19658333333
C10737,62,Low,Medium,Beginner,2025-04-09,Japan,161,38485,2025-09-16 18:10:22.653156,104,2366574.56,22755.52,16190.02,10389,99.89,38485.0,1,1.0,0.6459627329192547,22755.524615384616
C10738,45,High,Medium,Intermediate,2023-06-28,Australia,812,15018,2025-09-16 18:10:22.653156,86,1487447.27,17295.9,12789.81,7571,88.03,15018.0,1,1.0,0.10591133004926108,17295.898488372095
C10739,20,Low,Medium,Beginner,2024-08-19,USA,394,39224,2025-09-16 18:10:22.654159,101,2019139.17,19991.48,13448.88,10654,105.49,45621.0,4,0.25,0.2563451776649746,19991.47693069307
C10740,39,Medium,Medium,Intermediate,2025-08-12,Japan,36,43016,2025-09-16 18:10:22.654159,107,2319699.77,21679.44,15702.21,10866,101.55,48806.0,2,1.0,2.9722222222222223,21679.43710280374
C10741,67,Medium,Low,Advanced,2023-12-03,USA,654,35261,2025-09-16 18:10:22.655157,97,1855024.25,19123.96,14177.03,8955,92.32,35261.0,1,1.0,0.14831804281345565,19123.961340206184
C10742,35,High,Very High,Intermediate,2023-06-06,Australia,834,20696,2025-09-16 18:10:22.655157,100,2056552.43,20565.52,17269.91,9856,98.56,41600.0,7,0.29,0.11990407673860912,20565.5243
C10743,38,Medium,High,Beginner,2025-05-25,Germany,115,17992,2025-09-16 18:10:22.656155,93,2035720.62,21889.47,17292.31,8775,94.35,17992.0,1,1.0,0.808695652173913,21889.469032258065
C10744,30,Medium,Very High,Beginner,2025-10-07,USA,-20,17738,2025-09-16 18:10:22.656155,95,1895486.12,19952.49,14659.88,9604,101.09,17738.0,1,1.0,95.0,19952.485473684214
C10745,19,High,Very High,Intermediate,2022-08-02,Japan,1142,22435,2025-09-16 18:10:22.657152,95,2012140.81,21180.43,15079.39,9997,105.23,31378.0,4,0.5,0.08318739054290718,21180.42957894737
C10746,66,High,Very High,Intermediate,2023-07-29,Germany,781,41934,2025-09-16 18:10:22.657152,95,1734924.7,18262.37,17277.11,7934,83.52,46965.0,3,0.67,0.12163892445582586,18262.365263157895
C10747,42,Medium,High,Intermediate,2023-11-10,Canada,677,37455,2025-09-16 18:10:22.658149,111,2204464.09,19860.04,15958.19,10254,92.38,37455.0,1,1.0,0.16395864106351551,19860.036846846844
C10748,27,High,Low,Advanced,2022-02-16,Australia,1309,45347,2025-09-16 18:10:22.658149,123,2673903.37,21739.05,15856.26,12495,101.59,68185.0,9,0.33,0.09396485867074103,21739.051788617886
C10749,38,High,Medium,Beginner,2023-01-21,Germany,970,48864,2025-09-16 18:10:22.659147,108,2184496.76,20226.82,14263.2,10634,98.46,52639.0,2,0.5,0.11134020618556702,20226.82185185185
C10750,69,Medium,Very High,Intermediate,2023-02-26,Japan,934,34581,2025-09-16 18:10:22.659147,104,2122531.42,20408.96,16028.06,9997,96.12,67008.0,9,0.44,0.11134903640256959,20408.95596153846
C10751,50,Medium,Medium,Intermediate,2022-09-01,Germany,1112,39109,2025-09-16 18:10:22.660144,107,2254481.64,21069.92,16821.64,10536,98.47,41612.0,2,0.5,0.09622302158273381,21069.92186915888
C10752,49,Low,Very High,Advanced,2023-04-16,Canada,885,31546,2025-09-16 18:10:22.661052,114,2117616.42,18575.58,12173.71,10967,96.2,39543.0,3,1.0,0.1288135593220339,18575.582631578945
C10753,60,High,Very High,Advanced,2024-03-19,Australia,547,34086,2025-09-16 18:10:22.661441,121,2512150.34,20761.57,13533.33,12211,100.92,51528.0,8,0.5,0.22120658135283364,20761.573057851238
C10754,60,Medium,Low,Beginner,2021-11-16,Australia,1401,36920,2025-09-16 18:10:22.662486,102,1990203.01,19511.79,14304.51,9993,97.97,62977.0,6,0.67,0.0728051391862955,19511.794215686274
C10755,19,High,High,Advanced,2021-10-13,Canada,1435,35961,2025-09-16 18:10:22.662486,93,1929974.06,20752.41,15307.39,8995,96.72,71366.0,9,0.56,0.06480836236933799,20752.40924731183
C10756,36,High,Medium,Intermediate,2022-01-06,Germany,1350,31251,2025-09-16 18:10:22.663483,85,1758463.38,20687.8,14136.04,8768,103.15,81937.0,14,0.43,0.06296296296296296,20687.804470588235
C10757,34,Low,Low,Advanced,2023-01-21,Germany,970,5753,2025-09-16 18:10:22.663483,102,1992222.52,19531.59,12887.03,10361,101.58,17783.0,4,0.75,0.10515463917525773,19531.593333333334
C10758,38,Low,Very High,Beginner,2023-08-09,Australia,770,14627,2025-09-16 18:10:22.664481,102,2090417.27,20494.29,16271.36,10042,98.45,18309.0,2,0.5,0.13246753246753246,20494.286960784313
C10759,27,High,Very High,Advanced,2020-09-16,Japan,1827,32690,2025-09-16 18:10:22.664481,108,2275515.32,21069.59,14723.3,10716,99.22,65296.0,12,0.58,0.059113300492610835,21069.586296296296
C10760,46,High,Medium,Advanced,2023-02-17,Germany,943,38634,2025-09-16 18:10:22.665478,112,2359255.29,21064.78,15648.18,11225,100.22,65794.0,7,0.57,0.11876988335100742,21064.779375000002
C10761,20,Low,Very High,Advanced,2023-09-24,Canada,724,36084,2025-09-16 18:10:22.666475,80,1540935.12,19261.69,16899.88,7041,88.01,40563.0,2,1.0,0.11049723756906077,19261.689000000002
C10762,60,High,High,Intermediate,2023-12-02,USA,655,7551,2025-09-16 18:10:22.666475,109,2372432.5,21765.44,16927.7,11426,104.83,22371.0,4,0.5,0.166412213740458,21765.435779816515
C10763,31,High,High,Advanced,2023-04-07,UK,894,22608,2025-09-16 18:10:22.667473,83,1811648.17,21827.09,16300.68,8688,104.67,33397.0,4,0.5,0.09284116331096197,21827.086385542167
C10764,24,Medium,Medium,Advanced,2025-02-27,USA,202,48427,2025-09-16 18:10:22.667473,112,2179099.4,19456.24,13341.68,11032,98.5,61663.0,4,0.5,0.5544554455445545,19456.244642857142
C10765,38,High,Low,Intermediate,2024-02-20,USA,575,37750,2025-09-16 18:10:22.668470,115,2798230.71,24332.44,19541.38,11927,103.71,56746.0,7,0.43,0.2,24332.44095652174
C10766,44,Medium,Low,Advanced,2021-11-23,UK,1394,36218,2025-09-16 18:10:22.668979,107,2173911.1,20316.93,16289.89,10028,93.72,36218.0,1,1.0,0.07675753228120516,20316.9261682243
C10767,32,Medium,Low,Beginner,2024-08-17,UK,396,36237,2025-09-16 18:10:22.668979,90,1864214.16,20713.49,13187.37,9059,100.66,52927.0,6,0.67,0.22727272727272727,20713.490666666665
C10768,34,Low,High,Advanced,2025-06-18,Japan,91,35765,2025-09-16 18:10:22.669982,96,2217644.55,23100.46,17123.34,10418,108.52,35765.0,1,1.0,1.054945054945055,23100.4640625
C10769,19,High,Medium,Beginner,2022-04-23,Canada,1243,39318,2025-09-16 18:10:22.669982,108,2389558.84,22125.54,17118.31,11084,102.63,52988.0,6,0.5,0.08688656476267095,22125.544814814813
C10770,36,High,Medium,Intermediate,2020-02-26,UK,2030,34104,2025-09-16 18:10:22.670979,94,1993680.08,21209.36,13603.02,9798,104.23,72891.0,13,0.46,0.04630541871921182,21209.36255319149
C10771,64,High,High,Beginner,2025-06-13,USA,96,17772,2025-09-16 18:10:22.670979,93,2161180.27,23238.5,16800.51,9551,102.7,26264.0,2,1.0,0.96875,23238.49752688172
C10772,64,Low,Medium,Beginner,2024-11-19,Germany,302,43419,2025-09-16 18:10:22.671976,107,2511008.22,23467.37,15582.16,12417,116.05,43419.0,1,1.0,0.3543046357615894,23467.366542056076
C10773,43,Medium,High,Advanced,2020-05-29,USA,1937,18307,2025-09-16 18:10:22.671976,110,2289573.79,20814.31,16504.66,10355,94.14,61495.0,14,0.5,0.05678884873515746,20814.30718181818
C10774,40,High,Medium,Beginner,2022-11-02,Australia,1050,45798,2025-09-16 18:10:22.672974,92,1904080.3,20696.53,16067.42,8953,97.32,57880.0,5,0.8,0.08761904761904762,20696.525
C10775,31,Medium,Very High,Beginner,2021-09-09,Japan,1469,31794,2025-09-16 18:10:22.673971,97,1806251.01,18621.14,16036.16,8543,88.07,39720.0,2,1.0,0.06603131381892444,18621.14443298969
C10776,59,High,High,Intermediate,2023-10-31,Australia,687,27653,2025-09-16 18:10:22.673971,107,2249604.05,21024.34,17241.08,10492,98.06,52827.0,6,0.5,0.15574963609898107,21024.33691588785
C10777,18,High,Medium,Intermediate,2022-03-30,Canada,1267,12089,2025-09-16 18:10:22.674968,81,1738340.5,21460.99,14274.51,8636,106.62,31611.0,11,0.36,0.06393054459352802,21460.993827160495
C10778,50,High,High,Advanced,2025-04-04,Germany,166,13802,2025-09-16 18:10:22.674968,100,2293614.04,22936.14,18927.22,10228,102.28,25561.0,5,0.4,0.6024096385542169,22936.1404
C10779,38,Low,Low,Advanced,2020-09-16,Japan,1827,24740,2025-09-16 18:10:22.675966,94,2127548.69,22633.5,17867.71,9583,101.95,42140.0,5,0.6,0.051450465243568694,22633.49670212766
C10780,51,Low,Very High,Advanced,2022-02-22,Australia,1303,10760,2025-09-16 18:10:22.675966,107,2384529.18,22285.32,16520.44,11001,102.81,48329.0,8,0.75,0.08211818879508825,22285.319439252336
C10781,19,Low,High,Intermediate,2020-11-12,Germany,1770,40324,2025-09-16 18:10:22.676963,107,2373109.78,22178.6,14984.11,11548,107.93,94509.0,12,0.5,0.060451977401129946,22178.596074766352
C10782,62,Medium,Very High,Intermediate,2024-03-20,UK,546,24445,2025-09-16 18:10:22.678156,101,1864507.67,18460.47,13563.32,9219,91.28,41511.0,5,0.8,0.184981684981685,18460.471980198017
C10783,65,Low,Low,Advanced,2024-02-11,UK,584,16685,2025-09-16 18:10:22.678156,93,1875617.39,20167.93,16067.59,8475,91.13,29367.0,3,1.0,0.15924657534246575,20167.928924731183
C10784,59,High,Medium,Intermediate,2020-08-02,Australia,1872,22442,2025-09-16 18:10:22.679155,108,2367721.84,21923.35,15536.94,11130,103.06,97273.0,16,0.62,0.057692307692307696,21923.35037037037
C10785,21,Low,Low,Advanced,2020-07-20,USA,1885,13237,2025-09-16 18:10:22.680152,77,1703934.75,22129.02,16402.63,8164,106.03,13237.0,1,1.0,0.04084880636604774,22129.022727272728
C10786,47,Low,Medium,Intermediate,2025-07-07,Japan,72,22464,2025-09-16 18:10:22.680152,96,2222138.65,23147.28,16659.65,10402,108.35,22464.0,1,1.0,1.3333333333333333,23147.277604166666
C10787,55,Medium,Very High,Beginner,2025-12-12,Canada,-86,43209,2025-09-16 18:10:22.680152,87,1803335.73,20728.0,14719.13,8878,102.05,43209.0,1,1.0,87.0,20727.996896551726
C10788,62,Medium,High,Advanced,2020-12-02,Australia,1750,39941,2025-09-16 18:10:22.681149,95,2038426.69,21457.12,15213.53,9788,103.03,43188.0,2,0.5,0.054285714285714284,21457.123052631578
C10789,57,Medium,Medium,Advanced,2020-07-30,USA,1875,18529,2025-09-16 18:10:22.681149,101,2163684.99,21422.62,17164.47,10250,101.49,35843.0,6,0.67,0.05386666666666667,21422.62366336634
C10790,58,Medium,High,Advanced,2022-07-29,UK,1146,21044,2025-09-16 18:10:22.682147,104,2070396.35,19907.66,13491.07,10712,103.0,77011.0,12,0.5,0.09075043630017451,19907.657211538462
C10791,47,Medium,High,Advanced,2024-08-23,Canada,390,39432,2025-09-16 18:10:22.682147,106,2267841.7,21394.73,16636.96,11420,107.74,66434.0,7,0.57,0.2717948717948718,21394.733018867926
C10792,32,Medium,Low,Advanced,2022-04-19,UK,1247,47371,2025-09-16 18:10:22.683144,102,2235754.48,21919.16,14260.66,10481,102.75,52208.0,3,0.33,0.0817963111467522,21919.16156862745
C10793,28,High,Low,Beginner,2020-07-05,UK,1900,6481,2025-09-16 18:10:22.684141,108,2468362.66,22855.21,18759.82,11269,104.34,26028.0,7,0.29,0.056842105263157895,22855.209814814818
C10794,54,Medium,High,Beginner,2025-03-16,USA,185,32927,2025-09-16 18:10:22.684141,97,2252702.12,23223.73,16085.72,10136,104.49,32927.0,1,1.0,0.5243243243243243,23223.73319587629
C10795,37,High,High,Advanced,2022-09-07,UK,1106,9827,2025-09-16 18:10:22.685139,93,1830154.97,19679.09,13598.29,9061,97.43,9827.0,1,1.0,0.08408679927667269,19679.08569892473
C10796,48,High,High,Advanced,2024-09-25,Japan,357,30849,2025-09-16 18:10:22.685139,86,1858464.04,21610.05,17129.19,8795,102.27,30849.0,1,1.0,0.24089635854341737,21610.046976744186
C10797,31,Medium,High,Intermediate,2021-01-15,Australia,1706,20809,2025-09-16 18:10:22.685139,95,1953058.63,20558.51,16198.46,9164,96.46,56869.0,11,0.36,0.05568581477139507,20558.51189473684
C10798,53,Low,Medium,Intermediate,2023-05-17,UK,854,38177,2025-09-16 18:10:22.686136,86,1845710.01,21461.74,14846.57,8237,95.78,48361.0,6,0.5,0.10070257611241218,21461.74430232558
C10799,34,High,High,Intermediate,2020-03-05,Australia,2022,35323,2025-09-16 18:10:22.687133,103,2247088.87,21816.4,16110.64,10672,103.61,43262.0,2,1.0,0.050939663699307615,21816.396796116507
C10800,31,High,Medium,Beginner,2024-12-01,Japan,290,45798,2025-09-16 18:10:22.687133,86,1804914.28,20987.38,15118.79,9083,105.62,50018.0,2,1.0,0.296551724137931,20987.37534883721
C10801,64,Low,Medium,Intermediate,2024-08-19,Canada,394,16901,2025-09-16 18:10:22.687133,105,2487017.14,23685.88,16932.87,11414,108.7,22240.0,2,1.0,0.26649746192893403,23685.877523809526
C10802,28,High,Medium,Beginner,2023-01-17,Germany,974,23740,2025-09-16 18:10:22.688131,106,2163719.99,20412.45,16451.99,10627,100.25,64548.0,11,0.45,0.10882956878850103,20412.45273584906
C10803,31,Medium,Medium,Advanced,2020-11-20,UK,1762,44285,2025-09-16 18:10:22.689128,100,2079494.72,20794.95,15481.83,10418,104.18,56082.0,4,0.75,0.056753688989784334,20794.9472
C10804,18,Low,Low,Advanced,2021-04-30,Japan,1601,46446,2025-09-16 18:10:22.689128,96,2143645.49,22329.64,18922.83,9213,95.97,65558.0,5,0.8,0.059962523422860715,22329.640520833334
C10805,56,High,Low,Beginner,2022-05-15,USA,1221,14580,2025-09-16 18:10:22.690126,117,2151766.87,18391.17,15798.88,10367,88.61,57105.0,12,0.25,0.09582309582309582,18391.16982905983
C10806,37,High,Medium,Advanced,2024-03-26,Japan,540,12866,2025-09-16 18:10:22.690126,112,2635710.23,23533.13,17286.84,11837,105.69,14412.0,2,0.5,0.2074074074074074,23533.12705357143
C10807,22,Medium,Medium,Beginner,2021-02-24,Australia,1666,46240,2025-09-16 18:10:22.691123,87,1559346.15,17923.52,13510.91,8100,93.1,57014.0,5,0.6,0.05222088835534214,17923.51896551724
C10808,43,Medium,Low,Advanced,2023-11-23,UK,664,15097,2025-09-16 18:10:22.691123,98,1820334.47,18574.84,15598.15,8610,87.86,24304.0,4,0.25,0.14759036144578314,18574.841530612244
C10809,51,Low,Low,Advanced,2023-02-17,Australia,943,15678,2025-09-16 18:10:22.692120,115,2192173.57,19062.38,16067.32,10670,92.78,22307.0,2,1.0,0.12195121951219512,19062.378869565215
C10810,35,Low,Medium,Intermediate,2023-12-26,Canada,631,46614,2025-09-16 18:10:22.692120,113,2188988.66,19371.58,13303.61,11435,101.19,50614.0,3,0.33,0.179080824088748,19371.581061946905
C10811,43,Medium,Very High,Intermediate,2024-10-02,Canada,350,23837,2025-09-16 18:10:22.693118,106,2045708.31,19299.14,14386.43,10067,94.97,33582.0,3,1.0,0.3028571428571429,19299.135000000002
C10812,55,Medium,Very High,Intermediate,2025-11-21,Germany,-65,40585,2025-09-16 18:10:22.693118,94,1749015.67,18606.55,13897.96,8961,95.33,40585.0,1,1.0,94.0,18606.54968085106
C10813,33,Medium,Low,Intermediate,2023-12-17,Germany,640,29134,2025-09-16 18:10:22.694818,98,1879026.1,19173.74,13986.32,9219,94.07,48347.0,4,0.75,0.153125,19173.735714285714
C10814,18,High,Low,Beginner,2022-07-22,Japan,1153,39276,2025-09-16 18:10:22.695817,93,1373555.95,14769.42,11692.13,7439,79.99,52609.0,6,0.5,0.08065915004336513,14769.418817204301
C10815,68,High,Medium,Beginner,2023-03-10,UK,922,24319,2025-09-16 18:10:22.696817,114,2525702.82,22155.29,15801.11,12046,105.67,57656.0,9,0.56,0.12364425162689804,22155.28789473684
C10816,22,Medium,Very High,Beginner,2020-09-26,Japan,1817,20369,2025-09-16 18:10:22.696817,107,2412518.74,22546.9,17153.6,11287,105.49,39138.0,7,0.71,0.05888827738029719,22546.904112149536
C10817,50,High,Very High,Beginner,2024-07-09,Australia,435,11129,2025-09-16 18:10:22.697813,91,2175050.75,23901.66,19038.6,9694,106.53,30676.0,4,0.75,0.20919540229885059,23901.656593406595
C10818,62,Medium,Medium,Intermediate,2022-07-03,Japan,1172,40254,2025-09-16 18:10:22.697813,107,2317483.99,21658.73,16252.38,10412,97.31,75169.0,10,0.4,0.09129692832764505,21658.728878504677
C10819,42,High,High,Advanced,2025-01-16,UK,244,27623,2025-09-16 18:10:22.698810,101,2138095.36,21169.26,18625.11,9904,98.06,34967.0,3,0.33,0.4139344262295082,21169.26099009901
C10820,28,Low,Very High,Intermediate,2024-08-15,Japan,398,34362,2025-09-16 18:10:22.698810,97,2386276.42,24600.79,17141.45,11097,114.4,50087.0,5,0.6,0.24371859296482412,24600.787835051546
C10821,58,Low,Low,Intermediate,2020-03-21,UK,2006,28630,2025-09-16 18:10:22.699807,93,2066342.66,22218.74,18334.22,9366,100.71,28630.0,1,1.0,0.04636091724825524,22218.73827956989
C10822,24,Low,Very High,Intermediate,2023-06-07,Germany,833,23286,2025-09-16 18:10:22.699807,103,2118292.23,20565.94,17509.11,9229,89.6,58840.0,10,0.7,0.12364945978391356,20565.943980582524
C10823,24,High,Low,Advanced,2022-11-10,Germany,1042,11059,2025-09-16 18:10:22.700805,110,2389577.69,21723.43,18273.05,10542,95.84,52122.0,9,0.67,0.10556621880998081,21723.433545454543
C10824,46,Low,Low,Beginner,2023-10-26,Japan,692,37537,2025-09-16 18:10:22.701803,109,2131486.81,19554.92,16237.73,9961,91.39,50584.0,5,0.6,0.157514450867052,19554.92486238532
C10825,55,High,High,Advanced,2024-09-18,Canada,364,25526,2025-09-16 18:10:22.701803,99,1925455.13,19449.04,16482.02,8784,88.73,27647.0,2,1.0,0.27197802197802196,19449.041717171716
C10826,19,Medium,Very High,Advanced,2023-03-24,Germany,908,25378,2025-09-16 18:10:22.702800,96,2095871.13,21831.99,16081.27,9767,101.74,37983.0,3,1.0,0.10572687224669604,21831.9909375
C10827,58,High,Low,Intermediate,2023-05-21,USA,850,36616,2025-09-16 18:10:22.702800,99,2208921.38,22312.34,16712.56,10237,103.4,60768.0,5,0.8,0.11647058823529412,22312.337171717172
C10828,60,High,Very High,Intermediate,2024-01-09,Germany,617,24010,2025-09-16 18:10:22.703797,114,2262462.18,19846.16,15902.19,10986,96.37,24010.0,1,1.0,0.1847649918962723,19846.159473684213
C10829,51,Low,High,Intermediate,2025-05-06,Germany,134,8097,2025-09-16 18:10:22.703797,108,2325650.09,21533.8,17200.84,10287,95.25,8097.0,1,1.0,0.8059701492537313,21533.797129629627
C10830,33,High,Very High,Intermediate,2021-12-29,Germany,1358,8243,2025-09-16 18:10:22.704794,97,2105540.6,21706.6,18527.81,9347,96.36,21353.0,7,0.43,0.07142857142857142,21706.604123711342
C10831,52,Medium,Very High,Beginner,2021-10-31,Australia,1417,17114,2025-09-16 18:10:22.704794,94,2047558.3,21782.54,19858.32,9130,97.13,28690.0,4,0.75,0.06633733239237827,21782.53510638298
C10832,55,Low,High,Advanced,2020-09-13,Canada,1830,33946,2025-09-16 18:10:22.705791,110,2234570.59,20314.28,15399.09,10961,99.65,65924.0,10,0.3,0.060109289617486336,20314.27809090909
C10833,60,High,High,Advanced,2021-06-28,Japan,1542,17546,2025-09-16 18:10:22.705791,90,1926603.88,21406.71,14458.89,9795,108.83,61255.0,12,0.42,0.058365758754863814,21406.709777777778
C10834,46,High,Low,Intermediate,2025-03-19,Germany,182,34660,2025-09-16 18:10:22.706790,93,2076050.11,22323.12,14327.68,9968,107.18,34660.0,1,1.0,0.510989010989011,22323.119462365594
C10835,65,Low,Low,Advanced,2025-07-28,Germany,51,40121,2025-09-16 18:10:22.706790,108,2225047.88,20602.3,15378.15,10981,101.68,40121.0,1,1.0,2.1176470588235294,20602.295185185183
C10836,49,Low,Medium,Advanced,2020-05-11,UK,1955,48758,2025-09-16 18:10:22.707787,85,1769733.34,20820.39,15469.63,8725,102.65,70344.0,7,0.29,0.043478260869565216,20820.39223529412
C10837,52,Medium,Medium,Advanced,2020-06-22,USA,1913,15056,2025-09-16 18:10:22.707787,121,2823645.63,23335.91,18280.56,11874,98.13,34321.0,5,0.8,0.06325143753267119,23335.91429752066
C10838,45,Medium,High,Advanced,2021-05-19,USA,1582,10771,2025-09-16 18:10:22.708784,108,2266792.9,20988.82,15439.66,10640,98.52,32442.0,6,1.0,0.06826801517067003,20988.82314814815
C10839,52,Medium,Medium,Intermediate,2022-02-12,Japan,1313,40453,2025-09-16 18:10:22.708784,112,2141233.21,19118.15,14277.88,10840,96.79,64243.0,8,0.25,0.0853008377760853,19118.153660714284
C10840,33,Medium,Very High,Advanced,2023-01-18,Germany,973,13029,2025-09-16 18:10:22.710107,93,1951991.79,20989.16,14893.7,8910,95.81,25043.0,4,1.0,0.09558067831449127,20989.159032258063
C10841,67,Medium,Low,Beginner,2024-05-10,Australia,495,24090,2025-09-16 18:10:22.710107,101,2105236.1,20843.92,16451.04,9894,97.96,37374.0,4,0.5,0.20404040404040405,20843.92178217822
C10842,36,Low,Very High,Advanced,2025-04-02,USA,168,14267,2025-09-16 18:10:22.711455,90,2248873.92,24987.49,18292.32,9956,110.62,21907.0,2,1.0,0.5357142857142857,24987.487999999998
C10843,50,Medium,Medium,Advanced,2025-11-25,Japan,-69,26977,2025-09-16 18:10:22.712566,105,2132133.66,20306.03,16820.74,9731,92.68,26977.0,1,1.0,105.0,20306.03485714286
C10844,69,Low,High,Advanced,2021-05-17,USA,1584,13867,2025-09-16 18:10:22.712566,101,2147569.78,21263.07,15096.2,9885,97.87,57684.0,17,0.65,0.06376262626262626,21263.067128712868
C10845,38,Low,Medium,Beginner,2021-04-25,Canada,1606,20671,2025-09-16 18:10:22.713628,101,1964303.69,19448.55,12659.36,10063,99.63,39348.0,4,0.75,0.06288916562889166,19448.551386138613
C10846,30,High,Medium,Advanced,2021-08-09,Germany,1500,37998,2025-09-16 18:10:22.713628,110,2048362.55,18621.48,13397.05,10566,96.05,46604.0,3,1.0,0.07333333333333333,18621.477727272726
C10847,28,Medium,High,Intermediate,2021-07-29,Japan,1511,22837,2025-09-16 18:10:22.714688,109,2416892.28,22173.32,15807.5,11276,103.45,48661.0,6,0.83,0.07213765718067505,22173.32366972477
C10848,24,Low,High,Intermediate,2024-02-13,Canada,582,25218,2025-09-16 18:10:22.714688,97,2016596.63,20789.66,14744.04,9957,102.65,38228.0,6,0.67,0.16666666666666666,20789.65597938144
C10849,25,Low,Low,Intermediate,2024-02-22,Canada,573,41748,2025-09-16 18:10:22.715695,131,2888456.39,22049.29,16768.38,13753,104.98,45778.0,2,0.5,0.2286212914485166,22049.28541984733
C10850,57,Low,High,Intermediate,2025-04-06,Australia,164,27749,2025-09-16 18:10:22.715695,86,1855702.03,21577.93,17929.72,8518,99.05,27749.0,1,1.0,0.524390243902439,21577.93058139535
C10851,58,Medium,Very High,Intermediate,2022-06-28,Canada,1177,12209,2025-09-16 18:10:22.716699,111,2186390.97,19697.22,13820.11,10975,98.87,43861.0,8,0.62,0.09430756159728122,19697.215945945947
C10852,60,Low,Medium,Beginner,2023-12-08,UK,649,42794,2025-09-16 18:10:22.716699,130,2816163.63,21662.8,18090.35,12754,98.11,55837.0,6,0.67,0.20030816640986132,21662.797153846153
C10853,52,Medium,Medium,Advanced,2025-02-04,USA,225,13840,2025-09-16 18:10:22.717696,84,1917568.09,22828.19,19930.86,8767,104.37,13840.0,1,1.0,0.37333333333333335,22828.191547619048
C10854,32,Low,Medium,Beginner,2023-08-25,Germany,754,23293,2025-09-16 18:10:22.717696,101,2226378.56,22043.35,17501.09,10372,102.69,26387.0,3,0.33,0.13395225464190982,22043.35207920792
C10855,43,Low,Low,Beginner,2020-07-28,USA,1877,13157,2025-09-16 18:10:22.718693,103,2101881.53,20406.62,14210.48,10332,100.31,18098.0,2,1.0,0.05487480021310602,20406.6167961165
C10856,18,Low,Very High,Advanced,2025-10-06,Germany,-19,16199,2025-09-16 18:10:22.718693,106,1985689.8,18732.92,15133.98,9624,90.79,16199.0,1,1.0,106.0,18732.922641509434
C10857,67,Medium,Low,Advanced,2024-10-14,Australia,338,18827,2025-09-16 18:10:22.719690,100,2001497.56,20014.98,14137.5,10111,101.11,25235.0,3,0.33,0.2958579881656805,20014.9756
C10858,47,Low,Very High,Beginner,2021-10-01,Australia,1447,36994,2025-09-16 18:10:22.719690,110,2376408.73,21603.72,15760.42,11838,107.62,58959.0,9,0.67,0.07601935038009675,21603.715727272727
C10859,62,Medium,High,Intermediate,2024-08-03,Australia,410,48899,2025-09-16 18:10:22.720688,83,1654707.44,19936.23,14565.04,8522,102.67,48899.0,1,1.0,0.20243902439024392,19936.23421686747
C10860,21,High,High,Intermediate,2021-09-17,Australia,1461,19647,2025-09-16 18:10:22.721685,91,2251659.91,24743.52,17197.45,10232,112.44,29266.0,4,0.25,0.06228610540725531,24743.515494505496
C10861,47,High,High,Advanced,2025-08-21,Canada,27,46691,2025-09-16 18:10:22.721685,95,2029240.78,21360.43,15977.61,9514,100.15,46691.0,1,1.0,3.5185185185185186,21360.429263157894
C10862,58,Low,High,Intermediate,2021-01-17,USA,1704,35314,2025-09-16 18:10:22.722683,108,2338636.57,21654.04,13746.4,11516,106.63,45897.0,3,1.0,0.06338028169014084,21654.042314814815
C10863,55,Medium,Medium,Beginner,2025-07-18,Canada,61,27129,2025-09-16 18:10:22.722683,100,2008734.13,20087.34,14428.5,10287,102.87,27129.0,1,1.0,1.639344262295082,20087.3413
C10864,48,Low,Medium,Intermediate,2025-12-07,Canada,-81,40379,2025-09-16 18:10:22.723680,100,2079898.04,20798.98,16204.86,9368,93.68,40379.0,1,1.0,100.0,20798.9804
C10865,39,High,High,Beginner,2022-07-07,Australia,1168,12658,2025-09-16 18:10:22.723680,85,1597980.38,18799.77,15006.84,7690,90.47,31935.0,5,0.8,0.07277397260273973,18799.76917647059
C10866,37,Medium,Medium,Advanced,2021-05-09,Japan,1592,42733,2025-09-16 18:10:22.724678,87,1682785.45,19342.36,15357.9,8380,96.32,101108.0,17,0.35,0.05464824120603015,19342.361494252873
C10867,51,High,Medium,Intermediate,2022-04-18,Germany,1248,24755,2025-09-16 18:10:22.724678,105,2239782.21,21331.26,16659.78,10872,103.54,60773.0,9,0.56,0.08413461538461539,21331.259142857143
C10868,45,Medium,Medium,Intermediate,2021-08-28,Germany,1481,16329,2025-09-16 18:10:22.725676,94,1974499.83,21005.32,14841.34,9614,102.28,31766.0,4,0.75,0.06347062795408508,21005.317340425532
C10869,67,High,Very High,Advanced,2023-03-31,UK,901,42515,2025-09-16 18:10:22.725676,99,2096665.52,21178.44,16881.53,10358,104.63,50825.0,3,1.0,0.10987791342952276,21178.439595959597
C10870,44,Low,Medium,Advanced,2020-08-14,Canada,1860,15597,2025-09-16 18:10:22.726673,113,1994329.58,17648.93,13190.44,10049,88.93,80655.0,15,0.6,0.06075268817204301,17648.934336283186
C10871,70,Low,Low,Advanced,2025-07-21,USA,58,42326,2025-09-16 18:10:22.727784,113,2131529.12,18863.09,14385.11,10497,92.89,42326.0,1,1.0,1.9482758620689655,18863.089557522126
C10872,46,High,Very High,Beginner,2022-10-24,Canada,1059,22187,2025-09-16 18:10:22.728231,110,2264540.1,20586.73,15099.89,11254,102.31,49479.0,7,0.71,0.10387157695939565,20586.728181818184
C10873,46,Low,High,Advanced,2023-10-17,Germany,701,46446,2025-09-16 18:10:22.729268,86,1826593.25,21239.46,15346.45,9304,108.19,52177.0,2,1.0,0.12268188302425106,21239.456395348836
C10874,32,Medium,Low,Beginner,2020-04-10,Australia,1986,6587,2025-09-16 18:10:22.729268,81,1961852.06,24220.4,15572.5,9585,118.33,49038.0,14,0.71,0.04078549848942598,24220.39580246914
C10875,38,High,High,Advanced,2020-11-02,UK,1780,44467,2025-09-16 18:10:22.730264,92,1874940.91,20379.79,17313.25,9228,100.3,55643.0,3,1.0,0.051685393258426963,20379.7925
C10876,61,Low,Low,Intermediate,2024-07-14,Japan,430,48871,2025-09-16 18:10:22.730264,103,2071377.44,20110.46,14514.59,9965,96.75,48871.0,1,1.0,0.23953488372093024,20110.460582524272
C10877,45,Medium,High,Advanced,2020-02-06,Germany,2050,26909,2025-09-16 18:10:22.731262,112,2307824.78,20605.58,15874.57,11335,101.21,107650.0,21,0.57,0.054634146341463415,20605.57839285714
C10878,38,Medium,Very High,Intermediate,2022-05-05,Germany,1231,18896,2025-09-16 18:10:22.731262,114,2628425.58,23056.36,16033.04,11810,103.6,39268.0,7,0.43,0.0926076360682372,23056.364736842104
C10879,68,High,Very High,Intermediate,2022-12-23,USA,999,34850,2025-09-16 18:10:22.732259,86,1791709.17,20833.83,16871.62,8535,99.24,41039.0,3,0.33,0.08608608608608609,20833.827558139536
C10880,18,Low,Very High,Beginner,2020-09-03,Canada,1840,5836,2025-09-16 18:10:22.733256,82,1793755.07,21875.06,14331.04,8566,104.46,53896.96,15,0.47,0.04456521739130435,21875.061829268292
C10881,35,Medium,Medium,Advanced,2021-10-12,UK,1436,12576,2025-09-16 18:10:22.733256,103,2207792.17,21434.88,15888.18,10438,101.34,26874.0,7,0.43,0.07172701949860724,21434.875436893202
C10882,54,Medium,High,Beginner,2023-02-08,Japan,952,49625,2025-09-16 18:10:22.734253,84,1841222.2,21919.31,17644.65,7905,94.11,59217.0,4,0.5,0.08823529411764706,21919.311904761904
C10883,42,Medium,Very High,Advanced,2020-01-21,UK,2066,48799,2025-09-16 18:10:22.734253,86,1810922.8,21057.24,17465.82,8342,97.0,76618.0,8,0.75,0.041626331074540175,21057.241860465117
C10884,32,Low,Low,Intermediate,2021-06-28,Germany,1542,44074,2025-09-16 18:10:22.735251,94,1870144.32,19895.15,15803.06,9116,96.98,53283.0,4,0.5,0.0609597924773022,19895.15234042553
C10885,62,High,Very High,Intermediate,2024-01-03,UK,623,40620,2025-09-16 18:10:22.735251,107,2494545.82,23313.51,15650.21,11754,109.85,42355.0,2,0.5,0.17174959871589085,23313.512336448595
C10886,67,Low,Very High,Beginner,2025-07-16,UK,63,10276,2025-09-16 18:10:22.736248,105,2224657.03,21187.21,15583.29,11138,106.08,10276.0,1,1.0,1.6666666666666667,21187.209809523807
C10887,43,Medium,Very High,Intermediate,2020-09-11,Japan,1832,13623,2025-09-16 18:10:22.737246,86,1964245.86,22840.07,16962.09,9548,111.02,64560.0,17,0.47,0.04694323144104803,22840.068139534884
C10888,69,High,Low,Advanced,2020-06-15,Canada,1920,21044,2025-09-16 18:10:22.737246,93,1990702.22,21405.4,15513.69,9498,102.13,21504.0,2,0.5,0.0484375,21405.400215053764
C10889,28,High,High,Advanced,2024-10-11,Canada,341,22018,2025-09-16 18:10:22.738243,97,2449207.07,25249.56,16362.91,10628,109.57,31102.0,2,1.0,0.2844574780058651,25249.55742268041
C10890,18,High,Very High,Beginner,2022-06-15,Germany,1190,31312,2025-09-16 18:10:22.738243,110,2299190.22,20901.73,15001.71,11183,101.66,57094.0,9,0.56,0.09243697478991597,20901.729272727276
C10891,68,Medium,Low,Intermediate,2022-11-19,USA,1033,5109,2025-09-16 18:10:22.739240,104,2201855.44,21171.69,15020.81,10776,103.62,14163.0,2,1.0,0.10067763794772508,21171.686923076923
C10892,32,High,Low,Beginner,2022-06-30,UK,1175,49150,2025-09-16 18:10:22.739240,121,2695137.25,22273.86,15322.11,13087,108.16,49150.0,1,1.0,0.10297872340425532,22273.861570247933
C10893,26,High,Low,Intermediate,2025-01-27,USA,233,19407,2025-09-16 18:10:22.740238,99,2114231.57,21355.87,16558.62,10913,110.23,42410.0,4,0.75,0.4248927038626609,21355.874444444442
C10894,54,High,Low,Beginner,2023-09-30,Australia,718,12538,2025-09-16 18:10:22.740238,101,2111720.31,20908.12,15294.55,10174,100.73,15865.0,2,1.0,0.14066852367688024,20908.12188118812
C10895,34,High,High,Beginner,2020-06-25,Australia,1910,20008,2025-09-16 18:10:22.741236,102,2101740.93,20605.3,14801.06,10051,98.54,51013.0,10,0.3,0.05340314136125655,20605.30323529412
C10896,21,High,Low,Advanced,2024-09-30,USA,352,48121,2025-09-16 18:10:22.742232,112,2463197.79,21992.84,16845.54,11543,103.06,54489.0,2,1.0,0.3181818181818182,21992.837410714284
C10897,42,High,High,Advanced,2021-12-16,Canada,1371,36799,2025-09-16 18:10:22.742232,97,1971559.71,20325.36,15698.09,9228,95.13,36799.0,1,1.0,0.07075127644055434,20325.357835051545
C10898,51,Low,High,Beginner,2020-03-28,Japan,1999,36430,2025-09-16 18:10:22.742232,84,1866096.06,22215.43,18034.44,8135,96.85,36430.0,1,1.0,0.04202101050525263,22215.429285714286
C10899,36,Low,Very High,Advanced,2025-12-14,Canada,-88,22173,2025-09-16 18:10:22.743230,112,2308292.63,20609.76,16609.21,10922,97.52,22173.0,1,1.0,112.0,20609.755624999998
C10900,51,High,Low,Intermediate,2025-12-21,UK,-95,12500,2025-09-16 18:10:22.744248,81,1698994.93,20975.25,16862.17,7853,96.95,12500.0,1,1.0,81.0,20975.246049382717
C10901,46,Low,High,Advanced,2021-07-30,Australia,1510,10281,2025-09-16 18:10:22.744754,79,1572593.36,19906.25,14592.05,8048,101.87,35934.0,9,0.56,0.05231788079470199,19906.245063291142
C10902,26,Medium,Medium,Beginner,2025-10-17,Australia,-30,18698,2025-09-16 18:10:22.745795,96,2229201.59,23220.85,15685.43,10763,112.11,18698.0,1,1.0,96.0,23220.849895833333
C10903,41,Medium,Medium,Intermediate,2024-10-29,UK,323,42806,2025-09-16 18:10:22.745795,107,2333160.39,21805.24,16561.95,10941,102.25,62147.0,5,0.6,0.33126934984520123,21805.23728971963
C10904,26,High,High,Intermediate,2024-11-09,USA,312,10761,2025-09-16 18:10:22.746792,86,2034287.17,23654.5,16229.07,9861,114.66,10761.0,1,1.0,0.27564102564102566,23654.501976744185
C10905,52,Medium,Low,Beginner,2025-05-13,Canada,127,7900,2025-09-16 18:10:22.746792,99,1994276.09,20144.2,16004.62,9391,94.86,7900.0,1,1.0,0.7795275590551181,20144.20292929293
C10906,23,Low,Medium,Beginner,2023-01-24,UK,967,42553,2025-09-16 18:10:22.747789,103,2130986.29,20689.19,16850.82,10205,99.08,59094.0,4,0.75,0.10651499482936919,20689.187281553397
C10907,53,Low,Medium,Beginner,2020-06-19,USA,1916,41370,2025-09-16 18:10:22.747789,84,1807382.14,21516.45,16772.86,8628,102.71,61685.0,8,0.38,0.04384133611691023,21516.454047619045
C10908,41,Low,Medium,Advanced,2025-05-12,Canada,128,29033,2025-09-16 18:10:22.748787,86,1918281.32,22305.6,14855.3,9214,107.14,31263.0,3,0.67,0.671875,22305.59674418605
C10909,42,High,Low,Advanced,2021-04-01,USA,1630,44360,2025-09-16 18:10:22.748787,96,1823942.99,18999.41,13471.57,9338,97.27,81805.0,10,0.6,0.05889570552147239,18999.406145833334
C10910,21,High,High,Advanced,2023-02-26,UK,934,35171,2025-09-16 18:10:22.749783,103,2187988.74,21242.61,16873.64,10256,99.57,52461.0,4,1.0,0.11027837259100642,21242.609126213596
C10911,38,High,Low,Advanced,2020-03-02,USA,2025,34644,2025-09-16 18:10:22.749783,123,2453382.0,19946.2,15512.78,12239,99.5,55627.0,6,0.5,0.06074074074074074,19946.19512195122
C10912,34,High,High,Beginner,2024-04-29,Canada,506,41320,2025-09-16 18:10:22.750781,82,1650545.07,20128.6,14050.19,8053,98.21,66095.0,5,0.8,0.16205533596837945,20128.598414634147
C10913,47,Low,Low,Advanced,2020-12-11,Canada,1741,35742,2025-09-16 18:10:22.750781,98,1820289.22,18574.38,14621.93,8704,88.82,43548.0,5,0.4,0.056289488799540495,18574.37979591837
C10914,20,Low,Medium,Beginner,2022-09-27,UK,1086,13831,2025-09-16 18:10:22.751779,101,2236683.97,22145.39,16213.33,10131,100.31,29716.0,5,0.6,0.09300184162062615,22145.38584158416
C10915,42,Medium,Medium,Intermediate,2023-02-09,UK,951,29899,2025-09-16 18:10:22.751779,104,2058089.18,19789.32,14852.68,9784,94.08,58400.0,10,0.5,0.10935856992639327,19789.319038461537
C10916,69,Low,Low,Intermediate,2020-11-14,Germany,1768,24142,2025-09-16 18:10:22.752776,87,2010831.85,23113.01,15427.32,9542,109.68,70656.0,13,0.54,0.04920814479638009,23113.009770114943
C10917,55,Medium,Medium,Beginner,2023-05-26,Japan,845,9359,2025-09-16 18:10:22.752776,84,1741725.82,20734.83,15208.33,8082,96.21,13427.0,3,0.33,0.09940828402366864,20734.83119047619
C10918,28,Low,High,Intermediate,2025-05-16,UK,124,11875,2025-09-16 18:10:22.753779,95,2224403.48,23414.77,16213.37,10194,107.31,19306.0,3,0.67,0.7661290322580645,23414.77347368421
C10919,21,Medium,Medium,Advanced,2021-11-09,Canada,1408,25446,2025-09-16 18:10:22.754802,100,2302691.14,23026.91,18304.72,9791,97.91,74761.0,15,0.6,0.07102272727272728,23026.9114
C10920,66,Medium,Medium,Advanced,2022-11-26,UK,1026,25851,2025-09-16 18:10:22.754802,113,2350054.79,20796.95,17180.87,10764,95.26,26249.0,2,0.5,0.1101364522417154,20796.945044247786
C10921,45,Low,Medium,Intermediate,2022-06-04,Japan,1201,25988,2025-09-16 18:10:22.755774,90,1835513.56,20394.6,15691.62,8543,94.92,62129.0,13,0.38,0.0749375520399667,20394.595111111114
C10922,67,Medium,High,Advanced,2022-08-11,USA,1133,10738,2025-09-16 18:10:22.755774,101,2225895.34,22038.57,16951.98,10204,101.03,44588.0,11,0.36,0.08914386584289496,22038.567722772277
C10923,54,Medium,Very High,Advanced,2025-11-15,Japan,-59,19647,2025-09-16 18:10:22.756771,100,1967587.9,19675.88,13400.26,10282,102.82,19647.0,1,1.0,100.0,19675.879
C10924,41,Low,Medium,Advanced,2025-09-11,Canada,6,31138,2025-09-16 18:10:22.756771,109,2315098.68,21239.44,16779.9,10743,98.56,31138.0,1,1.0,18.166666666666668,21239.437431192662
C10925,38,Low,Very High,Intermediate,2020-06-18,UK,1917,7188,2025-09-16 18:10:22.757769,78,1680351.09,21542.96,17085.71,8093,103.76,7188.0,1,1.0,0.0406885758998435,21542.962692307694
C10926,64,Medium,High,Advanced,2023-12-14,Australia,643,46313,2025-09-16 18:10:22.757769,95,1729176.79,18201.86,12236.05,9186,96.69,61391.0,4,0.5,0.14774494556765164,18201.860947368423
C10927,45,Low,High,Intermediate,2024-09-18,USA,364,29246,2025-09-16 18:10:22.758766,117,2582885.1,22075.94,18268.95,11687,99.89,41341.0,5,0.4,0.32142857142857145,22075.941025641026
C10928,51,Low,Medium,Advanced,2024-10-30,Canada,322,15681,2025-09-16 18:10:22.758766,98,2090357.16,21330.18,17794.29,9535,97.3,15681.0,1,1.0,0.30434782608695654,21330.175102040816
C10929,27,Low,Low,Intermediate,2021-09-20,USA,1458,41442,2025-09-16 18:10:22.759763,89,1819307.33,20441.66,16569.12,8645,97.13,58294.0,7,0.43,0.061042524005486966,20441.65539325843
C10930,70,Low,Very High,Intermediate,2020-04-25,Germany,1971,30821,2025-09-16 18:10:22.760760,84,1919015.28,22845.42,20435.74,8389,99.87,49915.0,6,0.83,0.0426179604261796,22845.420000000002
C10931,21,Medium,High,Intermediate,2025-04-17,Canada,153,16774,2025-09-16 18:10:22.761464,100,1814827.67,18148.28,14922.49,8874,88.74,18615.0,2,0.5,0.6535947712418301,18148.2767
C10932,57,Medium,High,Intermediate,2021-01-12,UK,1709,12856,2025-09-16 18:10:22.762508,116,2529254.71,21803.92,16615.54,11295,97.37,35703.4,14,0.36,0.06787595084844938,21803.919913793103
C10933,57,High,Low,Beginner,2020-10-23,Japan,1790,16509,2025-09-16 18:10:22.762508,113,2494788.73,22077.78,18846.78,11168,98.83,87956.0,18,0.56,0.06312849162011173,22077.776371681415
C10934,26,Low,Low,Advanced,2024-05-21,Canada,484,21274,2025-09-16 18:10:22.763504,93,1885514.44,20274.35,15554.62,9268,99.66,42587.0,7,0.57,0.1921487603305785,20274.3488172043
C10935,28,Medium,High,Intermediate,2022-11-23,UK,1029,26382,2025-09-16 18:10:22.763504,83,1873040.4,22566.75,15789.07,8979,108.18,34679.0,5,0.2,0.08066083576287658,22566.751807228913
C10936,24,High,Very High,Intermediate,2020-01-18,Australia,2069,9816,2025-09-16 18:10:22.764502,101,2009516.17,19896.2,15081.9,9953,98.54,49315.0,10,0.5,0.04881585306911552,19896.199702970298
C10937,30,Medium,Low,Intermediate,2022-10-13,Canada,1070,22952,2025-09-16 18:10:22.764502,99,1912025.41,19313.39,14767.46,9969,100.7,32724.0,5,0.6,0.09252336448598131,19313.38797979798
C10938,27,Medium,Medium,Beginner,2022-10-01,USA,1082,14219,2025-09-16 18:10:22.765499,98,1978929.18,20193.15,16990.58,9557,97.52,22548.0,3,0.67,0.09057301293900184,20193.154897959183
C10939,19,High,Very High,Intermediate,2021-04-04,Canada,1627,19232,2025-09-16 18:10:22.765499,100,2423637.53,24236.38,16857.59,10986,109.86,62486.0,12,0.33,0.06146281499692686,24236.3753
C10940,35,Low,Very High,Intermediate,2020-07-09,Canada,1896,16379,2025-09-16 18:10:22.766496,104,2127215.63,20454.0,17342.61,10216,98.23,43848.0,7,0.86,0.05485232067510549,20453.996442307693
C10941,35,High,High,Beginner,2020-03-14,Canada,2013,9574,2025-09-16 18:10:22.766496,95,2025284.28,21318.78,17455.61,8957,94.28,82520.0,18,0.5,0.04719324391455539,21318.781894736843
C10942,69,Medium,High,Advanced,2022-03-31,Germany,1266,38696,2025-09-16 18:10:22.767494,82,1650843.62,20132.24,13809.07,8208,100.1,54322.0,5,0.4,0.06477093206951026,20132.239268292684
C10943,50,High,Medium,Beginner,2022-04-10,USA,1256,22013,2025-09-16 18:10:22.768491,96,2060784.92,21466.51,16068.07,9437,98.3,47384.0,9,0.22,0.07643312101910828,21466.509583333333
C10944,23,Low,Medium,Advanced,2025-02-08,Germany,221,42160,2025-09-16 18:10:22.768998,93,2007909.57,21590.43,15074.51,9354,100.58,42160.0,1,1.0,0.42081447963800905,21590.425483870968
C10945,25,Medium,Medium,Beginner,2023-09-26,USA,722,31421,2025-09-16 18:10:22.768998,86,1801100.03,20943.02,15440.66,8802,102.35,51410.0,6,0.67,0.11911357340720222,20943.023604651164
C10946,61,Low,Very High,Advanced,2021-08-01,UK,1508,23943,2025-09-16 18:10:22.770000,108,2408779.55,22303.51,16184.24,11159,103.32,48486.0,8,0.38,0.07161803713527852,22303.51435185185
C10947,52,Medium,High,Advanced,2024-01-11,Germany,615,6283,2025-09-16 18:10:22.770000,107,2147777.82,20072.69,14892.44,10403,97.22,10805.0,2,1.0,0.17398373983739837,20072.689906542055
C10948,27,High,Very High,Advanced,2023-10-04,UK,714,23457,2025-09-16 18:10:22.770997,108,2368869.5,21933.98,16682.86,11302,104.65,23457.0,1,1.0,0.15126050420168066,21933.97685185185
C10949,45,Low,Medium,Advanced,2023-03-21,Germany,911,49704,2025-09-16 18:10:22.770997,105,2266154.18,21582.42,17791.15,10623,101.17,84852.0,8,0.75,0.11525795828759605,21582.420761904763
C10950,59,Medium,Low,Beginner,2021-07-29,USA,1511,10486,2025-09-16 18:10:22.771995,96,2294226.92,23898.2,17758.26,10129,105.51,37480.0,10,0.5,0.06353408338848444,23898.197083333333
C10951,60,Low,Medium,Intermediate,2024-10-23,Japan,329,46061,2025-09-16 18:10:22.771995,104,2423365.58,23301.59,16678.54,11079,106.53,49788.0,3,0.33,0.3161094224924012,23301.592115384618
C10952,57,Low,High,Advanced,2022-01-27,UK,1329,9432,2025-09-16 18:10:22.772993,104,2328664.12,22391.0,15957.42,10797,103.82,47613.0,12,0.42,0.0782543265613243,22391.001153846155
C10953,51,Medium,Medium,Intermediate,2024-05-27,Germany,478,27543,2025-09-16 18:10:22.772993,93,1991969.89,21419.03,17115.33,9443,101.54,38336.0,4,0.75,0.19456066945606695,21419.031075268816
C10954,42,High,Medium,Advanced,2020-05-04,UK,1962,29612,2025-09-16 18:10:22.773990,107,2200640.67,20566.74,15042.62,10417,97.36,82565.0,13,0.62,0.0545361875637105,20566.73523364486
C10955,40,Low,High,Intermediate,2022-11-15,Germany,1037,11800,2025-09-16 18:10:22.774987,106,2075263.36,19577.96,14928.34,10495,99.01,25343.0,4,1.0,0.10221793635486982,19577.956226415095
C10956,31,Low,Medium,Intermediate,2023-11-23,USA,664,25935,2025-09-16 18:10:22.774987,94,2069493.53,22015.89,15123.71,9964,106.0,48757.0,5,0.6,0.14156626506024098,22015.888617021275
C10957,66,High,High,Intermediate,2022-05-17,Canada,1219,18420,2025-09-16 18:10:22.775984,98,2256609.4,23026.63,16855.72,10305,105.15,51242.0,10,0.6,0.08039376538146022,23026.626530612244
C10958,45,Low,Low,Intermediate,2024-12-14,USA,277,9814,2025-09-16 18:10:22.775984,107,2132592.58,19930.77,14704.43,10386,97.07,18156.0,2,1.0,0.3862815884476534,19930.771775700934
C10959,33,Medium,High,Beginner,2020-05-08,Canada,1958,45553,2025-09-16 18:10:22.777780,95,2021628.37,21280.3,17281.43,9342,98.34,74877.0,11,0.45,0.04851889683350358,21280.29863157895
C10960,60,Medium,Medium,Advanced,2022-03-14,Germany,1283,31569,2025-09-16 18:10:22.778105,113,2516777.28,22272.37,18146.69,11284,99.86,33721.0,4,0.25,0.08807482462977397,22272.365309734512
C10961,70,High,Low,Advanced,2023-09-17,Japan,731,42121,2025-09-16 18:10:22.779140,93,2141983.68,23032.08,16841.7,9613,103.37,46448.0,2,0.5,0.12722298221614228,23032.082580645165
C10962,66,High,Medium,Beginner,2023-06-07,USA,833,29844,2025-09-16 18:10:22.779140,81,1787587.01,22068.98,16380.36,8432,104.1,60174.0,6,0.67,0.09723889555822329,22068.975432098767
C10963,51,Low,High,Beginner,2023-08-27,Canada,752,45834,2025-09-16 18:10:22.780137,98,2078258.86,21206.72,17559.3,9990,101.94,45834.0,1,1.0,0.13031914893617022,21206.72306122449
C10964,24,Medium,Very High,Intermediate,2025-03-29,Australia,172,19272,2025-09-16 18:10:22.780137,97,2298588.83,23696.79,16035.9,9920,102.27,19272.0,1,1.0,0.563953488372093,23696.79206185567
C10965,69,Medium,Medium,Beginner,2023-10-05,Japan,713,27663,2025-09-16 18:10:22.780137,102,2273623.22,22290.42,16159.22,10564,103.57,47908.0,5,0.8,0.14305750350631136,22290.423725490196
C10966,21,Low,Low,Advanced,2024-02-10,USA,585,41310,2025-09-16 18:10:22.781134,99,2167823.59,21897.21,15401.97,10563,106.7,58205.0,6,0.33,0.16923076923076924,21897.20797979798
C10967,50,Low,Medium,Intermediate,2024-05-04,Japan,501,47997,2025-09-16 18:10:22.782131,95,2059887.05,21683.02,16349.79,9983,105.08,53517.0,2,1.0,0.18962075848303392,21683.02157894737
C10968,57,High,Low,Intermediate,2025-07-26,Australia,53,34273,2025-09-16 18:10:22.782131,97,2319423.78,23911.59,19371.73,10233,105.49,34273.0,1,1.0,1.830188679245283,23911.58536082474
C10969,50,Low,Medium,Intermediate,2022-10-14,USA,1069,20245,2025-09-16 18:10:22.783129,110,2447229.71,22247.54,15763.24,11170,101.55,20245.0,1,1.0,0.1028999064546305,22247.542818181817
C10970,70,High,Low,Intermediate,2022-05-01,UK,1235,38965,2025-09-16 18:10:22.783129,101,2170801.18,21493.08,16330.55,10450,103.47,61862.0,6,0.83,0.08178137651821862,21493.08099009901
C10971,65,Medium,Medium,Advanced,2022-10-04,USA,1079,32229,2025-09-16 18:10:22.784126,94,2123335.63,22588.68,17661.0,9808,104.34,52703.0,8,0.75,0.0871177015755329,22588.676914893615
C10972,63,High,Medium,Intermediate,2023-07-27,Japan,783,13521,2025-09-16 18:10:22.784126,100,2274332.37,22743.32,16869.1,10580,105.8,22484.0,5,0.6,0.1277139208173691,22743.3237
C10973,21,Medium,Very High,Beginner,2024-06-16,Australia,458,26553,2025-09-16 18:10:22.785124,98,2074638.01,21169.78,14929.7,10653,108.7,31636.0,3,0.33,0.21397379912663755,21169.7756122449
C10974,35,High,Low,Intermediate,2025-04-28,USA,142,7496,2025-09-16 18:10:22.785124,102,2124311.06,20826.58,16647.2,10380,101.76,7496.0,1,1.0,0.7183098591549296,20826.579019607845
C10975,51,High,Low,Beginner,2024-05-18,Australia,487,20164,2025-09-16 18:10:22.786120,112,2398865.32,21418.44,17661.08,10605,94.69,20164.0,1,1.0,0.2299794661190965,21418.440357142856
C10976,42,Low,High,Beginner,2024-08-09,USA,404,43455,2025-09-16 18:10:22.786120,102,2508198.93,24590.19,18653.72,10459,102.54,43455.0,1,1.0,0.2524752475247525,24590.185588235297
C10977,61,High,High,Advanced,2025-07-24,USA,55,43454,2025-09-16 18:10:22.787154,80,1649220.46,20615.26,15224.63,7703,96.29,43454.0,1,1.0,1.4545454545454546,20615.25575
C10978,64,Low,Low,Intermediate,2020-01-01,UK,2086,21188,2025-09-16 18:10:22.787154,85,1745237.7,20532.21,16995.06,8406,98.89,76441.0,19,0.37,0.04074784276126558,20532.208235294118
C10979,64,Low,Very High,Beginner,2023-12-03,Canada,654,6756,2025-09-16 18:10:22.788150,98,2144677.0,21884.46,14449.24,10396,106.08,36583.0,10,0.6,0.14984709480122324,21884.45918367347
C10980,33,Medium,Low,Beginner,2024-02-04,USA,591,47706,2025-09-16 18:10:22.788150,119,2554748.6,21468.48,16606.76,11918,100.15,47706.0,1,1.0,0.20135363790186125,21468.475630252102
C10981,28,High,Medium,Beginner,2020-02-16,Canada,2040,49652,2025-09-16 18:10:22.789152,89,1815913.07,20403.52,14910.22,9333,104.87,64071.0,5,0.6,0.043627450980392155,20403.517640449438
C10982,67,Medium,Low,Intermediate,2024-06-24,USA,450,19772,2025-09-16 18:10:22.789152,114,2202472.01,19319.93,15748.25,10884,95.47,24541.0,2,0.5,0.25333333333333335,19319.9299122807
C10983,70,High,High,Advanced,2024-04-13,Germany,522,24644,2025-09-16 18:10:22.790151,115,2680413.36,23307.94,18490.06,11907,103.54,32427.0,3,1.0,0.22030651340996169,23307.942260869564
C10984,23,Medium,High,Beginner,2024-11-16,USA,305,27091,2025-09-16 18:10:22.790151,124,2307056.74,18605.3,14056.63,11143,89.86,27091.0,1,1.0,0.4065573770491803,18605.29629032258
C10985,58,Medium,Medium,Intermediate,2025-08-20,Japan,28,36340,2025-09-16 18:10:22.791151,103,2310784.9,22434.8,17724.06,10598,102.89,36340.0,1,1.0,3.6785714285714284,22434.804854368933
C10986,56,Medium,High,Intermediate,2021-06-09,Canada,1561,40284,2025-09-16 18:10:22.791151,122,3226368.89,26445.65,18167.35,14019,114.91,85767.0,11,0.55,0.07815502882767457,26445.646639344264
C10987,29,Low,High,Advanced,2022-07-21,Australia,1154,8278,2025-09-16 18:10:22.792146,112,2349528.16,20977.93,17558.08,10919,97.49,40906.0,10,0.8,0.09705372616984402,20977.93
C10988,46,High,Medium,Intermediate,2025-08-01,Japan,47,8071,2025-09-16 18:10:22.792146,91,1928057.89,21187.45,14569.94,9382,103.1,8071.0,1,1.0,1.9361702127659575,21187.44934065934
C10989,48,Medium,Very High,Beginner,2023-02-21,Germany,939,20424,2025-09-16 18:10:22.793141,113,2479382.18,21941.44,18325.21,11288,99.89,46531.0,8,0.38,0.12034078807241747,21941.43522123894
C10990,63,Low,Low,Intermediate,2021-03-20,Germany,1642,25234,2025-09-16 18:10:22.793141,106,2293159.28,21633.58,15358.99,10860,102.45,29926.0,2,0.5,0.06455542021924482,21633.578113207546
C10991,50,High,High,Advanced,2021-01-23,UK,1698,38252,2025-09-16 18:10:22.795132,101,2013526.83,19935.91,12644.97,10373,102.7,51306.0,4,1.0,0.059481743227326266,19935.90920792079
C10992,40,Medium,Medium,Advanced,2020-11-15,Germany,1767,6091,2025-09-16 18:10:22.795132,96,1989927.3,20728.41,17033.93,8955,93.28,44910.0,15,0.4,0.05432937181663837,20728.409375
C10993,25,Low,High,Intermediate,2023-07-31,Canada,779,27547,2025-09-16 18:10:22.796129,114,2477937.2,21736.29,15807.55,11411,100.1,47216.0,6,0.67,0.14634146341463414,21736.29122807018
C10994,34,Medium,Medium,Intermediate,2022-10-12,Germany,1071,41948,2025-09-16 18:10:22.796129,102,2200588.9,21574.4,16175.11,10366,101.63,41948.0,1,1.0,0.09523809523809523,21574.400980392154
C10995,59,High,Medium,Intermediate,2022-09-20,Japan,1093,7270,2025-09-16 18:10:22.797127,100,2338114.39,23381.14,17317.24,10557,105.57,7270.0,1,1.0,0.09149130832570906,23381.143900000003
C10996,31,Medium,Medium,Intermediate,2020-03-03,UK,2024,29619,2025-09-16 18:10:22.797127,102,2490578.85,24417.44,19656.33,10479,102.74,41781.0,4,0.5,0.05039525691699605,24417.439705882352
C10997,45,Low,Very High,Beginner,2022-09-24,Canada,1089,34519,2025-09-16 18:10:22.798124,103,2010217.29,19516.67,14999.11,9865,95.78,42118.0,3,0.67,0.0945821854912764,19516.672718446604
C10998,56,High,Very High,Advanced,2023-11-13,Australia,674,23870,2025-09-16 18:10:22.798124,92,1947466.16,21168.11,15021.07,9136,99.3,23870.0,1,1.0,0.13649851632047477,21168.110434782608
C10999,52,Low,Low,Beginner,2025-01-20,Germany,240,36091,2025-09-16 18:10:22.799121,98,2047414.08,20891.98,14980.84,10616,108.33,36091.0,1,1.0,0.4083333333333333,20891.980408163265
