client_id,date,type,amount,transaction_month
C10000,2020-02-16,Deposit,11119.0,2020-02
C10000,2021-08-12,Withdrawal,2118.0,2021-08
C10000,2024-04-10,Withdrawal,3869.0,2024-04
C10000,2021-06-03,Deposit,175.0,2021-06
C10000,2024-12-19,Deposit,5174.0,2024-12
C10000,2021-10-05,Deposit,8121.0,2021-10
C10000,2020-07-15,Deposit,6132.0,2020-07
C10000,2025-07-21,Deposit,778.0,2025-07
C10000,2022-11-27,Deposit,7084.0,2022-11
C10000,2024-12-28,Deposit,7521.0,2024-12
C10001,2025-11-15,Deposit,27182.0,2025-11
C10002,2024-08-17,Deposit,46465.0,2024-08
C10002,2024-10-04,Withdrawal,350.0,2024-10
C10003,2022-02-03,Deposit,25315.0,2022-02
C10003,2024-09-08,Withdrawal,1595.0,2024-09
C10003,2025-05-10,Deposit,7686.0,2025-05
C10004,2025-11-07,Deposit,21668.0,2025-11
C10005,2025-03-04,Deposit,7994.0,2025-03
C10005,2025-07-02,Deposit,2129.0,2025-07
C10006,2024-06-06,Deposit,12329.0,2024-06
C10006,2025-07-30,Deposit,8451.0,2025-07
C10006,2025-02-23,Deposit,2858.0,2025-02
C10006,2024-12-15,Deposit,178.0,2024-12
C10006,2025-08-17,Deposit,4944.0,2025-08
C10006,2024-08-31,Deposit,9749.0,2024-08
C10006,2025-08-07,Deposit,562.0,2025-08
C10007,2024-09-20,Deposit,20934.0,2024-09
C10008,2024-04-12,Deposit,10248.0,2024-04
C10008,2025-07-11,Withdrawal,2885.0,2025-07
C10008,2025-04-10,Deposit,4321.0,2025-04
C10008,2024-10-24,Withdrawal,1575.0,2024-10
C10008,2024-11-17,Withdrawal,451.0,2024-11
C10009,2024-02-21,Deposit,12255.0,2024-02
C10010,2023-07-04,Deposit,14279.0,2023-07
C10010,2025-05-21,Deposit,1530.0,2025-05
C10010,2024-06-03,Deposit,8270.0,2024-06
C10010,2024-05-18,Deposit,4829.0,2024-05
C10010,2024-01-01,Deposit,9574.0,2024-01
C10010,2024-07-13,Deposit,5574.0,2024-07
C10010,2023-11-28,Deposit,5766.0,2023-11
C10010,2023-11-24,Withdrawal,1153.0,2023-11
C10010,2025-04-16,Deposit,3064.0,2025-04
C10011,2023-11-25,Deposit,33200.0,2023-11
C10012,2021-07-31,Deposit,27553.0,2021-07
C10012,2021-12-21,Deposit,6462.0,2021-12
C10012,2024-06-23,Deposit,600.0,2024-06
C10012,2025-08-14,Deposit,7175.0,2025-08
C10012,2024-03-07,Deposit,9560.0,2024-03
C10012,2024-01-09,Deposit,7629.0,2024-01
C10012,2024-01-20,Deposit,4810.0,2024-01
C10013,2022-12-14,Deposit,49512.0,2022-12
C10013,2023-11-22,Deposit,8189.0,2023-11
C10013,2023-07-27,Deposit,5322.0,2023-07
C10013,2025-07-11,Deposit,2967.0,2025-07
C10013,2023-12-24,Withdrawal,4756.0,2023-12
C10013,2024-07-12,Deposit,897.0,2024-07
C10014,2021-06-18,Deposit,27783.0,2021-06
C10014,2021-10-24,Withdrawal,4665.0,2021-10
C10014,2021-10-23,Withdrawal,1345.0,2021-10
C10014,2025-07-15,Deposit,358.0,2025-07
C10014,2021-08-19,Deposit,7906.0,2021-08
C10014,2025-05-23,Deposit,223.0,2025-05
C10014,2023-09-16,Deposit,929.0,2023-09
C10014,2023-05-08,Withdrawal,1890.0,2023-05
C10014,2025-08-27,Deposit,2456.0,2025-08
C10014,2022-05-05,Deposit,4067.0,2022-05
C10015,2025-02-02,Deposit,47708.0,2025-02
C10016,2021-06-26,Deposit,26967.0,2021-06
C10016,2021-10-03,Deposit,9984.0,2021-10
C10016,2021-09-25,Deposit,9415.0,2021-09
C10016,2022-01-03,Withdrawal,2012.0,2022-01
C10016,2022-03-23,Deposit,2754.0,2022-03
C10016,2023-08-28,Deposit,8595.0,2023-08
C10017,2024-02-28,Deposit,23245.0,2024-02
C10017,2025-06-23,Deposit,6791.0,2025-06
C10017,2024-11-22,Deposit,8829.0,2024-11
C10017,2024-06-01,Deposit,6804.0,2024-06
C10018,2025-07-06,Deposit,16378.0,2025-07
C10019,2020-03-05,Deposit,33039.0,2020-03
C10019,2023-05-20,Deposit,2603.0,2023-05
C10019,2021-08-18,Withdrawal,190.0,2021-08
C10019,2021-11-02,Deposit,8141.0,2021-11
C10019,2021-11-17,Deposit,9792.0,2021-11
C10019,2020-10-10,Withdrawal,4466.0,2020-10
C10019,2021-11-08,Withdrawal,4336.0,2021-11
C10020,2021-09-19,Deposit,17070.0,2021-09
C10020,2022-03-25,Withdrawal,4534.0,2022-03
C10020,2024-04-22,Deposit,9357.0,2024-04
C10020,2023-08-17,Deposit,4337.0,2023-08
C10020,2022-09-04,Withdrawal,4951.0,2022-09
C10020,2024-09-25,Deposit,3839.0,2024-09
C10020,2022-10-04,Deposit,2067.0,2022-10
C10020,2024-05-03,Deposit,904.0,2024-05
C10020,2024-08-14,Withdrawal,2068.0,2024-08
C10020,2025-08-22,Withdrawal,841.0,2025-08
C10021,2024-11-05,Deposit,43909.0,2024-11
C10022,2022-09-07,Deposit,14744.0,2022-09
C10022,2023-02-09,Deposit,2911.0,2023-02
C10022,2023-03-14,Withdrawal,4774.0,2023-03
C10022,2025-03-22,Withdrawal,2747.0,2025-03
C10022,2022-10-13,Withdrawal,4670.0,2022-10
C10022,2023-07-04,Deposit,7371.0,2023-07
C10022,2023-05-05,Deposit,3350.0,2023-05
C10022,2023-08-10,Withdrawal,844.0,2023-08
C10023,2022-01-21,Deposit,35541.0,2022-01
C10023,2023-04-16,Deposit,1272.0,2023-04
C10023,2022-07-05,Withdrawal,2445.0,2022-07
C10023,2024-06-22,Withdrawal,1697.0,2024-06
C10023,2022-10-23,Withdrawal,1281.0,2022-10
C10023,2023-02-06,Deposit,4054.0,2023-02
C10023,2024-06-05,Withdrawal,1520.0,2024-06
C10023,2023-08-02,Withdrawal,2964.0,2023-08
C10023,2023-12-26,Withdrawal,1080.0,2023-12
C10024,2025-02-12,Deposit,12279.0,2025-02
C10024,2025-06-02,Deposit,6764.0,2025-06
C10025,2021-05-01,Deposit,36633.0,2021-05
C10025,2025-03-13,Deposit,7779.0,2025-03
C10025,2022-06-09,Deposit,1775.0,2022-06
C10025,2025-07-16,Deposit,7271.0,2025-07
C10025,2022-10-04,Withdrawal,2324.0,2022-10
C10025,2022-11-12,Deposit,7174.0,2022-11
C10025,2025-04-07,Withdrawal,1975.0,2025-04
C10025,2023-08-20,Deposit,9118.0,2023-08
C10025,2023-04-09,Deposit,9426.0,2023-04
C10025,2022-06-15,Deposit,5939.0,2022-06
C10025,2024-11-27,Deposit,404.0,2024-11
C10025,2024-08-18,Withdrawal,3446.0,2024-08
C10026,2020-02-20,Deposit,28456.0,2020-02
C10026,2021-05-02,Deposit,6787.0,2021-05
C10026,2023-08-29,Withdrawal,336.0,2023-08
C10026,2022-12-11,Deposit,9778.0,2022-12
C10026,2024-01-06,Deposit,5776.0,2024-01
C10026,2022-06-08,Withdrawal,4138.0,2022-06
C10026,2025-03-05,Deposit,4463.0,2025-03
C10026,2024-03-26,Deposit,7442.0,2024-03
C10026,2023-01-30,Deposit,1946.0,2023-01
C10026,2021-11-24,Withdrawal,2054.0,2021-11
C10026,2024-08-13,Deposit,4699.0,2024-08
C10027,2020-04-09,Deposit,23352.0,2020-04
C10027,2021-08-21,Deposit,133.0,2021-08
C10027,2021-03-19,Withdrawal,3661.0,2021-03
C10027,2024-08-07,Deposit,2303.0,2024-08
C10027,2025-06-14,Deposit,3556.0,2025-06
C10027,2022-10-16,Withdrawal,1489.0,2022-10
C10027,2021-02-08,Withdrawal,3672.0,2021-02
C10027,2021-01-04,Deposit,1313.0,2021-01
C10027,2022-09-23,Withdrawal,2420.0,2022-09
C10028,2021-11-09,Deposit,15395.0,2021-11
C10028,2025-05-13,Deposit,3233.0,2025-05
C10028,2022-04-05,Deposit,8646.0,2022-04
C10029,2025-06-18,Deposit,16102.0,2025-06
C10030,2020-07-03,Deposit,41563.0,2020-07
C10030,2025-07-23,Deposit,4327.0,2025-07
C10030,2023-10-17,Withdrawal,4646.0,2023-10
C10030,2022-01-07,Withdrawal,2267.0,2022-01
C10030,2023-07-08,Withdrawal,435.0,2023-07
C10030,2025-04-24,Deposit,8739.0,2025-04
C10030,2024-02-10,Withdrawal,4750.0,2024-02
C10030,2021-11-04,Deposit,4217.0,2021-11
C10030,2024-09-28,Deposit,6324.0,2024-09
C10030,2022-01-14,Deposit,7554.0,2022-01
C10030,2023-05-11,Deposit,9202.0,2023-05
C10030,2022-01-02,Withdrawal,1328.0,2022-01
C10031,2022-08-19,Deposit,23332.0,2022-08
C10031,2024-09-15,Deposit,5621.0,2024-09
C10031,2025-06-21,Withdrawal,4805.0,2025-06
C10031,2025-06-08,Deposit,9842.0,2025-06
C10031,2025-05-30,Withdrawal,3983.0,2025-05
C10032,2023-02-16,Deposit,22746.0,2023-02
C10032,2023-04-18,Withdrawal,1684.0,2023-04
C10032,2023-04-08,Withdrawal,584.0,2023-04
C10032,2023-02-22,Deposit,7120.0,2023-02
C10032,2023-09-13,Deposit,7955.0,2023-09
C10032,2025-06-30,Withdrawal,2199.0,2025-06
C10032,2023-08-04,Withdrawal,2386.0,2023-08
C10032,2024-10-26,Withdrawal,4078.0,2024-10
C10033,2021-07-10,Deposit,31835.0,2021-07
C10033,2025-08-18,Withdrawal,1152.0,2025-08
C10033,2022-01-25,Deposit,8973.0,2022-01
C10033,2022-04-26,Deposit,3146.0,2022-04
C10034,2021-12-15,Deposit,48322.0,2021-12
C10034,2025-01-17,Deposit,9622.0,2025-01
C10034,2024-08-08,Deposit,8340.0,2024-08
C10034,2022-01-08,Withdrawal,1180.0,2022-01
C10034,2023-11-28,Deposit,1220.0,2023-11
C10035,2023-05-09,Deposit,9625.0,2023-05
C10035,2025-03-01,Deposit,759.0,2025-03
C10035,2023-10-06,Deposit,2734.0,2023-10
C10036,2024-02-27,Deposit,45254.0,2024-02
C10036,2024-07-23,Deposit,161.0,2024-07
C10036,2024-12-29,Deposit,7517.0,2024-12
C10037,2025-04-15,Deposit,20751.0,2025-04
C10038,2020-07-08,Deposit,11576.0,2020-07
C10038,2022-05-03,Withdrawal,227.0,2022-05
C10038,2020-12-29,Deposit,2047.0,2020-12
C10038,2020-12-18,Withdrawal,4887.0,2020-12
C10038,2024-08-09,Withdrawal,3854.0,2024-08
C10038,2022-05-03,Deposit,641.0,2022-05
C10038,2025-07-27,Deposit,7517.0,2025-07
C10038,2022-01-26,Deposit,7611.0,2022-01
C10038,2022-03-18,Withdrawal,4630.0,2022-03
C10038,2024-05-01,Withdrawal,2999.0,2024-05
C10038,2024-06-30,Deposit,3658.0,2024-06
C10038,2025-01-19,Withdrawal,3763.0,2025-01
C10038,2023-04-30,Deposit,2118.0,2023-04
C10038,2024-07-28,Deposit,6851.0,2024-07
C10038,2025-04-25,Withdrawal,3377.0,2025-04
C10038,2024-07-25,Withdrawal,4669.0,2024-07
C10039,2020-08-09,Deposit,24556.0,2020-08
C10039,2020-10-19,Withdrawal,3254.0,2020-10
C10039,2021-08-24,Withdrawal,885.0,2021-08
C10039,2025-09-09,Withdrawal,4065.0,2025-09
C10039,2025-04-05,Deposit,6547.0,2025-04
C10039,2024-04-13,Deposit,5965.0,2024-04
C10039,2023-05-06,Withdrawal,1371.0,2023-05
C10040,2025-12-11,Deposit,23849.0,2025-12
C10041,2021-03-17,Deposit,20278.0,2021-03
C10041,2024-12-22,Deposit,8787.0,2024-12
C10041,2024-01-27,Deposit,932.0,2024-01
C10041,2021-06-09,Withdrawal,4296.0,2021-06
C10041,2022-06-28,Deposit,7593.0,2022-06
C10041,2024-06-27,Deposit,1285.0,2024-06
C10041,2021-06-11,Withdrawal,1818.0,2021-06
C10041,2021-04-26,Withdrawal,1415.0,2021-04
C10041,2021-05-07,Deposit,9906.0,2021-05
C10041,2023-04-27,Deposit,4929.0,2023-04
C10041,2024-09-06,Withdrawal,2800.0,2024-09
C10041,2025-09-06,Withdrawal,205.0,2025-09
C10041,2021-07-28,Deposit,8365.0,2021-07
C10041,2024-06-17,Withdrawal,707.0,2024-06
C10042,2025-11-24,Deposit,29292.0,2025-11
C10043,2023-04-13,Deposit,10528.0,2023-04
C10043,2024-10-17,Deposit,2017.0,2024-10
C10043,2024-05-22,Deposit,7306.0,2024-05
C10043,2025-08-06,Deposit,3125.0,2025-08
C10043,2024-01-16,Deposit,8568.0,2024-01
C10043,2025-07-27,Deposit,2229.0,2025-07
C10043,2024-11-24,Deposit,3837.0,2024-11
C10044,2020-08-23,Deposit,39757.0,2020-08
C10044,2025-03-08,Withdrawal,4780.0,2025-03
C10044,2025-01-03,Withdrawal,4960.0,2025-01
C10044,2020-10-21,Deposit,5851.0,2020-10
C10044,2025-05-18,Deposit,500.0,2025-05
C10044,2024-01-20,Withdrawal,712.0,2024-01
C10044,2023-06-26,Deposit,6408.0,2023-06
C10044,2022-07-22,Withdrawal,709.0,2022-07
C10044,2024-03-04,Withdrawal,465.0,2024-03
C10044,2025-02-05,Deposit,186.0,2025-02
C10044,2022-09-27,Withdrawal,1524.0,2022-09
C10044,2021-01-16,Withdrawal,2277.0,2021-01
C10045,2020-06-03,Deposit,30843.0,2020-06
C10045,2022-02-14,Withdrawal,2914.0,2022-02
C10045,2025-05-21,Withdrawal,4099.0,2025-05
C10045,2024-07-31,Withdrawal,2620.0,2024-07
C10045,2022-06-10,Withdrawal,2450.0,2022-06
C10045,2020-09-01,Withdrawal,1329.0,2020-09
C10045,2025-04-29,Deposit,4908.0,2025-04
C10045,2021-11-15,Deposit,7937.0,2021-11
C10045,2023-08-14,Withdrawal,1980.0,2023-08
C10045,2022-03-01,Withdrawal,1038.0,2022-03
C10046,2022-09-08,Deposit,45749.0,2022-09
C10046,2022-11-15,Deposit,1243.0,2022-11
C10047,2021-03-09,Deposit,35398.0,2021-03
C10047,2022-03-09,Withdrawal,1068.0,2022-03
C10047,2023-12-15,Deposit,5660.0,2023-12
C10048,2023-03-11,Deposit,37217.0,2023-03
C10048,2024-07-27,Withdrawal,2332.0,2024-07
C10048,2024-02-21,Deposit,7201.0,2024-02
C10048,2025-02-09,Withdrawal,4423.0,2025-02
C10049,2020-08-01,Deposit,43186.0,2020-08
C10049,2021-08-18,Deposit,5761.0,2021-08
C10049,2023-01-12,Withdrawal,3046.0,2023-01
C10049,2022-01-16,Withdrawal,2275.0,2022-01
C10049,2022-08-03,Withdrawal,1285.0,2022-08
C10050,2021-10-29,Deposit,13063.0,2021-10
C10050,2022-12-10,Deposit,4292.0,2022-12
C10050,2022-04-27,Withdrawal,3406.0,2022-04
C10050,2023-06-18,Withdrawal,700.0,2023-06
C10050,2025-01-31,Withdrawal,1414.0,2025-01
C10050,2022-10-14,Deposit,6587.0,2022-10
C10050,2022-03-28,Withdrawal,3987.0,2022-03
C10050,2022-03-28,Deposit,7302.0,2022-03
C10050,2022-11-14,Deposit,9003.0,2022-11
C10050,2022-05-21,Withdrawal,1602.0,2022-05
C10050,2022-06-14,Withdrawal,1677.0,2022-06
C10050,2024-12-08,Deposit,4914.0,2024-12
C10050,2024-03-09,Withdrawal,333.0,2024-03
C10051,2023-06-23,Deposit,26144.0,2023-06
C10051,2023-08-15,Deposit,4540.0,2023-08
C10051,2024-10-18,Withdrawal,1587.0,2024-10
C10051,2024-12-30,Deposit,581.0,2024-12
C10051,2023-07-03,Withdrawal,3622.0,2023-07
C10051,2024-06-10,Withdrawal,1046.0,2024-06
C10052,2020-07-24,Deposit,32037.0,2020-07
C10052,2021-10-15,Deposit,6202.0,2021-10
C10052,2022-02-14,Withdrawal,4692.0,2022-02
C10052,2021-06-20,Withdrawal,3763.0,2021-06
C10052,2020-12-21,Withdrawal,457.0,2020-12
C10052,2022-05-06,Withdrawal,2828.0,2022-05
C10052,2025-01-25,Deposit,5160.0,2025-01
C10053,2023-10-04,Deposit,17290.0,2023-10
C10053,2025-03-25,Withdrawal,2134.0,2025-03
C10053,2024-05-26,Withdrawal,3057.0,2024-05
C10054,2023-01-02,Deposit,38224.0,2023-01
C10054,2025-03-02,Deposit,5538.0,2025-03
C10054,2024-09-20,Withdrawal,4345.0,2024-09
C10055,2023-06-16,Deposit,6328.0,2023-06
C10055,2023-07-13,Withdrawal,345.0,2023-07
C10055,2025-07-16,Withdrawal,4888.0,2025-07
C10055,2025-07-24,Withdrawal,876.0,2025-07
C10055,2025-06-08,Withdrawal,175.20000000000002,2025-06
C10055,2024-03-13,Deposit,4231.0,2024-03
C10055,2024-08-05,Withdrawal,804.0,2024-08
C10056,2025-11-22,Deposit,37820.0,2025-11
C10057,2021-06-06,Deposit,43691.0,2021-06
C10057,2021-10-03,Withdrawal,554.0,2021-10
C10057,2023-08-17,Deposit,3352.0,2023-08
C10057,2022-02-06,Deposit,8798.0,2022-02
C10057,2023-07-04,Withdrawal,1642.0,2023-07
C10057,2021-10-23,Deposit,4930.0,2021-10
C10057,2023-04-09,Withdrawal,4587.0,2023-04
C10057,2021-09-22,Withdrawal,4485.0,2021-09
C10058,2022-12-19,Deposit,43535.0,2022-12
C10058,2023-01-31,Withdrawal,1696.0,2023-01
C10058,2025-03-22,Deposit,3329.0,2025-03
C10058,2023-07-14,Deposit,5179.0,2023-07
C10058,2024-09-18,Deposit,5494.0,2024-09
C10058,2024-07-16,Deposit,8178.0,2024-07
C10059,2021-04-27,Deposit,22423.0,2021-04
C10059,2021-06-07,Deposit,9468.0,2021-06
C10059,2025-08-14,Withdrawal,1013.0,2025-08
C10059,2024-04-09,Deposit,7201.0,2024-04
C10059,2025-02-03,Withdrawal,2975.0,2025-02
C10059,2022-10-23,Deposit,6023.0,2022-10
C10059,2024-11-07,Deposit,8069.0,2024-11
C10059,2025-08-31,Withdrawal,2291.0,2025-08
C10060,2025-07-21,Deposit,27740.0,2025-07
C10061,2024-02-05,Deposit,43776.0,2024-02
C10062,2025-06-22,Deposit,9620.0,2025-06
C10063,2023-06-23,Deposit,31824.0,2023-06
C10063,2023-09-02,Deposit,1148.0,2023-09
C10063,2024-11-13,Deposit,7726.0,2024-11
C10063,2024-10-10,Withdrawal,3680.0,2024-10
C10063,2024-08-13,Deposit,9440.0,2024-08
C10063,2023-09-27,Deposit,3572.0,2023-09
C10063,2024-04-02,Deposit,6832.0,2024-04
C10063,2024-01-04,Deposit,8091.0,2024-01
C10064,2021-12-14,Deposit,16803.0,2021-12
C10064,2023-02-24,Deposit,7828.0,2023-02
C10064,2025-05-05,Withdrawal,1675.0,2025-05
C10064,2023-07-13,Withdrawal,4203.0,2023-07
C10064,2022-02-11,Deposit,6504.0,2022-02
C10064,2024-04-10,Withdrawal,821.0,2024-04
C10064,2024-07-25,Deposit,1169.0,2024-07
C10064,2023-06-11,Withdrawal,4872.0,2023-06
C10064,2022-05-20,Withdrawal,1354.0,2022-05
C10064,2024-01-18,Deposit,6848.0,2024-01
C10064,2022-10-25,Deposit,2408.0,2022-10
C10065,2021-08-26,Deposit,5163.0,2021-08
C10065,2021-09-22,Deposit,1652.0,2021-09
C10065,2022-09-10,Deposit,5156.0,2022-09
C10065,2024-11-17,Withdrawal,4807.0,2024-11
C10066,2023-10-18,Deposit,36829.0,2023-10
C10066,2025-02-02,Deposit,4925.0,2025-02
C10066,2024-09-28,Deposit,3072.0,2024-09
C10066,2024-06-24,Withdrawal,2733.0,2024-06
C10066,2025-05-13,Deposit,4073.0,2025-05
C10067,2023-05-07,Deposit,27325.0,2023-05
C10067,2023-08-07,Withdrawal,3055.0,2023-08
C10067,2024-09-21,Withdrawal,2054.0,2024-09
C10067,2025-05-05,Withdrawal,3672.0,2025-05
C10067,2024-07-24,Withdrawal,4103.0,2024-07
C10068,2022-08-12,Deposit,17919.0,2022-08
C10068,2023-07-07,Withdrawal,4119.0,2023-07
C10068,2024-10-06,Deposit,5078.0,2024-10
C10068,2025-06-24,Deposit,9887.0,2025-06
C10068,2025-05-03,Deposit,2891.0,2025-05
C10068,2025-01-20,Deposit,4672.0,2025-01
C10068,2023-12-02,Deposit,9677.0,2023-12
C10068,2024-02-14,Deposit,8354.0,2024-02
C10068,2023-01-30,Withdrawal,3591.0,2023-01
C10068,2024-11-21,Withdrawal,2699.0,2024-11
C10069,2025-06-30,Deposit,5000.0,2025-06
C10070,2021-06-22,Deposit,41271.0,2021-06
C10070,2024-11-10,Deposit,1527.0,2024-11
C10070,2023-06-30,Withdrawal,3461.0,2023-06
C10070,2022-07-14,Withdrawal,894.0,2022-07
C10070,2024-11-20,Deposit,991.0,2024-11
C10070,2025-03-13,Deposit,578.0,2025-03
C10070,2021-12-25,Withdrawal,3142.0,2021-12
C10070,2025-01-28,Withdrawal,4893.0,2025-01
C10071,2024-08-16,Deposit,27988.0,2024-08
C10071,2025-01-02,Deposit,6837.0,2025-01
C10071,2025-01-11,Withdrawal,2847.0,2025-01
C10071,2025-07-03,Deposit,9744.0,2025-07
C10072,2024-07-24,Deposit,33005.0,2024-07
C10073,2020-12-27,Deposit,11719.0,2020-12
C10073,2025-03-08,Withdrawal,177.0,2025-03
C10073,2023-09-24,Withdrawal,1917.0,2023-09
C10073,2021-09-20,Withdrawal,3084.0,2021-09
C10073,2021-04-04,Withdrawal,4198.0,2021-04
C10073,2022-10-14,Deposit,7494.0,2022-10
C10073,2023-12-18,Deposit,2118.0,2023-12
C10073,2023-06-20,Deposit,9459.0,2023-06
C10073,2025-05-18,Withdrawal,728.0,2025-05
C10073,2021-03-15,Withdrawal,3226.0,2021-03
C10073,2021-09-04,Withdrawal,1921.0,2021-09
C10073,2023-06-25,Withdrawal,833.0,2023-06
C10073,2022-03-27,Withdrawal,2641.0,2022-03
C10074,2024-12-13,Deposit,28239.0,2024-12
C10074,2025-06-24,Withdrawal,196.0,2025-06
C10075,2025-02-25,Deposit,9353.0,2025-02
C10076,2022-02-04,Deposit,36550.0,2022-02
C10076,2023-10-05,Withdrawal,4323.0,2023-10
C10076,2022-12-27,Deposit,1425.0,2022-12
C10076,2022-11-28,Withdrawal,3761.0,2022-11
C10076,2024-08-15,Withdrawal,927.0,2024-08
C10076,2022-11-04,Withdrawal,4386.0,2022-11
C10076,2022-06-18,Withdrawal,1914.0,2022-06
C10076,2024-06-24,Withdrawal,1091.0,2024-06
C10076,2023-07-02,Withdrawal,3167.0,2023-07
C10077,2023-08-21,Deposit,24523.0,2023-08
C10077,2024-02-13,Deposit,2276.0,2024-02
C10077,2024-10-14,Deposit,6021.0,2024-10
C10077,2025-07-03,Withdrawal,2794.0,2025-07
C10077,2024-12-24,Deposit,5669.0,2024-12
C10078,2020-08-17,Deposit,9462.0,2020-08
C10078,2020-09-08,Withdrawal,3884.0,2020-09
C10078,2021-02-13,Deposit,1030.0,2021-02
C10078,2024-10-21,Withdrawal,2127.0,2024-10
C10078,2025-04-25,Deposit,3903.0,2025-04
C10078,2024-08-24,Withdrawal,3364.0,2024-08
C10078,2022-11-07,Deposit,7391.0,2022-11
C10078,2022-07-10,Withdrawal,4287.0,2022-07
C10078,2025-09-04,Deposit,1017.0,2025-09
C10078,2021-06-14,Withdrawal,2931.0,2021-06
C10078,2021-06-21,Deposit,2454.0,2021-06
C10078,2025-07-09,Withdrawal,4352.0,2025-07
C10078,2023-03-09,Deposit,6908.0,2023-03
C10078,2023-06-29,Deposit,8374.0,2023-06
C10078,2024-06-11,Withdrawal,3790.0,2024-06
C10078,2024-10-08,Deposit,4216.0,2024-10
C10079,2025-05-04,Deposit,30454.0,2025-05
C10079,2025-07-13,Withdrawal,2555.0,2025-07
C10079,2025-08-16,Withdrawal,4608.0,2025-08
C10079,2025-08-15,Withdrawal,3374.0,2025-08
C10080,2024-03-08,Deposit,14346.0,2024-03
C10081,2025-02-24,Deposit,40874.0,2025-02
C10082,2022-06-18,Deposit,49620.0,2022-06
C10082,2025-07-19,Withdrawal,2485.0,2025-07
C10082,2024-01-15,Withdrawal,4456.0,2024-01
C10082,2024-05-24,Deposit,9695.0,2024-05
C10082,2023-12-29,Deposit,508.0,2023-12
C10082,2022-08-19,Deposit,5338.0,2022-08
C10082,2025-06-27,Deposit,536.0,2025-06
C10082,2024-09-09,Deposit,4565.0,2024-09
C10082,2024-02-10,Withdrawal,2677.0,2024-02
C10082,2025-09-07,Withdrawal,915.0,2025-09
C10083,2024-02-12,Deposit,22522.0,2024-02
C10083,2024-03-09,Deposit,8697.0,2024-03
C10083,2025-08-03,Withdrawal,4202.0,2025-08
C10083,2024-04-21,Withdrawal,4163.0,2024-04
C10084,2022-12-18,Deposit,43425.0,2022-12
C10084,2024-05-04,Withdrawal,4202.0,2024-05
C10084,2023-11-30,Deposit,3965.0,2023-11
C10084,2024-06-09,Deposit,5780.0,2024-06
C10084,2023-10-08,Withdrawal,4676.0,2023-10
C10084,2023-10-10,Deposit,8486.0,2023-10
C10084,2025-03-18,Withdrawal,1226.0,2025-03
C10084,2023-11-01,Withdrawal,4404.0,2023-11
C10084,2023-04-10,Withdrawal,1879.0,2023-04
C10084,2023-09-25,Withdrawal,140.0,2023-09
C10084,2025-03-22,Deposit,6744.0,2025-03
C10084,2025-05-24,Deposit,9505.0,2025-05
C10084,2024-10-12,Deposit,5841.0,2024-10
C10085,2021-05-30,Deposit,26284.0,2021-05
C10085,2025-06-29,Withdrawal,3535.0,2025-06
C10085,2024-05-12,Withdrawal,4832.0,2024-05
C10085,2022-10-28,Withdrawal,2501.0,2022-10
C10085,2023-02-15,Withdrawal,3655.0,2023-02
C10085,2025-01-20,Withdrawal,4353.0,2025-01
C10086,2023-04-10,Deposit,23943.0,2023-04
C10086,2023-08-15,Withdrawal,1644.0,2023-08
C10087,2025-05-31,Deposit,11005.0,2025-05
C10088,2025-04-27,Deposit,43763.0,2025-04
C10089,2023-01-30,Deposit,19166.0,2023-01
C10089,2023-04-27,Deposit,6972.0,2023-04
C10089,2025-09-09,Withdrawal,4384.0,2025-09
C10089,2024-01-30,Withdrawal,1460.0,2024-01
C10089,2025-09-03,Deposit,865.0,2025-09
C10089,2025-08-09,Deposit,7126.0,2025-08
C10089,2025-02-13,Deposit,6331.0,2025-02
C10090,2022-06-22,Deposit,6889.0,2022-06
C10090,2023-03-07,Withdrawal,1657.0,2023-03
C10090,2025-07-30,Withdrawal,1903.0,2025-07
C10090,2023-11-09,Withdrawal,3204.0,2023-11
C10090,2024-05-29,Deposit,8538.0,2024-05
C10090,2022-12-25,Deposit,7856.0,2022-12
C10090,2024-07-08,Deposit,3813.0,2024-07
C10090,2025-05-17,Deposit,451.0,2025-05
C10090,2024-08-20,Withdrawal,4311.0,2024-08
C10091,2024-05-16,Deposit,34248.0,2024-05
C10091,2024-10-19,Withdrawal,4113.0,2024-10
C10091,2024-11-11,Deposit,7637.0,2024-11
C10092,2024-06-20,Deposit,47776.0,2024-06
C10092,2025-02-27,Withdrawal,1646.0,2025-02
C10092,2024-12-16,Deposit,1961.0,2024-12
C10092,2024-09-20,Withdrawal,1754.0,2024-09
C10093,2025-08-27,Deposit,46225.0,2025-08
C10094,2021-12-08,Deposit,43131.0,2021-12
C10094,2022-01-06,Withdrawal,236.0,2022-01
C10094,2025-04-11,Deposit,5699.0,2025-04
C10095,2023-05-19,Deposit,13859.0,2023-05
C10095,2023-12-13,Deposit,7919.0,2023-12
C10095,2024-09-09,Withdrawal,4943.0,2024-09
C10095,2024-03-24,Deposit,9454.0,2024-03
C10095,2024-07-16,Deposit,8324.0,2024-07
C10095,2024-01-03,Deposit,2199.0,2024-01
C10095,2024-11-19,Deposit,9683.0,2024-11
C10095,2024-08-23,Deposit,5063.0,2024-08
C10095,2023-08-17,Withdrawal,2218.0,2023-08
C10095,2023-06-29,Withdrawal,1450.0,2023-06
C10095,2024-10-01,Deposit,2667.0,2024-10
C10096,2023-10-14,Deposit,24062.0,2023-10
C10096,2023-12-31,Withdrawal,3549.0,2023-12
C10097,2023-10-22,Deposit,37841.0,2023-10
C10098,2020-02-16,Deposit,29051.0,2020-02
C10098,2025-07-20,Withdrawal,3317.0,2025-07
C10098,2024-04-03,Withdrawal,4659.0,2024-04
C10098,2024-11-01,Deposit,7966.0,2024-11
C10098,2022-07-11,Withdrawal,3181.0,2022-07
C10098,2023-12-31,Deposit,7426.0,2023-12
C10098,2022-09-20,Deposit,7649.0,2022-09
C10098,2024-04-15,Withdrawal,3908.0,2024-04
C10098,2021-12-02,Withdrawal,831.0,2021-12
C10098,2021-10-09,Deposit,289.0,2021-10
C10098,2024-12-15,Deposit,8447.0,2024-12
C10098,2020-05-03,Withdrawal,1882.0,2020-05
C10098,2020-03-07,Withdrawal,2250.0,2020-03
C10098,2021-06-20,Withdrawal,4997.0,2021-06
C10098,2022-07-23,Withdrawal,123.0,2022-07
C10098,2021-12-14,Deposit,3190.0,2021-12
C10098,2022-02-01,Withdrawal,3260.0,2022-02
C10099,2020-10-07,Deposit,35420.0,2020-10
C10099,2022-03-15,Deposit,6205.0,2022-03
C10099,2025-05-29,Deposit,5856.0,2025-05
C10099,2022-05-20,Withdrawal,1709.0,2022-05
C10099,2021-10-31,Withdrawal,3214.0,2021-10
C10099,2022-02-24,Withdrawal,3532.0,2022-02
C10099,2024-01-05,Withdrawal,2250.0,2024-01
C10099,2025-09-12,Withdrawal,502.0,2025-09
C10099,2025-07-20,Withdrawal,3945.0,2025-07
C10099,2023-03-18,Withdrawal,963.0,2023-03
C10099,2021-03-02,Deposit,5773.0,2021-03
C10100,2024-06-30,Deposit,24370.0,2024-06
C10101,2022-05-29,Deposit,5985.0,2022-05
C10102,2022-01-25,Deposit,7734.0,2022-01
C10102,2024-01-04,Withdrawal,3952.0,2024-01
C10102,2022-02-15,Withdrawal,2817.0,2022-02
C10103,2024-06-26,Deposit,39025.0,2024-06
C10103,2025-05-14,Deposit,9215.0,2025-05
C10103,2024-11-04,Withdrawal,2656.0,2024-11
C10103,2025-07-14,Withdrawal,4297.0,2025-07
C10103,2025-08-12,Withdrawal,2823.0,2025-08
C10104,2025-11-08,Deposit,26481.0,2025-11
C10105,2023-12-16,Deposit,25318.0,2023-12
C10105,2024-03-10,Withdrawal,1950.0,2024-03
C10105,2025-01-30,Withdrawal,3965.0,2025-01
C10106,2020-11-29,Deposit,34514.0,2020-11
C10106,2021-06-13,Deposit,4687.0,2021-06
C10106,2024-03-02,Deposit,7834.0,2024-03
C10106,2021-08-26,Deposit,7040.0,2021-08
C10106,2021-08-07,Withdrawal,4489.0,2021-08
C10106,2024-07-17,Deposit,5326.0,2024-07
C10106,2025-08-08,Withdrawal,3063.0,2025-08
C10106,2022-05-30,Withdrawal,3885.0,2022-05
C10106,2021-03-23,Withdrawal,3340.0,2021-03
C10106,2024-10-27,Deposit,3152.0,2024-10
C10106,2022-03-18,Withdrawal,2114.0,2022-03
C10106,2025-04-01,Deposit,2585.0,2025-04
C10106,2024-11-18,Deposit,5367.0,2024-11
C10106,2023-08-01,Deposit,3400.0,2023-08
C10107,2020-05-01,Deposit,37827.0,2020-05
C10107,2024-05-02,Withdrawal,3805.0,2024-05
C10107,2022-08-12,Deposit,5948.0,2022-08
C10107,2024-06-17,Withdrawal,2370.0,2024-06
C10107,2021-01-23,Deposit,7530.0,2021-01
C10107,2024-07-10,Withdrawal,4246.0,2024-07
C10107,2024-08-22,Deposit,3142.0,2024-08
C10107,2024-07-14,Deposit,600.0,2024-07
C10107,2023-06-08,Withdrawal,2113.0,2023-06
C10107,2022-01-27,Withdrawal,2405.0,2022-01
C10107,2024-10-29,Withdrawal,4225.0,2024-10
C10108,2024-10-24,Deposit,24161.0,2024-10
C10108,2025-04-13,Deposit,1766.0,2025-04
C10109,2020-11-14,Deposit,8899.0,2020-11
C10109,2023-12-27,Withdrawal,2343.0,2023-12
C10109,2020-12-11,Deposit,6368.0,2020-12
C10109,2022-12-31,Deposit,2016.0,2022-12
C10109,2023-07-20,Deposit,2764.0,2023-07
C10109,2021-10-23,Withdrawal,2114.0,2021-10
C10109,2021-12-21,Withdrawal,1989.0,2021-12
C10109,2025-03-05,Deposit,6055.0,2025-03
C10109,2024-03-04,Withdrawal,1716.0,2024-03
C10109,2023-06-25,Withdrawal,2843.0,2023-06
C10109,2024-05-02,Withdrawal,236.0,2024-05
C10109,2024-08-31,Deposit,4856.0,2024-08
C10109,2022-09-06,Deposit,8615.0,2022-09
C10109,2021-12-26,Withdrawal,3567.0,2021-12
C10109,2024-01-26,Deposit,3570.0,2024-01
C10109,2023-11-20,Deposit,2489.0,2023-11
C10109,2024-07-21,Withdrawal,2012.0,2024-07
C10109,2023-11-13,Withdrawal,579.0,2023-11
C10109,2022-08-07,Withdrawal,3768.0,2022-08
C10110,2023-06-28,Deposit,13847.0,2023-06
C10110,2023-11-09,Deposit,2202.0,2023-11
C10110,2025-08-07,Withdrawal,4941.0,2025-08
C10110,2024-05-04,Deposit,5449.0,2024-05
C10110,2025-02-10,Withdrawal,3516.0,2025-02
C10111,2020-07-11,Deposit,30624.0,2020-07
C10111,2021-05-22,Withdrawal,3646.0,2021-05
C10111,2024-06-13,Deposit,5597.0,2024-06
C10111,2021-05-14,Deposit,4695.0,2021-05
C10111,2022-09-12,Withdrawal,3698.0,2022-09
C10111,2022-07-24,Deposit,3768.0,2022-07
C10111,2021-06-12,Withdrawal,4083.0,2021-06
C10112,2025-10-20,Deposit,20724.0,2025-10
C10113,2021-09-16,Deposit,43653.0,2021-09
C10113,2023-12-19,Deposit,9189.0,2023-12
C10113,2022-01-28,Deposit,6424.0,2022-01
C10114,2024-12-27,Deposit,13381.0,2024-12
C10114,2025-02-20,Withdrawal,4760.0,2025-02
C10114,2025-07-01,Withdrawal,927.0,2025-07
C10114,2025-07-18,Deposit,9830.0,2025-07
C10114,2025-02-27,Withdrawal,3992.0,2025-02
C10114,2025-06-07,Withdrawal,3161.0,2025-06
C10115,2025-09-02,Deposit,38745.0,2025-09
C10116,2024-07-26,Deposit,48800.0,2024-07
C10117,2025-11-03,Deposit,25292.0,2025-11
C10118,2023-10-20,Deposit,41019.0,2023-10
C10119,2022-02-11,Deposit,41025.0,2022-02
C10119,2025-03-31,Deposit,6736.0,2025-03
C10119,2024-11-15,Deposit,5537.0,2024-11
C10119,2024-07-05,Deposit,6210.0,2024-07
C10119,2024-03-15,Withdrawal,1812.0,2024-03
C10119,2023-03-23,Deposit,8402.0,2023-03
C10119,2023-06-26,Deposit,2365.0,2023-06
C10119,2022-11-21,Withdrawal,2958.0,2022-11
C10119,2025-05-14,Deposit,5874.0,2025-05
C10119,2024-12-11,Deposit,8665.0,2024-12
C10119,2024-12-18,Withdrawal,4920.0,2024-12
C10119,2023-04-22,Withdrawal,293.0,2023-04
C10120,2024-09-07,Deposit,46088.0,2024-09
C10120,2025-07-28,Deposit,391.0,2025-07
C10120,2025-01-21,Withdrawal,2391.0,2025-01
C10121,2022-10-16,Deposit,40548.0,2022-10
C10121,2023-03-16,Withdrawal,1762.0,2023-03
C10121,2022-11-26,Deposit,492.0,2022-11
C10121,2022-12-24,Deposit,4818.0,2022-12
C10121,2023-09-20,Withdrawal,3756.0,2023-09
C10121,2025-05-23,Withdrawal,2754.0,2025-05
C10121,2025-03-10,Withdrawal,696.0,2025-03
C10121,2023-07-12,Deposit,6178.0,2023-07
C10122,2020-12-23,Deposit,36626.0,2020-12
C10122,2022-03-15,Withdrawal,992.0,2022-03
C10122,2024-10-02,Deposit,781.0,2024-10
C10122,2024-06-18,Deposit,6039.0,2024-06
C10122,2021-11-17,Withdrawal,690.0,2021-11
C10122,2025-04-09,Withdrawal,460.0,2025-04
C10122,2022-06-13,Deposit,8122.0,2022-06
C10122,2023-03-09,Withdrawal,2569.0,2023-03
C10122,2022-12-21,Deposit,9052.0,2022-12
C10122,2024-07-19,Withdrawal,4041.0,2024-07
C10122,2023-05-29,Withdrawal,3388.0,2023-05
C10122,2021-08-16,Deposit,3853.0,2021-08
C10122,2022-01-26,Withdrawal,2340.0,2022-01
C10122,2020-12-24,Withdrawal,3561.0,2020-12
C10122,2023-02-25,Withdrawal,2447.0,2023-02
C10122,2022-08-19,Withdrawal,4495.0,2022-08
C10122,2024-02-24,Withdrawal,2194.0,2024-02
C10122,2023-12-04,Withdrawal,4586.0,2023-12
C10123,2023-09-27,Deposit,12356.0,2023-09
C10123,2025-07-03,Withdrawal,1598.0,2025-07
C10123,2023-10-23,Deposit,1121.0,2023-10
C10123,2025-03-14,Deposit,3862.0,2025-03
C10123,2025-02-06,Deposit,768.0,2025-02
C10124,2025-09-09,Deposit,28818.0,2025-09
C10125,2022-11-21,Deposit,22807.0,2022-11
C10125,2023-01-09,Deposit,1940.0,2023-01
C10125,2025-02-08,Withdrawal,1252.0,2025-02
C10125,2024-11-10,Deposit,6485.0,2024-11
C10125,2023-12-18,Deposit,6824.0,2023-12
C10125,2023-06-02,Deposit,1369.0,2023-06
C10125,2025-04-26,Withdrawal,2009.0,2025-04
C10126,2025-07-06,Deposit,11424.0,2025-07
C10127,2020-06-10,Deposit,20158.0,2020-06
C10127,2023-05-11,Deposit,8359.0,2023-05
C10127,2022-07-25,Withdrawal,2477.0,2022-07
C10128,2020-11-01,Deposit,47539.0,2020-11
C10129,2021-06-18,Deposit,19774.0,2021-06
C10129,2023-04-30,Withdrawal,1136.0,2023-04
C10129,2022-12-31,Deposit,6554.0,2022-12
C10129,2021-09-30,Deposit,9379.0,2021-09
C10129,2023-11-16,Deposit,1793.0,2023-11
C10129,2023-12-12,Deposit,7960.0,2023-12
C10129,2025-09-08,Deposit,5029.0,2025-09
C10129,2025-09-06,Deposit,9974.0,2025-09
C10129,2024-01-21,Withdrawal,4868.0,2024-01
C10129,2025-06-26,Deposit,2299.0,2025-06
C10129,2024-09-04,Deposit,5591.0,2024-09
C10129,2021-11-03,Withdrawal,2879.0,2021-11
C10129,2022-09-18,Deposit,8805.0,2022-09
C10129,2021-07-03,Deposit,8982.0,2021-07
C10129,2023-08-07,Withdrawal,2853.0,2023-08
C10130,2022-03-14,Deposit,27765.0,2022-03
C10131,2023-09-08,Deposit,12106.0,2023-09
C10132,2021-09-10,Deposit,15267.0,2021-09
C10132,2022-10-02,Withdrawal,3858.0,2022-10
C10132,2023-11-20,Deposit,1736.0,2023-11
C10132,2023-09-24,Withdrawal,1143.0,2023-09
C10132,2021-10-28,Withdrawal,3086.0,2021-10
C10132,2023-04-21,Deposit,2250.0,2023-04
C10132,2025-06-26,Deposit,2620.0,2025-06
C10132,2023-08-28,Deposit,1780.0,2023-08
C10132,2021-12-26,Deposit,5709.0,2021-12
C10132,2021-11-21,Withdrawal,4860.0,2021-11
C10132,2024-08-30,Deposit,8682.0,2024-08
C10132,2023-05-16,Deposit,5655.0,2023-05
C10132,2022-06-24,Withdrawal,2498.0,2022-06
C10133,2020-01-23,Deposit,6426.0,2020-01
C10133,2022-06-23,Deposit,1071.0,2022-06
C10133,2020-07-04,Deposit,7184.0,2020-07
C10133,2023-04-06,Deposit,9306.0,2023-04
C10133,2024-07-04,Deposit,9063.0,2024-07
C10133,2020-11-16,Withdrawal,397.0,2020-11
C10133,2023-07-25,Withdrawal,1225.0,2023-07
C10133,2025-09-10,Deposit,9952.0,2025-09
C10133,2023-02-18,Withdrawal,1152.0,2023-02
C10133,2022-11-22,Deposit,1744.0,2022-11
C10133,2023-11-06,Deposit,8321.0,2023-11
C10133,2020-10-30,Withdrawal,4323.0,2020-10
C10133,2025-02-19,Withdrawal,1630.0,2025-02
C10133,2024-01-24,Withdrawal,1907.0,2024-01
C10133,2023-03-22,Withdrawal,4879.0,2023-03
C10133,2024-12-18,Withdrawal,4807.0,2024-12
C10133,2024-07-26,Withdrawal,930.0,2024-07
C10133,2022-08-28,Withdrawal,2396.0,2022-08
C10133,2025-01-08,Withdrawal,4847.0,2025-01
C10134,2022-06-03,Deposit,19637.0,2022-06
C10134,2022-11-08,Withdrawal,2125.0,2022-11
C10134,2025-01-26,Withdrawal,4981.0,2025-01
C10134,2023-08-21,Withdrawal,3483.0,2023-08
C10134,2023-12-21,Withdrawal,3413.0,2023-12
C10134,2025-04-03,Withdrawal,2420.0,2025-04
C10134,2025-02-10,Withdrawal,1726.0,2025-02
C10134,2024-03-27,Withdrawal,575.0,2024-03
C10135,2022-01-10,Deposit,5806.0,2022-01
C10135,2022-08-13,Withdrawal,1964.0,2022-08
C10135,2024-12-09,Deposit,8408.0,2024-12
C10135,2024-06-09,Withdrawal,422.0,2024-06
C10135,2023-08-22,Deposit,8053.0,2023-08
C10135,2024-01-25,Withdrawal,3712.0,2024-01
C10136,2021-04-19,Deposit,35909.0,2021-04
C10136,2023-04-03,Deposit,9620.0,2023-04
C10136,2023-05-08,Withdrawal,4722.0,2023-05
C10136,2024-05-06,Withdrawal,1392.0,2024-05
C10136,2023-02-24,Deposit,1691.0,2023-02
C10136,2022-02-19,Withdrawal,4727.0,2022-02
C10136,2025-06-29,Withdrawal,494.0,2025-06
C10137,2020-11-07,Deposit,11352.0,2020-11
C10137,2022-03-10,Withdrawal,2596.0,2022-03
C10137,2023-10-28,Deposit,7090.0,2023-10
C10137,2023-05-27,Deposit,7849.0,2023-05
C10137,2021-02-04,Deposit,3692.0,2021-02
C10137,2021-01-06,Withdrawal,4755.0,2021-01
C10137,2024-10-28,Deposit,9401.0,2024-10
C10137,2024-03-16,Deposit,2998.0,2024-03
C10137,2024-05-28,Withdrawal,4778.0,2024-05
C10137,2021-05-20,Deposit,2102.0,2021-05
C10137,2023-04-24,Deposit,6192.0,2023-04
C10137,2024-05-24,Withdrawal,2567.0,2024-05
C10137,2021-03-07,Withdrawal,3648.0,2021-03
C10137,2021-06-25,Withdrawal,4823.0,2021-06
C10137,2025-07-27,Withdrawal,2776.0,2025-07
C10137,2021-11-16,Deposit,9961.0,2021-11
C10137,2025-03-19,Withdrawal,4027.0,2025-03
C10138,2020-01-23,Deposit,36753.0,2020-01
C10138,2022-03-16,Deposit,6652.0,2022-03
C10138,2023-11-10,Withdrawal,3694.0,2023-11
C10138,2022-07-19,Deposit,4132.0,2022-07
C10138,2021-04-23,Withdrawal,4913.0,2021-04
C10138,2024-10-15,Deposit,5719.0,2024-10
C10138,2021-10-21,Deposit,9228.0,2021-10
C10138,2020-02-08,Deposit,1970.0,2020-02
C10138,2024-01-09,Deposit,1199.0,2024-01
C10138,2021-07-30,Deposit,981.0,2021-07
C10138,2020-12-28,Deposit,4984.0,2020-12
C10138,2023-02-18,Deposit,9304.0,2023-02
C10138,2023-11-29,Withdrawal,615.0,2023-11
C10138,2024-08-31,Deposit,9465.0,2024-08
C10138,2024-05-11,Deposit,5143.0,2024-05
C10138,2023-05-01,Deposit,2509.0,2023-05
C10138,2024-07-12,Withdrawal,4687.0,2024-07
C10138,2021-03-08,Deposit,236.0,2021-03
C10138,2024-06-19,Deposit,8650.0,2024-06
C10138,2022-03-25,Deposit,3617.0,2022-03
C10138,2025-08-25,Withdrawal,3694.0,2025-08
C10139,2025-08-16,Deposit,43577.0,2025-08
C10140,2024-06-30,Deposit,26413.0,2024-06
C10141,2020-04-02,Deposit,10887.0,2020-04
C10141,2025-06-06,Withdrawal,3658.0,2025-06
C10141,2021-05-18,Deposit,621.0,2021-05
C10141,2024-01-14,Withdrawal,4787.0,2024-01
C10141,2022-06-15,Withdrawal,2450.4,2022-06
C10141,2024-11-09,Withdrawal,490.0799999999999,2024-11
C10141,2020-09-30,Deposit,2239.0,2020-09
C10142,2020-05-26,Deposit,33998.0,2020-05
C10142,2024-01-28,Withdrawal,2521.0,2024-01
C10142,2022-09-09,Withdrawal,2005.0,2022-09
C10142,2021-04-03,Deposit,8337.0,2021-04
C10142,2024-05-27,Deposit,2050.0,2024-05
C10142,2021-08-29,Withdrawal,2039.0,2021-08
C10142,2023-09-15,Deposit,2561.0,2023-09
C10142,2023-04-12,Deposit,2863.0,2023-04
C10142,2021-10-15,Deposit,7982.0,2021-10
C10142,2025-02-16,Withdrawal,2673.0,2025-02
C10142,2023-09-22,Withdrawal,1858.0,2023-09
C10142,2021-06-30,Withdrawal,4402.0,2021-06
C10143,2020-04-27,Deposit,9840.0,2020-04
C10143,2024-02-18,Deposit,8566.0,2024-02
C10143,2024-04-27,Deposit,2201.0,2024-04
C10143,2024-08-25,Deposit,1129.0,2024-08
C10144,2024-01-01,Deposit,25245.0,2024-01
C10144,2024-08-03,Withdrawal,4102.0,2024-08
C10145,2021-11-28,Deposit,36712.0,2021-11
C10145,2025-07-02,Deposit,7050.0,2025-07
C10145,2025-04-10,Withdrawal,717.0,2025-04
C10145,2023-07-10,Deposit,9496.0,2023-07
C10145,2024-07-09,Withdrawal,4283.0,2024-07
C10145,2023-09-08,Withdrawal,109.0,2023-09
C10145,2025-06-12,Deposit,1844.0,2025-06
C10145,2022-01-30,Withdrawal,3770.0,2022-01
C10145,2023-01-17,Deposit,7401.0,2023-01
C10145,2023-09-08,Deposit,7580.0,2023-09
C10145,2024-07-30,Deposit,4195.0,2024-07
C10145,2023-06-30,Deposit,2883.0,2023-06
C10145,2025-03-12,Deposit,5402.0,2025-03
C10145,2023-11-16,Withdrawal,2378.0,2023-11
C10146,2025-11-07,Deposit,19358.0,2025-11
C10147,2020-02-10,Deposit,21868.0,2020-02
C10147,2025-02-18,Withdrawal,2439.0,2025-02
C10148,2021-05-20,Deposit,28393.0,2021-05
C10148,2025-04-30,Deposit,1575.0,2025-04
C10148,2025-05-06,Withdrawal,3756.0,2025-05
C10148,2024-05-19,Withdrawal,1382.0,2024-05
C10148,2025-03-09,Deposit,9674.0,2025-03
C10148,2023-03-23,Withdrawal,3596.0,2023-03
C10149,2020-09-14,Deposit,40857.0,2020-09
C10149,2025-04-18,Withdrawal,139.0,2025-04
C10149,2024-01-19,Deposit,9203.0,2024-01
C10149,2025-05-12,Deposit,1613.0,2025-05
C10150,2024-07-02,Deposit,25773.0,2024-07
C10151,2024-06-04,Deposit,30117.0,2024-06
C10152,2023-08-15,Deposit,18073.0,2023-08
C10152,2025-03-11,Deposit,958.0,2025-03
C10152,2025-04-17,Deposit,1218.0,2025-04
C10152,2024-04-22,Deposit,9207.0,2024-04
C10152,2025-06-28,Withdrawal,4395.0,2025-06
C10153,2024-10-05,Deposit,44805.0,2024-10
C10154,2022-01-10,Deposit,31640.0,2022-01
C10154,2023-10-13,Withdrawal,4519.0,2023-10
C10154,2024-03-01,Deposit,6214.0,2024-03
C10154,2023-02-17,Deposit,1084.0,2023-02
C10154,2024-02-13,Withdrawal,2374.0,2024-02
C10154,2024-05-28,Withdrawal,4093.0,2024-05
C10154,2023-10-08,Withdrawal,892.0,2023-10
C10155,2021-05-25,Deposit,17872.0,2021-05
C10155,2024-01-07,Deposit,4822.0,2024-01
C10155,2024-09-14,Deposit,8373.0,2024-09
C10155,2021-10-28,Withdrawal,847.0,2021-10
C10155,2023-07-09,Withdrawal,3985.0,2023-07
C10155,2024-09-02,Deposit,8296.0,2024-09
C10155,2021-07-05,Deposit,1975.0,2021-07
C10156,2022-09-13,Deposit,14432.0,2022-09
C10156,2024-09-30,Deposit,7880.0,2024-09
C10156,2024-02-08,Withdrawal,4547.0,2024-02
C10156,2024-01-16,Withdrawal,3590.0,2024-01
C10156,2024-11-21,Withdrawal,1094.0,2024-11
C10156,2022-11-26,Deposit,5904.0,2022-11
C10156,2024-02-03,Withdrawal,471.0,2024-02
C10156,2025-04-23,Withdrawal,2122.0,2025-04
C10156,2024-05-17,Deposit,1943.0,2024-05
C10156,2023-03-27,Withdrawal,1166.0,2023-03
C10157,2024-02-25,Deposit,12215.0,2024-02
C10157,2024-06-08,Withdrawal,4876.0,2024-06
C10157,2024-04-24,Withdrawal,1220.0,2024-04
C10157,2024-03-30,Deposit,7868.0,2024-03
C10157,2024-07-11,Withdrawal,1929.0,2024-07
C10157,2024-08-29,Withdrawal,3315.0,2024-08
C10158,2021-04-15,Deposit,30289.0,2021-04
C10158,2024-08-13,Deposit,7787.0,2024-08
C10158,2024-05-07,Deposit,4078.0,2024-05
C10159,2022-05-28,Deposit,40115.0,2022-05
C10159,2024-07-09,Withdrawal,4579.0,2024-07
C10159,2024-08-16,Deposit,6115.0,2024-08
C10159,2025-03-07,Deposit,9415.0,2025-03
C10159,2023-08-14,Deposit,3500.0,2023-08
C10159,2025-02-21,Withdrawal,1912.0,2025-02
C10159,2024-05-11,Withdrawal,1462.0,2024-05
C10159,2023-05-27,Deposit,6478.0,2023-05
C10160,2020-03-26,Deposit,31023.0,2020-03
C10160,2021-03-05,Deposit,5111.0,2021-03
C10160,2025-09-16,Withdrawal,1291.0,2025-09
C10160,2020-07-13,Withdrawal,3588.0,2020-07
C10160,2022-12-11,Withdrawal,1341.0,2022-12
C10161,2022-08-01,Deposit,15290.0,2022-08
C10161,2024-02-17,Withdrawal,4368.0,2024-02
C10161,2023-09-15,Withdrawal,1366.0,2023-09
C10161,2025-08-02,Deposit,4166.0,2025-08
C10161,2024-09-28,Withdrawal,4930.0,2024-09
C10161,2022-08-11,Withdrawal,393.0,2022-08
C10161,2025-08-25,Withdrawal,4659.0,2025-08
C10161,2024-02-23,Withdrawal,2962.0,2024-02
C10161,2024-12-24,Withdrawal,622.4000000000001,2024-12
C10162,2024-02-14,Deposit,10353.0,2024-02
C10162,2024-04-09,Withdrawal,1755.0,2024-04
C10163,2021-11-11,Deposit,47271.0,2021-11
C10163,2022-02-15,Deposit,8221.0,2022-02
C10163,2025-05-27,Deposit,7057.0,2025-05
C10163,2023-01-26,Deposit,1563.0,2023-01
C10163,2025-09-07,Withdrawal,3834.0,2025-09
C10163,2024-10-19,Deposit,2291.0,2024-10
C10164,2023-10-04,Deposit,41410.0,2023-10
C10165,2024-06-21,Deposit,26261.0,2024-06
C10165,2025-06-03,Withdrawal,4472.0,2025-06
C10166,2020-10-18,Deposit,29866.0,2020-10
C10166,2025-04-07,Deposit,4525.0,2025-04
C10166,2023-11-10,Withdrawal,1900.0,2023-11
C10166,2021-08-12,Deposit,6879.0,2021-08
C10166,2021-05-24,Deposit,9039.0,2021-05
C10166,2023-02-11,Withdrawal,2972.0,2023-02
C10166,2021-07-06,Deposit,6930.0,2021-07
C10167,2022-03-02,Deposit,25990.0,2022-03
C10168,2023-07-23,Deposit,15902.0,2023-07
C10168,2025-06-19,Deposit,3537.0,2025-06
C10169,2025-03-12,Deposit,17138.0,2025-03
C10169,2025-04-18,Withdrawal,1167.0,2025-04
C10170,2020-08-25,Deposit,47269.0,2020-08
C10170,2025-02-06,Deposit,9793.0,2025-02
C10170,2020-11-22,Deposit,4703.0,2020-11
C10170,2022-07-10,Withdrawal,1173.0,2022-07
C10171,2025-05-16,Deposit,13472.0,2025-05
C10172,2021-07-19,Deposit,13025.0,2021-07
C10172,2022-08-04,Withdrawal,401.0,2022-08
C10173,2025-09-09,Deposit,25544.0,2025-09
C10174,2021-11-12,Deposit,47748.0,2021-11
C10174,2023-05-24,Withdrawal,600.0,2023-05
C10175,2021-09-09,Deposit,24417.0,2021-09
C10175,2024-01-13,Withdrawal,1786.0,2024-01
C10175,2022-10-08,Deposit,2002.0,2022-10
C10175,2025-02-10,Withdrawal,1213.0,2025-02
C10175,2022-07-12,Withdrawal,4626.0,2022-07
C10175,2023-01-23,Withdrawal,1567.0,2023-01
C10176,2023-04-12,Deposit,18029.0,2023-04
C10177,2023-11-06,Deposit,25752.0,2023-11
C10177,2025-04-26,Withdrawal,3743.0,2025-04
C10177,2025-02-07,Withdrawal,2413.0,2025-02
C10177,2024-11-13,Withdrawal,2363.0,2024-11
C10177,2025-07-14,Deposit,7475.0,2025-07
C10177,2024-02-02,Deposit,4452.0,2024-02
C10177,2024-04-03,Deposit,2217.0,2024-04
C10177,2024-05-26,Deposit,4621.0,2024-05
C10178,2021-06-25,Deposit,44287.0,2021-06
C10178,2021-08-12,Withdrawal,1310.0,2021-08
C10178,2024-07-19,Withdrawal,3783.0,2024-07
C10178,2024-12-13,Withdrawal,485.0,2024-12
C10178,2024-10-12,Withdrawal,1979.0,2024-10
C10178,2022-10-10,Deposit,3895.0,2022-10
C10178,2022-02-28,Deposit,6488.0,2022-02
C10178,2025-04-30,Deposit,7354.0,2025-04
C10178,2023-09-03,Withdrawal,1048.0,2023-09
C10178,2024-12-25,Withdrawal,3235.0,2024-12
C10178,2025-01-02,Withdrawal,3307.0,2025-01
C10178,2025-03-12,Withdrawal,3284.0,2025-03
C10178,2022-01-11,Deposit,3922.0,2022-01
C10179,2023-02-18,Deposit,33174.0,2023-02
C10180,2024-02-04,Deposit,15349.0,2024-02
C10180,2024-04-14,Deposit,8301.0,2024-04
C10180,2025-07-30,Withdrawal,4378.0,2025-07
C10180,2024-04-27,Deposit,4307.0,2024-04
C10181,2024-11-17,Deposit,24421.0,2024-11
C10181,2025-01-04,Deposit,3160.0,2025-01
C10181,2024-11-21,Withdrawal,783.0,2024-11
C10182,2023-12-01,Deposit,36321.0,2023-12
C10182,2025-01-23,Deposit,5582.0,2025-01
C10182,2024-08-07,Withdrawal,172.0,2024-08
C10182,2024-09-06,Withdrawal,1194.0,2024-09
C10182,2023-12-07,Withdrawal,2014.0,2023-12
C10182,2025-04-01,Deposit,292.0,2025-04
C10182,2025-07-29,Withdrawal,334.0,2025-07
C10183,2021-03-20,Deposit,40164.0,2021-03
C10183,2025-01-05,Withdrawal,176.0,2025-01
C10183,2025-06-01,Deposit,745.0,2025-06
C10183,2023-10-29,Withdrawal,3478.0,2023-10
C10184,2022-11-10,Deposit,47483.0,2022-11
C10184,2023-01-28,Deposit,9681.0,2023-01
C10184,2024-06-30,Deposit,769.0,2024-06
C10184,2023-07-05,Withdrawal,2562.0,2023-07
C10184,2023-03-10,Withdrawal,763.0,2023-03
C10184,2023-08-12,Withdrawal,3752.0,2023-08
C10184,2024-03-30,Deposit,469.0,2024-03
C10185,2022-02-19,Deposit,13446.0,2022-02
C10185,2022-07-22,Deposit,7008.0,2022-07
C10185,2022-02-27,Deposit,5852.0,2022-02
C10185,2023-11-02,Withdrawal,4922.0,2023-11
C10185,2025-08-04,Withdrawal,4726.0,2025-08
C10185,2024-09-24,Deposit,6663.0,2024-09
C10185,2024-03-22,Deposit,2170.0,2024-03
C10186,2023-08-01,Deposit,39880.0,2023-08
C10186,2023-12-02,Withdrawal,3233.0,2023-12
C10186,2024-11-26,Withdrawal,2157.0,2024-11
C10186,2025-07-02,Withdrawal,4151.0,2025-07
C10186,2023-10-29,Withdrawal,2472.0,2023-10
C10186,2025-04-13,Withdrawal,3757.0,2025-04
C10186,2024-03-24,Deposit,3301.0,2024-03
C10186,2024-08-30,Deposit,3706.0,2024-08
C10187,2021-08-20,Deposit,5516.0,2021-08
C10187,2025-05-13,Withdrawal,3437.0,2025-05
C10187,2022-06-23,Withdrawal,1663.2,2022-06
C10187,2023-07-16,Deposit,140.0,2023-07
C10187,2025-08-07,Deposit,7907.0,2025-08
C10187,2025-05-08,Deposit,337.0,2025-05
C10187,2022-03-15,Withdrawal,782.0,2022-03
C10187,2023-03-27,Withdrawal,3150.0,2023-03
C10187,2022-01-12,Withdrawal,4434.0,2022-01
C10187,2022-08-22,Deposit,9992.0,2022-08
C10187,2022-03-19,Deposit,6944.0,2022-03
C10187,2023-06-10,Deposit,6553.0,2023-06
C10187,2025-03-06,Deposit,5655.0,2025-03
C10187,2025-07-14,Withdrawal,4023.0,2025-07
C10188,2024-08-18,Deposit,22060.0,2024-08
C10188,2024-12-02,Deposit,6451.0,2024-12
C10188,2025-03-28,Deposit,2994.0,2025-03
C10188,2025-05-29,Deposit,4828.0,2025-05
C10188,2025-02-11,Withdrawal,838.0,2025-02
C10188,2024-12-23,Withdrawal,4598.0,2024-12
C10189,2023-11-04,Deposit,13747.0,2023-11
C10189,2023-11-18,Deposit,6520.0,2023-11
C10189,2024-01-30,Deposit,6092.0,2024-01
C10189,2025-09-10,Withdrawal,4920.0,2025-09
C10190,2022-02-22,Deposit,30987.0,2022-02
C10190,2022-09-15,Deposit,9773.0,2022-09
C10190,2024-07-12,Withdrawal,4750.0,2024-07
C10190,2022-06-22,Deposit,4510.0,2022-06
C10190,2025-06-08,Withdrawal,2557.0,2025-06
C10190,2022-10-07,Withdrawal,1482.0,2022-10
C10190,2023-12-29,Withdrawal,4987.0,2023-12
C10191,2022-04-11,Deposit,48041.0,2022-04
C10191,2023-07-02,Deposit,7962.0,2023-07
C10191,2025-05-18,Deposit,8134.0,2025-05
C10192,2023-05-07,Deposit,23953.0,2023-05
C10192,2024-11-12,Withdrawal,3659.0,2024-11
C10193,2021-04-24,Deposit,48344.0,2021-04
C10193,2022-11-11,Withdrawal,4983.0,2022-11
C10193,2022-03-20,Withdrawal,3482.0,2022-03
C10193,2022-02-04,Withdrawal,3432.0,2022-02
C10193,2024-02-24,Deposit,1643.0,2024-02
C10193,2021-12-03,Withdrawal,2554.0,2021-12
C10194,2022-09-11,Deposit,43439.0,2022-09
C10194,2023-07-09,Deposit,6090.0,2023-07
C10194,2024-04-19,Withdrawal,164.0,2024-04
C10194,2025-02-05,Withdrawal,2660.0,2025-02
C10194,2025-03-07,Withdrawal,2302.0,2025-03
C10194,2025-04-26,Withdrawal,2376.0,2025-04
C10194,2024-10-30,Deposit,377.0,2024-10
C10194,2023-11-30,Withdrawal,2175.0,2023-11
C10194,2025-02-17,Deposit,7979.0,2025-02
C10194,2025-07-08,Withdrawal,1148.0,2025-07
C10194,2025-02-15,Withdrawal,2597.0,2025-02
C10195,2021-03-16,Deposit,14484.0,2021-03
C10195,2024-12-12,Withdrawal,1842.0,2024-12
C10195,2021-07-14,Withdrawal,2903.0,2021-07
C10195,2021-04-12,Withdrawal,127.0,2021-04
C10195,2023-06-07,Deposit,7506.0,2023-06
C10195,2024-10-15,Withdrawal,4359.0,2024-10
C10195,2021-12-04,Deposit,2205.0,2021-12
C10195,2022-09-25,Deposit,6227.0,2022-09
C10195,2023-10-21,Deposit,2702.0,2023-10
C10195,2025-05-02,Withdrawal,2445.0,2025-05
C10195,2024-04-05,Withdrawal,2995.0,2024-04
C10195,2023-06-27,Deposit,2054.0,2023-06
C10195,2021-04-10,Withdrawal,3161.0,2021-04
C10195,2023-10-12,Deposit,7062.0,2023-10
C10196,2021-07-18,Deposit,36874.0,2021-07
C10196,2022-04-29,Withdrawal,198.0,2022-04
C10196,2022-07-03,Deposit,439.0,2022-07
C10196,2024-08-27,Withdrawal,1251.0,2024-08
C10196,2024-03-22,Withdrawal,4192.0,2024-03
C10196,2023-04-20,Deposit,2749.0,2023-04
C10196,2023-06-15,Withdrawal,968.0,2023-06
C10196,2023-08-30,Deposit,653.0,2023-08
C10196,2021-10-27,Deposit,3878.0,2021-10
C10196,2025-07-13,Deposit,6910.0,2025-07
C10196,2023-03-07,Withdrawal,4941.0,2023-03
C10197,2023-03-16,Deposit,18636.0,2023-03
C10197,2024-10-27,Deposit,8299.0,2024-10
C10197,2025-08-19,Deposit,9234.0,2025-08
C10197,2024-07-27,Deposit,450.0,2024-07
C10198,2025-03-25,Deposit,29968.0,2025-03
C10198,2025-06-25,Withdrawal,718.0,2025-06
C10198,2025-07-30,Withdrawal,4392.0,2025-07
C10199,2020-12-06,Deposit,46416.0,2020-12
C10199,2025-02-11,Withdrawal,708.0,2025-02
C10199,2025-02-01,Deposit,4218.0,2025-02
C10199,2024-07-15,Withdrawal,3803.0,2024-07
C10199,2021-05-19,Withdrawal,1435.0,2021-05
C10199,2022-02-22,Withdrawal,335.0,2022-02
C10199,2024-08-14,Deposit,9142.0,2024-08
C10199,2025-03-27,Withdrawal,1630.0,2025-03
C10199,2023-07-04,Withdrawal,1699.0,2023-07
C10200,2024-03-11,Deposit,24409.0,2024-03
C10200,2024-12-20,Withdrawal,689.0,2024-12
C10200,2024-08-25,Withdrawal,1388.0,2024-08
C10201,2023-10-19,Deposit,28377.0,2023-10
C10202,2024-01-04,Deposit,36470.0,2024-01
C10202,2025-06-15,Deposit,3397.0,2025-06
C10202,2024-05-30,Deposit,4423.0,2024-05
C10202,2024-06-06,Withdrawal,3189.0,2024-06
C10202,2025-05-14,Deposit,4958.0,2025-05
C10202,2025-03-29,Withdrawal,2606.0,2025-03
C10202,2024-02-01,Withdrawal,648.0,2024-02
C10202,2025-02-15,Withdrawal,3267.0,2025-02
C10203,2021-02-27,Deposit,44623.0,2021-02
C10203,2024-05-15,Deposit,9293.0,2024-05
C10203,2023-12-16,Deposit,9636.0,2023-12
C10203,2022-01-26,Deposit,5529.0,2022-01
C10203,2023-05-19,Withdrawal,4856.0,2023-05
C10203,2023-11-04,Deposit,415.0,2023-11
C10203,2024-04-09,Deposit,7669.0,2024-04
C10203,2025-04-21,Withdrawal,3160.0,2025-04
C10204,2020-01-25,Deposit,9147.0,2020-01
C10204,2022-09-20,Deposit,3346.0,2022-09
C10205,2025-10-21,Deposit,32920.0,2025-10
C10206,2020-08-23,Deposit,14061.0,2020-08
C10206,2023-04-20,Deposit,7795.0,2023-04
C10206,2023-06-18,Deposit,7523.0,2023-06
C10206,2024-12-09,Withdrawal,2671.0,2024-12
C10206,2021-11-27,Withdrawal,3269.0,2021-11
C10207,2020-11-23,Deposit,44561.0,2020-11
C10207,2021-02-10,Deposit,2155.0,2021-02
C10207,2024-05-15,Deposit,7738.0,2024-05
C10207,2023-05-23,Withdrawal,3204.0,2023-05
C10207,2022-03-13,Withdrawal,4152.0,2022-03
C10207,2024-05-12,Withdrawal,3201.0,2024-05
C10207,2020-12-15,Withdrawal,1747.0,2020-12
C10207,2023-08-11,Deposit,6938.0,2023-08
C10207,2022-06-23,Deposit,8356.0,2022-06
C10207,2022-10-03,Deposit,4165.0,2022-10
C10207,2021-11-16,Deposit,3892.0,2021-11
C10207,2021-05-17,Withdrawal,1290.0,2021-05
C10207,2023-03-22,Withdrawal,4106.0,2023-03
C10207,2023-04-02,Deposit,8356.0,2023-04
C10207,2024-07-07,Deposit,552.0,2024-07
C10207,2024-09-21,Withdrawal,840.0,2024-09
C10207,2025-03-16,Withdrawal,889.0,2025-03
C10207,2024-05-26,Withdrawal,1482.0,2024-05
C10208,2022-05-31,Deposit,8332.0,2022-05
C10208,2023-11-01,Withdrawal,1933.0,2023-11
C10209,2024-02-18,Deposit,40126.0,2024-02
C10209,2025-08-06,Withdrawal,3917.0,2025-08
C10209,2025-02-01,Deposit,9328.0,2025-02
C10209,2025-07-14,Deposit,5558.0,2025-07
C10209,2025-05-09,Deposit,7263.0,2025-05
C10209,2025-05-05,Deposit,9143.0,2025-05
C10210,2023-11-19,Deposit,44570.0,2023-11
C10210,2024-10-15,Withdrawal,4961.0,2024-10
C10210,2025-09-12,Deposit,5523.0,2025-09
C10210,2024-01-20,Withdrawal,3160.0,2024-01
C10210,2024-05-22,Withdrawal,235.0,2024-05
C10210,2025-07-21,Deposit,1639.0,2025-07
C10211,2021-10-06,Deposit,5277.0,2021-10
C10211,2023-08-19,Deposit,3981.0,2023-08
C10211,2023-09-21,Withdrawal,3817.0,2023-09
C10211,2022-10-25,Deposit,4752.0,2022-10
C10211,2021-11-19,Withdrawal,641.0,2021-11
C10211,2024-08-28,Deposit,9185.0,2024-08
C10211,2022-07-30,Withdrawal,4899.0,2022-07
C10211,2023-07-08,Withdrawal,4378.0,2023-07
C10211,2023-05-19,Withdrawal,1257.0,2023-05
C10211,2024-12-25,Withdrawal,1416.0,2024-12
C10211,2022-08-25,Withdrawal,4239.0,2022-08
C10212,2025-04-17,Deposit,14173.0,2025-04
C10212,2025-04-22,Deposit,2033.0,2025-04
C10212,2025-07-27,Deposit,133.0,2025-07
C10213,2023-10-06,Deposit,25565.0,2023-10
C10213,2024-01-05,Withdrawal,2286.0,2024-01
C10213,2024-12-17,Deposit,8791.0,2024-12
C10213,2024-02-07,Withdrawal,786.0,2024-02
C10213,2025-07-29,Withdrawal,1075.0,2025-07
C10213,2024-04-24,Deposit,3410.0,2024-04
C10214,2024-05-13,Deposit,20819.0,2024-05
C10215,2020-10-09,Deposit,18156.0,2020-10
C10215,2023-07-24,Deposit,3505.0,2023-07
C10215,2021-05-06,Deposit,1646.0,2021-05
C10215,2021-06-26,Deposit,2850.0,2021-06
C10215,2025-07-25,Withdrawal,1931.0,2025-07
C10215,2024-09-10,Deposit,2295.0,2024-09
C10215,2021-07-08,Deposit,3799.0,2021-07
C10215,2024-11-11,Deposit,5953.0,2024-11
C10215,2024-10-06,Withdrawal,1445.0,2024-10
C10215,2022-08-02,Withdrawal,1541.0,2022-08
C10215,2023-08-09,Deposit,643.0,2023-08
C10215,2021-02-16,Deposit,934.0,2021-02
C10215,2022-02-05,Deposit,4138.0,2022-02
C10215,2023-09-01,Withdrawal,2669.0,2023-09
C10216,2020-09-05,Deposit,48850.0,2020-09
C10216,2023-03-16,Withdrawal,159.0,2023-03
C10216,2025-02-24,Withdrawal,947.0,2025-02
C10216,2024-01-28,Withdrawal,1433.0,2024-01
C10216,2023-01-23,Deposit,4911.0,2023-01
C10216,2022-12-28,Deposit,1450.0,2022-12
C10216,2025-03-09,Withdrawal,980.0,2025-03
C10216,2022-04-06,Deposit,7457.0,2022-04
C10216,2022-11-26,Withdrawal,1781.0,2022-11
C10216,2023-09-20,Deposit,7625.0,2023-09
C10216,2021-07-05,Withdrawal,4070.0,2021-07
C10217,2024-02-01,Deposit,8020.0,2024-02
C10217,2024-10-19,Deposit,5388.0,2024-10
C10217,2025-07-17,Withdrawal,4350.0,2025-07
C10217,2025-07-25,Withdrawal,3566.0,2025-07
C10218,2021-08-25,Deposit,11930.0,2021-08
C10218,2023-01-17,Withdrawal,3747.0,2023-01
C10218,2022-05-03,Withdrawal,1708.0,2022-05
C10218,2023-06-10,Deposit,5758.0,2023-06
C10218,2024-12-21,Withdrawal,4715.0,2024-12
C10218,2025-02-03,Withdrawal,344.0,2025-02
C10218,2025-01-21,Deposit,2781.0,2025-01
C10218,2023-02-27,Withdrawal,1665.0,2023-02
C10218,2024-06-06,Deposit,4200.0,2024-06
C10218,2021-10-21,Deposit,3434.0,2021-10
C10219,2020-12-31,Deposit,13752.0,2020-12
C10219,2022-05-28,Deposit,5273.0,2022-05
C10219,2025-04-15,Withdrawal,4198.0,2025-04
C10219,2023-12-09,Withdrawal,1007.0,2023-12
C10219,2025-01-11,Deposit,8190.0,2025-01
C10219,2022-02-03,Withdrawal,975.0,2022-02
C10219,2023-03-06,Deposit,2781.0,2023-03
C10219,2024-12-07,Withdrawal,4269.0,2024-12
C10220,2025-02-13,Deposit,15340.0,2025-02
C10221,2022-05-03,Deposit,25434.0,2022-05
C10221,2023-08-06,Withdrawal,1653.0,2023-08
C10221,2025-05-26,Withdrawal,4714.0,2025-05
C10221,2024-09-13,Deposit,6063.0,2024-09
C10221,2023-10-25,Deposit,5692.0,2023-10
C10221,2023-10-30,Deposit,8646.0,2023-10
C10221,2022-07-06,Withdrawal,1910.0,2022-07
C10221,2023-10-11,Withdrawal,907.0,2023-10
C10221,2022-08-21,Deposit,2788.0,2022-08
C10221,2023-07-28,Deposit,9702.0,2023-07
C10222,2020-04-02,Deposit,39882.0,2020-04
C10222,2023-07-31,Deposit,9447.0,2023-07
C10222,2021-09-07,Deposit,6079.0,2021-09
C10222,2021-04-28,Withdrawal,4366.0,2021-04
C10223,2022-09-05,Deposit,42686.0,2022-09
C10223,2025-07-10,Deposit,8251.0,2025-07
C10223,2024-02-02,Withdrawal,267.0,2024-02
C10223,2025-04-04,Withdrawal,420.0,2025-04
C10223,2023-05-23,Withdrawal,421.0,2023-05
C10223,2024-01-04,Withdrawal,4527.0,2024-01
C10223,2023-10-09,Deposit,3699.0,2023-10
C10223,2023-03-24,Deposit,2537.0,2023-03
C10223,2025-09-04,Deposit,8422.0,2025-09
C10224,2020-10-04,Deposit,18610.0,2020-10
C10224,2023-02-17,Withdrawal,1847.0,2023-02
C10224,2021-09-09,Withdrawal,415.0,2021-09
C10224,2021-07-09,Deposit,5653.0,2021-07
C10224,2022-05-16,Withdrawal,680.0,2022-05
C10225,2024-04-19,Deposit,11219.0,2024-04
C10226,2023-05-22,Deposit,21844.0,2023-05
C10226,2025-01-03,Withdrawal,1602.0,2025-01
C10227,2025-10-14,Deposit,27083.0,2025-10
C10228,2024-03-25,Deposit,47234.0,2024-03
C10228,2025-01-26,Deposit,446.0,2025-01
C10228,2024-12-31,Deposit,3846.0,2024-12
C10228,2024-12-02,Withdrawal,374.0,2024-12
C10228,2024-09-02,Withdrawal,2279.0,2024-09
C10228,2024-08-05,Deposit,9125.0,2024-08
C10229,2025-09-04,Deposit,37524.0,2025-09
C10230,2020-10-14,Deposit,38579.0,2020-10
C10230,2023-01-18,Withdrawal,4463.0,2023-01
C10230,2021-07-20,Deposit,1187.0,2021-07
C10231,2023-10-28,Deposit,8123.0,2023-10
C10231,2025-08-11,Withdrawal,2668.0,2025-08
C10231,2024-12-06,Deposit,2895.0,2024-12
C10232,2022-09-11,Deposit,5037.0,2022-09
C10232,2023-12-30,Deposit,7830.0,2023-12
C10232,2024-07-19,Deposit,5971.0,2024-07
C10232,2023-04-21,Deposit,1359.0,2023-04
C10232,2023-04-03,Withdrawal,4133.0,2023-04
C10232,2025-01-08,Deposit,8232.0,2025-01
C10232,2023-09-25,Deposit,7250.0,2023-09
C10232,2022-11-05,Withdrawal,1696.0,2022-11
C10233,2025-11-24,Deposit,16677.0,2025-11
C10234,2020-01-23,Deposit,9451.0,2020-01
C10234,2025-08-24,Deposit,3551.0,2025-08
C10234,2025-04-18,Withdrawal,563.0,2025-04
C10234,2024-02-13,Withdrawal,4430.0,2024-02
C10234,2020-11-16,Withdrawal,3840.0,2020-11
C10234,2021-05-26,Withdrawal,3335.2000000000003,2021-05
C10234,2022-12-28,Withdrawal,667.0399999999998,2022-12
C10234,2020-12-21,Withdrawal,133.4079999999999,2020-12
C10234,2021-08-16,Deposit,7241.0,2021-08
C10234,2020-09-19,Deposit,4481.0,2020-09
C10234,2025-03-15,Withdrawal,3682.0,2025-03
C10234,2024-09-19,Withdrawal,3448.0,2024-09
C10234,2022-08-02,Withdrawal,717.0,2022-08
C10234,2021-04-01,Withdrawal,3126.6815999999994,2021-04
C10235,2021-06-25,Deposit,34515.0,2021-06
C10235,2024-02-26,Withdrawal,1062.0,2024-02
C10235,2022-06-20,Deposit,8856.0,2022-06
C10235,2023-09-25,Deposit,7961.0,2023-09
C10235,2023-02-09,Deposit,2765.0,2023-02
C10235,2022-06-13,Deposit,1537.0,2022-06
C10235,2023-09-11,Deposit,7789.0,2023-09
C10235,2021-09-29,Deposit,6302.0,2021-09
C10236,2024-10-11,Deposit,8815.0,2024-10
C10236,2025-08-25,Withdrawal,1218.0,2025-08
C10237,2021-11-12,Deposit,27947.0,2021-11
C10237,2024-06-25,Deposit,5906.0,2024-06
C10237,2023-08-31,Deposit,1079.0,2023-08
C10237,2021-12-05,Deposit,1492.0,2021-12
C10237,2024-10-30,Deposit,1407.0,2024-10
C10238,2022-04-28,Deposit,9539.0,2022-04
C10238,2023-11-16,Deposit,1299.0,2023-11
C10238,2025-02-17,Deposit,1999.0,2025-02
C10238,2023-11-15,Withdrawal,3751.0,2023-11
C10238,2024-05-13,Withdrawal,2479.0,2024-05
C10238,2025-06-22,Withdrawal,4169.0,2025-06
C10238,2024-04-17,Deposit,7517.0,2024-04
C10238,2025-07-09,Deposit,227.0,2025-07
C10238,2022-06-02,Withdrawal,604.0,2022-06
C10238,2022-12-11,Deposit,5431.0,2022-12
C10239,2021-11-08,Deposit,35616.0,2021-11
C10239,2024-04-13,Withdrawal,4871.0,2024-04
C10239,2023-03-09,Withdrawal,4526.0,2023-03
C10239,2022-04-20,Deposit,4350.0,2022-04
C10239,2024-09-18,Deposit,8816.0,2024-09
C10239,2025-04-04,Withdrawal,3773.0,2025-04
C10239,2025-02-21,Withdrawal,531.0,2025-02
C10239,2023-12-01,Withdrawal,2184.0,2023-12
C10239,2023-04-15,Withdrawal,324.0,2023-04
C10240,2022-12-27,Deposit,37464.0,2022-12
C10240,2023-10-21,Deposit,4630.0,2023-10
C10240,2024-10-26,Withdrawal,1066.0,2024-10
C10240,2024-07-25,Withdrawal,3107.0,2024-07
C10240,2025-03-07,Withdrawal,547.0,2025-03
C10241,2021-07-08,Deposit,37140.0,2021-07
C10241,2021-10-19,Deposit,8336.0,2021-10
C10241,2021-10-13,Deposit,1729.0,2021-10
C10241,2023-09-14,Withdrawal,2420.0,2023-09
C10241,2021-08-31,Withdrawal,1136.0,2021-08
C10242,2023-11-05,Deposit,43979.0,2023-11
C10242,2023-12-05,Deposit,4956.0,2023-12
C10243,2021-01-02,Deposit,22017.0,2021-01
C10244,2023-06-11,Deposit,35061.0,2023-06
C10244,2025-01-20,Deposit,6331.0,2025-01
C10244,2024-04-26,Deposit,9244.0,2024-04
C10245,2025-06-16,Deposit,26096.0,2025-06
C10245,2025-07-09,Withdrawal,3118.0,2025-07
C10245,2025-08-08,Withdrawal,2322.0,2025-08
C10246,2022-07-03,Deposit,46234.0,2022-07
C10246,2023-07-09,Withdrawal,4841.0,2023-07
C10246,2025-03-25,Deposit,4234.0,2025-03
C10246,2025-04-12,Withdrawal,526.0,2025-04
C10246,2025-05-06,Deposit,100.0,2025-05
C10246,2025-09-03,Deposit,3842.0,2025-09
C10246,2024-09-10,Deposit,232.0,2024-09
C10246,2023-11-20,Withdrawal,3277.0,2023-11
C10246,2023-11-17,Withdrawal,2576.0,2023-11
C10246,2025-07-13,Withdrawal,297.0,2025-07
C10246,2023-07-23,Deposit,634.0,2023-07
C10246,2023-12-07,Withdrawal,4256.0,2023-12
C10246,2023-08-06,Withdrawal,1261.0,2023-08
C10246,2024-01-03,Deposit,8741.0,2024-01
C10247,2020-02-15,Deposit,20921.0,2020-02
C10248,2023-09-22,Deposit,6638.0,2023-09
C10248,2023-10-08,Deposit,8979.0,2023-10
C10249,2023-06-23,Deposit,15979.0,2023-06
C10249,2024-02-29,Withdrawal,390.0,2024-02
C10249,2024-12-22,Withdrawal,1761.0,2024-12
C10249,2023-07-23,Deposit,2526.0,2023-07
C10249,2025-04-12,Deposit,8335.0,2025-04
C10249,2024-07-30,Withdrawal,1277.0,2024-07
C10250,2023-10-06,Deposit,18182.0,2023-10
C10250,2024-10-28,Withdrawal,1994.0,2024-10
C10250,2024-03-05,Deposit,8263.0,2024-03
C10250,2024-05-23,Withdrawal,331.0,2024-05
C10250,2025-01-02,Deposit,810.0,2025-01
C10250,2025-04-13,Deposit,578.0,2025-04
C10250,2025-08-22,Withdrawal,3849.0,2025-08
C10250,2024-02-28,Withdrawal,857.0,2024-02
C10250,2023-10-19,Withdrawal,3815.0,2023-10
C10251,2022-11-30,Deposit,5592.0,2022-11
C10251,2024-04-10,Deposit,7874.0,2024-04
C10251,2023-03-25,Deposit,9572.0,2023-03
C10251,2025-05-12,Withdrawal,3788.0,2025-05
C10251,2024-11-01,Withdrawal,4279.0,2024-11
C10252,2022-06-22,Deposit,44890.0,2022-06
C10252,2022-08-12,Deposit,8908.0,2022-08
C10252,2025-09-07,Deposit,9342.0,2025-09
C10252,2024-05-17,Deposit,7319.0,2024-05
C10252,2023-03-01,Deposit,9367.0,2023-03
C10252,2024-03-05,Withdrawal,1600.0,2024-03
C10252,2022-09-26,Withdrawal,783.0,2022-09
C10252,2023-06-26,Deposit,6325.0,2023-06
C10253,2023-11-13,Deposit,36106.0,2023-11
C10253,2024-11-28,Withdrawal,2972.0,2024-11
C10253,2025-01-13,Withdrawal,746.0,2025-01
C10253,2024-09-24,Withdrawal,3940.0,2024-09
C10253,2024-11-10,Deposit,4549.0,2024-11
C10253,2024-02-09,Withdrawal,2248.0,2024-02
C10253,2024-11-02,Withdrawal,2050.0,2024-11
C10253,2025-01-27,Withdrawal,3068.0,2025-01
C10254,2023-04-07,Deposit,29656.0,2023-04
C10254,2024-03-05,Deposit,9506.0,2024-03
C10254,2025-03-11,Withdrawal,2413.0,2025-03
C10254,2023-04-19,Deposit,4746.0,2023-04
C10254,2024-12-02,Deposit,2162.0,2024-12
C10254,2024-10-13,Withdrawal,1502.0,2024-10
C10254,2025-07-14,Withdrawal,2130.0,2025-07
C10254,2023-09-20,Deposit,5526.0,2023-09
C10255,2022-05-18,Deposit,15202.0,2022-05
C10255,2022-11-06,Withdrawal,2289.0,2022-11
C10255,2025-08-05,Withdrawal,4209.0,2025-08
C10255,2025-09-03,Deposit,4284.0,2025-09
C10256,2024-01-27,Deposit,44645.0,2024-01
C10256,2024-07-26,Deposit,5294.0,2024-07
C10256,2024-05-18,Withdrawal,3369.0,2024-05
C10257,2020-05-28,Deposit,6497.0,2020-05
C10257,2024-04-26,Deposit,7798.0,2024-04
C10257,2022-11-04,Withdrawal,2563.0,2022-11
C10257,2023-03-06,Withdrawal,4752.0,2023-03
C10257,2024-12-02,Withdrawal,2374.0,2024-12
C10258,2025-07-02,Deposit,11024.0,2025-07
C10258,2025-09-04,Withdrawal,2480.0,2025-09
C10259,2025-01-02,Deposit,46698.0,2025-01
C10260,2022-08-16,Deposit,27362.0,2022-08
C10260,2023-11-10,Deposit,7640.0,2023-11
C10260,2023-09-05,Withdrawal,658.0,2023-09
C10260,2025-06-02,Withdrawal,1142.0,2025-06
C10260,2023-03-28,Deposit,2544.0,2023-03
C10260,2025-08-13,Withdrawal,1097.0,2025-08
C10260,2024-12-18,Deposit,3532.0,2024-12
C10260,2024-09-14,Withdrawal,1170.0,2024-09
C10260,2023-04-11,Withdrawal,1052.0,2023-04
C10261,2025-04-16,Deposit,12317.0,2025-04
C10261,2025-05-29,Withdrawal,2804.0,2025-05
C10262,2021-09-28,Deposit,12749.0,2021-09
C10262,2025-08-21,Deposit,5487.0,2025-08
C10262,2024-07-14,Withdrawal,876.0,2024-07
C10262,2025-05-17,Withdrawal,640.0,2025-05
C10263,2020-09-21,Deposit,30891.0,2020-09
C10263,2021-07-09,Withdrawal,1311.0,2021-07
C10263,2024-11-03,Withdrawal,3003.0,2024-11
C10263,2021-10-15,Deposit,7015.0,2021-10
C10263,2023-02-26,Deposit,3151.0,2023-02
C10263,2021-11-28,Deposit,5165.0,2021-11
C10263,2024-09-22,Withdrawal,4600.0,2024-09
C10263,2021-02-03,Withdrawal,466.0,2021-02
C10263,2024-03-04,Deposit,9820.0,2024-03
C10263,2024-09-06,Deposit,6329.0,2024-09
C10263,2025-08-07,Deposit,6523.0,2025-08
C10263,2024-08-07,Deposit,6470.0,2024-08
C10263,2021-12-25,Withdrawal,4330.0,2021-12
C10263,2023-12-28,Withdrawal,3795.0,2023-12
C10263,2022-07-20,Deposit,3905.0,2022-07
C10263,2024-07-05,Withdrawal,2728.0,2024-07
C10263,2021-08-18,Deposit,4829.0,2021-08
C10263,2020-09-28,Deposit,976.0,2020-09
C10263,2021-09-29,Deposit,9547.0,2021-09
C10264,2022-08-19,Deposit,38822.0,2022-08
C10264,2023-03-27,Withdrawal,4675.0,2023-03
C10264,2023-07-16,Withdrawal,4088.0,2023-07
C10264,2022-09-18,Deposit,5949.0,2022-09
C10264,2022-10-03,Withdrawal,2052.0,2022-10
C10264,2023-12-01,Deposit,6528.0,2023-12
C10264,2023-07-29,Withdrawal,3727.0,2023-07
C10264,2024-12-15,Withdrawal,408.0,2024-12
C10265,2023-02-23,Deposit,16017.0,2023-02
C10265,2024-06-07,Withdrawal,1084.0,2024-06
C10265,2023-11-16,Withdrawal,2043.0,2023-11
C10265,2024-03-20,Deposit,7511.0,2024-03
C10266,2024-08-09,Deposit,17619.0,2024-08
C10267,2020-12-22,Deposit,20284.0,2020-12
C10267,2021-06-13,Deposit,1558.0,2021-06
C10268,2023-01-20,Deposit,27835.0,2023-01
C10268,2023-03-11,Withdrawal,928.0,2023-03
C10268,2025-07-17,Withdrawal,962.0,2025-07
C10268,2024-12-22,Deposit,6166.0,2024-12
C10268,2023-12-08,Deposit,9424.0,2023-12
C10268,2024-01-02,Withdrawal,2248.0,2024-01
C10268,2023-05-09,Withdrawal,4332.0,2023-05
C10268,2023-10-15,Deposit,3641.0,2023-10
C10268,2025-08-07,Deposit,3135.0,2025-08
C10268,2025-01-03,Deposit,898.0,2025-01
C10268,2025-01-10,Withdrawal,2760.0,2025-01
C10269,2025-06-18,Deposit,39009.0,2025-06
C10270,2020-09-12,Deposit,10020.0,2020-09
C10270,2024-09-21,Deposit,3439.0,2024-09
C10270,2024-06-01,Withdrawal,4473.0,2024-06
C10270,2025-01-15,Deposit,9053.0,2025-01
C10271,2023-11-01,Deposit,17665.0,2023-11
C10271,2025-02-09,Withdrawal,3799.0,2025-02
C10271,2024-10-05,Withdrawal,2564.0,2024-10
C10272,2022-04-03,Deposit,40898.0,2022-04
C10272,2022-10-04,Withdrawal,3371.0,2022-10
C10272,2025-07-24,Withdrawal,3833.0,2025-07
C10272,2024-01-21,Withdrawal,2989.0,2024-01
C10272,2022-11-15,Withdrawal,1747.0,2022-11
C10273,2025-02-06,Deposit,21859.0,2025-02
C10274,2025-06-15,Deposit,20703.0,2025-06
C10274,2025-09-10,Withdrawal,4289.0,2025-09
C10274,2025-08-31,Deposit,601.0,2025-08
C10275,2025-10-14,Deposit,27736.0,2025-10
C10276,2025-06-05,Deposit,31616.0,2025-06
C10277,2020-11-20,Deposit,29767.0,2020-11
C10277,2021-06-02,Deposit,7234.0,2021-06
C10277,2024-08-22,Withdrawal,1642.0,2024-08
C10278,2023-07-09,Deposit,7481.0,2023-07
C10278,2024-02-15,Withdrawal,2940.0,2024-02
C10278,2024-06-05,Withdrawal,3632.8,2024-06
C10279,2023-12-20,Deposit,30538.0,2023-12
C10279,2025-01-31,Withdrawal,1824.0,2025-01
C10280,2025-04-04,Deposit,35664.0,2025-04
C10281,2024-08-04,Deposit,15993.0,2024-08
C10281,2025-04-29,Deposit,9375.0,2025-04
C10281,2024-08-16,Withdrawal,3746.0,2024-08
C10281,2025-06-06,Deposit,860.0,2025-06
C10281,2025-07-06,Withdrawal,783.0,2025-07
C10282,2025-04-09,Deposit,27911.0,2025-04
C10283,2021-10-20,Deposit,17658.0,2021-10
C10283,2025-08-27,Deposit,4207.0,2025-08
C10284,2024-06-25,Deposit,37712.0,2024-06
C10284,2025-08-02,Deposit,7000.0,2025-08
C10284,2025-08-13,Deposit,5524.0,2025-08
C10284,2025-08-18,Withdrawal,3245.0,2025-08
C10285,2024-07-09,Deposit,6467.0,2024-07
C10285,2025-03-27,Withdrawal,151.0,2025-03
C10286,2025-10-25,Deposit,16308.0,2025-10
C10287,2023-12-29,Deposit,34614.0,2023-12
C10287,2024-11-08,Withdrawal,3632.0,2024-11
C10287,2025-02-19,Withdrawal,2159.0,2025-02
C10287,2024-12-03,Deposit,5311.0,2024-12
C10287,2024-09-30,Deposit,8217.0,2024-09
C10288,2024-12-04,Deposit,48020.0,2024-12
C10289,2025-05-07,Deposit,10971.0,2025-05
C10289,2025-06-08,Withdrawal,2081.0,2025-06
C10290,2025-10-21,Deposit,33780.0,2025-10
C10291,2023-11-22,Deposit,19901.0,2023-11
C10292,2020-05-07,Deposit,8588.0,2020-05
C10293,2022-01-25,Deposit,6726.0,2022-01
C10293,2024-02-09,Deposit,7665.0,2024-02
C10293,2022-08-30,Withdrawal,1839.0,2022-08
C10293,2023-03-31,Deposit,9833.0,2023-03
C10293,2024-07-28,Withdrawal,366.0,2024-07
C10293,2022-04-27,Deposit,7780.0,2022-04
C10293,2022-02-08,Withdrawal,2246.0,2022-02
C10293,2023-04-27,Withdrawal,3430.0,2023-04
C10293,2023-08-27,Deposit,7719.0,2023-08
C10293,2025-06-26,Withdrawal,1440.0,2025-06
C10293,2023-04-01,Withdrawal,1582.0,2023-04
C10293,2024-11-18,Deposit,3303.0,2024-11
C10293,2024-04-02,Withdrawal,4577.0,2024-04
C10294,2020-09-28,Deposit,21361.0,2020-09
C10294,2022-02-25,Withdrawal,349.0,2022-02
C10294,2021-08-26,Deposit,3054.0,2021-08
C10294,2024-04-06,Deposit,678.0,2024-04
C10294,2024-07-24,Withdrawal,843.0,2024-07
C10294,2023-03-08,Withdrawal,2258.0,2023-03
C10294,2021-09-15,Withdrawal,3686.0,2021-09
C10294,2022-05-18,Deposit,1913.0,2022-05
C10294,2022-09-16,Withdrawal,2865.0,2022-09
C10294,2025-05-15,Deposit,2464.0,2025-05
C10294,2022-01-23,Withdrawal,1544.0,2022-01
C10294,2020-11-08,Withdrawal,4109.0,2020-11
C10294,2021-12-28,Withdrawal,4139.0,2021-12
C10295,2023-07-30,Deposit,27166.0,2023-07
C10295,2024-06-17,Deposit,5185.0,2024-06
C10296,2021-01-13,Deposit,36182.0,2021-01
C10296,2021-04-30,Withdrawal,128.0,2021-04
C10296,2023-11-01,Deposit,2003.0,2023-11
C10296,2022-07-30,Deposit,4961.0,2022-07
C10296,2025-04-28,Withdrawal,2599.0,2025-04
C10296,2023-10-14,Deposit,8173.0,2023-10
C10296,2024-10-05,Deposit,1964.0,2024-10
C10296,2024-09-25,Deposit,3316.0,2024-09
C10296,2021-07-21,Deposit,1001.0,2021-07
C10296,2022-01-19,Deposit,1685.0,2022-01
C10296,2024-12-18,Deposit,135.0,2024-12
C10297,2022-05-18,Deposit,17158.0,2022-05
C10297,2023-06-16,Withdrawal,3084.0,2023-06
C10297,2025-01-18,Withdrawal,3146.0,2025-01
C10297,2025-08-17,Deposit,2700.0,2025-08
C10297,2025-06-30,Deposit,3872.0,2025-06
C10297,2023-09-11,Withdrawal,878.0,2023-09
C10297,2023-07-26,Withdrawal,4569.0,2023-07
C10297,2023-07-02,Deposit,8962.0,2023-07
C10297,2023-05-10,Withdrawal,4511.0,2023-05
C10297,2025-03-17,Deposit,5925.0,2025-03
C10297,2022-12-31,Withdrawal,4871.0,2022-12
C10297,2024-11-05,Deposit,915.0,2024-11
C10297,2022-06-21,Deposit,3970.0,2022-06
C10297,2022-07-28,Deposit,4210.0,2022-07
C10298,2024-08-17,Deposit,46675.0,2024-08
C10298,2025-04-30,Withdrawal,101.0,2025-04
C10299,2020-05-09,Deposit,40745.0,2020-05
C10299,2021-02-28,Withdrawal,3422.0,2021-02
C10299,2023-12-06,Deposit,8671.0,2023-12
C10299,2023-10-21,Withdrawal,4121.0,2023-10
C10299,2024-01-19,Withdrawal,699.0,2024-01
C10299,2023-02-12,Withdrawal,2099.0,2023-02
C10299,2022-09-30,Withdrawal,1643.0,2022-09
C10299,2021-01-28,Withdrawal,4392.0,2021-01
C10299,2023-02-24,Deposit,2398.0,2023-02
C10299,2024-03-13,Withdrawal,2607.0,2024-03
C10299,2024-09-04,Deposit,4252.0,2024-09
C10299,2024-11-12,Deposit,1425.0,2024-11
C10299,2023-01-30,Withdrawal,2807.0,2023-01
C10299,2023-11-30,Withdrawal,1003.0,2023-11
C10299,2024-03-15,Withdrawal,3361.0,2024-03
C10300,2025-04-10,Deposit,5214.0,2025-04
C10301,2022-04-20,Deposit,20409.0,2022-04
C10301,2024-04-24,Withdrawal,966.0,2024-04
C10301,2022-12-20,Deposit,5808.0,2022-12
C10301,2024-05-02,Deposit,4370.0,2024-05
C10301,2023-11-03,Deposit,604.0,2023-11
C10301,2025-04-02,Deposit,4198.0,2025-04
C10301,2023-04-28,Withdrawal,3367.0,2023-04
C10301,2025-09-13,Withdrawal,588.0,2025-09
C10301,2025-04-27,Deposit,4746.0,2025-04
C10301,2025-09-10,Deposit,7222.0,2025-09
C10301,2022-09-25,Deposit,3384.0,2022-09
C10301,2024-10-16,Deposit,5943.0,2024-10
C10302,2021-06-24,Deposit,15998.0,2021-06
C10303,2021-08-17,Deposit,45156.0,2021-08
C10303,2023-04-08,Withdrawal,1475.0,2023-04
C10303,2021-09-02,Deposit,870.0,2021-09
C10303,2025-08-10,Deposit,5740.0,2025-08
C10303,2022-08-10,Withdrawal,4830.0,2022-08
C10303,2022-05-29,Deposit,1635.0,2022-05
C10303,2023-10-08,Deposit,4491.0,2023-10
C10303,2021-12-08,Withdrawal,4158.0,2021-12
C10304,2021-03-06,Deposit,8388.0,2021-03
C10304,2024-02-16,Deposit,7251.0,2024-02
C10304,2024-12-24,Withdrawal,298.0,2024-12
C10304,2024-07-13,Deposit,4206.0,2024-07
C10304,2023-11-16,Withdrawal,2965.0,2023-11
C10304,2021-06-25,Withdrawal,2623.0,2021-06
C10304,2024-07-31,Withdrawal,4193.0,2024-07
C10304,2024-10-24,Deposit,6431.0,2024-10
C10304,2021-08-30,Deposit,6303.0,2021-08
C10304,2022-03-14,Deposit,5875.0,2022-03
C10304,2021-10-25,Deposit,9304.0,2021-10
C10304,2024-10-14,Withdrawal,4381.0,2024-10
C10304,2025-01-28,Deposit,7770.0,2025-01
C10304,2022-09-30,Deposit,3464.0,2022-09
C10304,2021-12-19,Deposit,8020.0,2021-12
C10305,2023-08-21,Deposit,24576.0,2023-08
C10305,2025-04-24,Withdrawal,4525.0,2025-04
C10305,2024-01-10,Deposit,1295.0,2024-01
C10305,2025-01-24,Withdrawal,4539.0,2025-01
C10305,2025-01-31,Deposit,1086.0,2025-01
C10306,2022-12-11,Deposit,25593.0,2022-12
C10306,2023-03-05,Withdrawal,2124.0,2023-03
C10306,2023-09-27,Withdrawal,577.0,2023-09
C10306,2024-06-29,Deposit,8941.0,2024-06
C10306,2024-07-06,Withdrawal,4596.0,2024-07
C10306,2025-07-19,Withdrawal,319.0,2025-07
C10306,2023-11-21,Withdrawal,1006.0,2023-11
C10307,2021-11-20,Deposit,19445.0,2021-11
C10307,2022-11-27,Deposit,9723.0,2022-11
C10307,2023-03-13,Deposit,3863.0,2023-03
C10307,2023-01-03,Deposit,623.0,2023-01
C10307,2023-11-21,Deposit,3951.0,2023-11
C10307,2025-05-16,Deposit,7308.0,2025-05
C10307,2023-05-05,Withdrawal,2870.0,2023-05
C10307,2024-08-25,Deposit,1672.0,2024-08
C10307,2022-02-01,Deposit,6126.0,2022-02
C10307,2023-06-26,Withdrawal,2589.0,2023-06
C10307,2022-01-06,Withdrawal,758.0,2022-01
C10308,2025-09-01,Deposit,26937.0,2025-09
C10309,2025-06-23,Deposit,44109.0,2025-06
C10309,2025-07-16,Withdrawal,812.0,2025-07
C10310,2025-04-04,Deposit,40163.0,2025-04
C10311,2020-03-15,Deposit,37714.0,2020-03
C10312,2022-09-14,Deposit,24354.0,2022-09
C10312,2025-01-05,Deposit,2166.0,2025-01
C10312,2023-11-17,Deposit,6066.0,2023-11
C10312,2025-09-11,Deposit,9806.0,2025-09
C10312,2024-08-22,Withdrawal,1551.0,2024-08
C10312,2025-06-06,Withdrawal,2300.0,2025-06
C10312,2025-03-10,Withdrawal,697.0,2025-03
C10313,2020-03-28,Deposit,13331.0,2020-03
C10313,2024-09-11,Deposit,9293.0,2024-09
C10313,2024-01-08,Withdrawal,3732.0,2024-01
C10313,2023-01-07,Deposit,5310.0,2023-01
C10313,2023-06-25,Withdrawal,3445.0,2023-06
C10313,2023-03-23,Withdrawal,2030.0,2023-03
C10313,2021-01-19,Withdrawal,3082.0,2021-01
C10313,2021-02-01,Withdrawal,4471.0,2021-02
C10313,2022-10-05,Deposit,9175.0,2022-10
C10313,2024-03-07,Deposit,1813.0,2024-03
C10313,2025-03-28,Withdrawal,2340.0,2025-03
C10313,2024-07-11,Deposit,294.0,2024-07
C10313,2025-01-18,Deposit,4543.0,2025-01
C10314,2025-12-03,Deposit,40812.0,2025-12
C10315,2021-03-14,Deposit,11654.0,2021-03
C10315,2022-06-07,Deposit,8464.0,2022-06
C10315,2024-12-28,Deposit,670.0,2024-12
C10315,2021-07-17,Withdrawal,3913.0,2021-07
C10315,2025-08-11,Withdrawal,3081.0,2025-08
C10315,2023-09-24,Withdrawal,2475.0,2023-09
C10315,2022-04-11,Withdrawal,4682.0,2022-04
C10315,2022-07-26,Withdrawal,2916.0,2022-07
C10315,2021-07-27,Deposit,3371.0,2021-07
C10316,2020-01-22,Deposit,6033.0,2020-01
C10316,2022-09-15,Deposit,9257.0,2022-09
C10316,2024-01-04,Deposit,3385.0,2024-01
C10316,2022-08-01,Withdrawal,4608.0,2022-08
C10316,2022-07-10,Withdrawal,991.0,2022-07
C10316,2021-03-30,Withdrawal,595.0,2021-03
C10316,2024-11-28,Deposit,2847.0,2024-11
C10316,2022-10-29,Deposit,6656.0,2022-10
C10316,2023-06-20,Withdrawal,442.0,2023-06
C10316,2020-05-28,Withdrawal,4197.0,2020-05
C10316,2020-08-05,Deposit,6786.0,2020-08
C10316,2021-12-16,Withdrawal,2269.0,2021-12
C10317,2021-07-30,Deposit,38239.0,2021-07
C10317,2021-11-21,Withdrawal,4735.0,2021-11
C10317,2024-03-27,Deposit,8794.0,2024-03
C10317,2022-12-21,Deposit,7793.0,2022-12
C10317,2022-10-17,Deposit,8459.0,2022-10
C10317,2023-12-28,Withdrawal,458.0,2023-12
C10317,2023-07-01,Deposit,3542.0,2023-07
C10317,2023-03-30,Deposit,2417.0,2023-03
C10318,2022-03-30,Deposit,29808.0,2022-03
C10319,2021-07-22,Deposit,29368.0,2021-07
C10319,2023-06-17,Withdrawal,257.0,2023-06
C10319,2023-05-12,Deposit,2943.0,2023-05
C10319,2025-05-15,Deposit,1471.0,2025-05
C10319,2023-06-17,Withdrawal,154.0,2023-06
C10319,2023-10-05,Withdrawal,956.0,2023-10
C10319,2023-11-07,Withdrawal,3071.0,2023-11
C10319,2023-05-24,Deposit,4030.0,2023-05
C10320,2020-10-25,Deposit,20756.0,2020-10
C10320,2024-08-14,Withdrawal,1856.0,2024-08
C10320,2023-03-10,Deposit,4640.0,2023-03
C10320,2021-08-08,Withdrawal,637.0,2021-08
C10320,2023-11-05,Withdrawal,4185.0,2023-11
C10321,2024-12-28,Deposit,28135.0,2024-12
C10321,2025-06-05,Withdrawal,1053.0,2025-06
C10322,2020-04-20,Deposit,30787.0,2020-04
C10322,2021-08-22,Deposit,8672.0,2021-08
C10322,2021-09-27,Withdrawal,4920.0,2021-09
C10322,2024-03-25,Deposit,7089.0,2024-03
C10322,2022-04-12,Withdrawal,1118.0,2022-04
C10322,2020-07-02,Deposit,6147.0,2020-07
C10323,2022-07-22,Deposit,30937.0,2022-07
C10324,2023-09-24,Deposit,45408.0,2023-09
C10324,2024-11-22,Deposit,1059.0,2024-11
C10324,2025-03-20,Deposit,3515.0,2025-03
C10324,2024-10-02,Withdrawal,965.0,2024-10
C10324,2024-05-05,Deposit,8056.0,2024-05
C10324,2025-05-22,Withdrawal,2223.0,2025-05
C10324,2024-07-12,Withdrawal,2822.0,2024-07
C10324,2024-06-21,Deposit,4467.0,2024-06
C10324,2024-04-10,Withdrawal,4431.0,2024-04
C10325,2022-04-10,Deposit,10068.0,2022-04
C10325,2023-12-27,Withdrawal,843.0,2023-12
C10325,2025-05-10,Deposit,5564.0,2025-05
C10325,2024-09-27,Withdrawal,2707.0,2024-09
C10325,2022-10-03,Withdrawal,845.0,2022-10
C10325,2025-03-14,Withdrawal,3109.0,2025-03
C10325,2023-05-31,Deposit,6242.0,2023-05
C10326,2021-10-25,Deposit,23151.0,2021-10
C10326,2024-12-08,Withdrawal,3761.0,2024-12
C10326,2022-07-13,Deposit,9406.0,2022-07
C10326,2025-01-22,Deposit,3132.0,2025-01
C10326,2025-04-10,Withdrawal,3425.0,2025-04
C10326,2022-07-18,Deposit,1167.0,2022-07
C10326,2025-03-06,Withdrawal,2771.0,2025-03
C10326,2024-09-24,Deposit,644.0,2024-09
C10326,2025-08-09,Deposit,7165.0,2025-08
C10327,2022-08-27,Deposit,13184.0,2022-08
C10327,2022-10-21,Withdrawal,2261.0,2022-10
C10328,2023-06-16,Deposit,33171.0,2023-06
C10328,2024-10-04,Withdrawal,1111.0,2024-10
C10328,2025-06-30,Withdrawal,3108.0,2025-06
C10329,2021-07-14,Deposit,9232.0,2021-07
C10329,2022-04-11,Withdrawal,1638.0,2022-04
C10329,2024-03-23,Deposit,1359.0,2024-03
C10329,2024-02-14,Deposit,846.0,2024-02
C10329,2022-12-27,Deposit,6147.0,2022-12
C10329,2024-06-19,Withdrawal,3482.0,2024-06
C10329,2022-05-01,Deposit,508.0,2022-05
C10329,2025-04-21,Deposit,8815.0,2025-04
C10329,2024-11-16,Deposit,8209.0,2024-11
C10330,2024-01-12,Deposit,35501.0,2024-01
C10330,2025-04-17,Withdrawal,3243.0,2025-04
C10330,2025-05-22,Withdrawal,1785.0,2025-05
C10330,2025-03-29,Deposit,1055.0,2025-03
C10330,2024-04-24,Deposit,5623.0,2024-04
C10330,2024-05-23,Deposit,149.0,2024-05
C10331,2022-08-08,Deposit,16705.0,2022-08
C10331,2023-12-11,Deposit,5831.0,2023-12
C10331,2025-03-11,Deposit,5944.0,2025-03
C10332,2021-02-09,Deposit,8157.0,2021-02
C10333,2020-07-15,Deposit,48313.0,2020-07
C10333,2022-08-11,Withdrawal,262.0,2022-08
C10334,2020-04-29,Deposit,43512.0,2020-04
C10334,2020-05-19,Withdrawal,2485.0,2020-05
C10334,2020-07-19,Deposit,3547.0,2020-07
C10334,2021-07-18,Deposit,4729.0,2021-07
C10334,2023-11-08,Withdrawal,965.0,2023-11
C10334,2023-07-23,Deposit,4225.0,2023-07
C10334,2024-01-30,Deposit,7138.0,2024-01
C10334,2024-09-05,Deposit,7733.0,2024-09
C10334,2020-09-11,Deposit,5754.0,2020-09
C10334,2025-06-15,Deposit,9558.0,2025-06
C10334,2023-10-31,Withdrawal,1181.0,2023-10
C10334,2025-08-01,Withdrawal,3904.0,2025-08
C10335,2021-06-06,Deposit,26100.0,2021-06
C10335,2022-06-19,Deposit,1389.0,2022-06
C10335,2025-02-27,Deposit,2673.0,2025-02
C10335,2024-06-19,Withdrawal,1094.0,2024-06
C10335,2024-05-05,Withdrawal,3585.0,2024-05
C10335,2023-01-15,Withdrawal,2016.0,2023-01
C10335,2024-09-28,Withdrawal,2750.0,2024-09
C10335,2024-05-23,Deposit,6534.0,2024-05
C10335,2022-07-22,Deposit,7454.0,2022-07
C10335,2025-06-18,Withdrawal,1684.0,2025-06
C10336,2023-02-07,Deposit,32591.0,2023-02
C10336,2025-05-24,Deposit,9341.0,2025-05
C10336,2024-01-31,Withdrawal,2501.0,2024-01
C10337,2021-03-22,Deposit,43868.0,2021-03
C10337,2024-07-01,Withdrawal,3654.0,2024-07
C10337,2025-03-23,Withdrawal,3670.0,2025-03
C10337,2024-12-17,Deposit,4701.0,2024-12
C10337,2024-01-09,Withdrawal,450.0,2024-01
C10337,2022-09-18,Deposit,397.0,2022-09
C10337,2023-08-22,Deposit,7895.0,2023-08
C10337,2022-02-28,Deposit,5843.0,2022-02
C10337,2021-10-13,Deposit,5671.0,2021-10
C10337,2023-03-19,Withdrawal,3158.0,2023-03
C10338,2024-11-06,Deposit,38478.0,2024-11
C10338,2025-04-07,Deposit,5337.0,2025-04
C10339,2022-05-04,Deposit,18490.0,2022-05
C10339,2024-03-31,Withdrawal,233.0,2024-03
C10340,2025-11-05,Deposit,36577.0,2025-11
C10341,2022-06-16,Deposit,18339.0,2022-06
C10341,2025-02-20,Withdrawal,1492.0,2025-02
C10342,2020-03-27,Deposit,40154.0,2020-03
C10342,2020-11-22,Withdrawal,3425.0,2020-11
C10342,2024-07-03,Withdrawal,3865.0,2024-07
C10342,2021-11-01,Deposit,1538.0,2021-11
C10342,2021-11-24,Withdrawal,566.0,2021-11
C10342,2024-03-08,Deposit,274.0,2024-03
C10342,2022-10-11,Deposit,2921.0,2022-10
C10342,2023-08-02,Withdrawal,1351.0,2023-08
C10342,2020-12-20,Deposit,3282.0,2020-12
C10342,2023-08-16,Withdrawal,1370.0,2023-08
C10342,2024-04-03,Deposit,6109.0,2024-04
C10342,2020-04-12,Deposit,6513.0,2020-04
C10342,2020-12-13,Withdrawal,3037.0,2020-12
C10342,2022-01-29,Withdrawal,3954.0,2022-01
C10342,2024-01-14,Deposit,2137.0,2024-01
C10342,2025-05-12,Withdrawal,4716.0,2025-05
C10342,2020-04-10,Withdrawal,2718.0,2020-04
C10342,2021-05-04,Deposit,5083.0,2021-05
C10343,2024-06-05,Deposit,26229.0,2024-06
C10343,2025-09-08,Deposit,386.0,2025-09
C10343,2025-07-12,Withdrawal,4376.0,2025-07
C10343,2025-03-03,Withdrawal,943.0,2025-03
C10344,2020-12-21,Deposit,14457.0,2020-12
C10344,2023-11-01,Deposit,9156.0,2023-11
C10344,2024-01-29,Deposit,7375.0,2024-01
C10344,2022-09-04,Withdrawal,1966.0,2022-09
C10344,2021-05-31,Withdrawal,1299.0,2021-05
C10344,2025-05-24,Deposit,4993.0,2025-05
C10344,2021-04-24,Deposit,3192.0,2021-04
C10344,2023-07-01,Withdrawal,4154.0,2023-07
C10344,2022-11-07,Withdrawal,757.0,2022-11
C10344,2024-04-08,Withdrawal,902.0,2024-04
C10344,2022-08-16,Deposit,1072.0,2022-08
C10344,2022-01-06,Withdrawal,3499.0,2022-01
C10344,2024-11-23,Withdrawal,4964.0,2024-11
C10344,2021-01-31,Withdrawal,1344.0,2021-01
C10344,2023-05-12,Withdrawal,1251.0,2023-05
C10344,2023-02-15,Deposit,2793.0,2023-02
C10344,2024-03-25,Deposit,772.0,2024-03
C10344,2025-08-24,Deposit,3546.0,2025-08
C10345,2020-01-26,Deposit,6216.0,2020-01
C10345,2020-10-12,Withdrawal,2447.0,2020-10
C10345,2020-09-25,Deposit,8916.0,2020-09
C10345,2024-06-13,Deposit,8825.0,2024-06
C10345,2025-08-14,Deposit,2095.0,2025-08
C10345,2023-03-04,Deposit,9177.0,2023-03
C10345,2024-06-27,Withdrawal,4819.0,2024-06
C10345,2020-09-15,Withdrawal,1764.0,2020-09
C10345,2020-04-26,Withdrawal,731.0,2020-04
C10345,2023-08-23,Deposit,3913.0,2023-08
C10345,2024-10-01,Withdrawal,292.0,2024-10
C10345,2023-06-19,Withdrawal,967.0,2023-06
C10346,2025-09-02,Deposit,16394.0,2025-09
C10347,2022-09-17,Deposit,10969.0,2022-09
C10347,2024-10-24,Deposit,6690.0,2024-10
C10347,2023-04-01,Withdrawal,4307.0,2023-04
C10347,2025-04-06,Deposit,5680.0,2025-04
C10347,2024-06-24,Deposit,731.0,2024-06
C10347,2024-05-22,Deposit,4629.0,2024-05
C10348,2023-04-16,Deposit,24550.0,2023-04
C10348,2023-12-29,Withdrawal,2024.0,2023-12
C10348,2023-09-03,Deposit,6151.0,2023-09
C10348,2023-06-16,Withdrawal,423.0,2023-06
C10348,2024-11-22,Withdrawal,2099.0,2024-11
C10348,2025-07-17,Withdrawal,4117.0,2025-07
C10348,2024-02-14,Deposit,1995.0,2024-02
C10348,2023-06-18,Deposit,1688.0,2023-06
C10349,2025-06-25,Deposit,34908.0,2025-06
C10349,2025-09-03,Withdrawal,3672.0,2025-09
C10349,2025-08-29,Deposit,3690.0,2025-08
C10350,2025-06-23,Deposit,37594.0,2025-06
C10351,2020-08-14,Deposit,48018.0,2020-08
C10351,2022-10-04,Deposit,868.0,2022-10
C10351,2024-05-30,Withdrawal,2311.0,2024-05
C10351,2021-08-28,Withdrawal,4981.0,2021-08
C10351,2022-11-24,Withdrawal,1586.0,2022-11
C10351,2022-07-22,Withdrawal,4889.0,2022-07
C10351,2022-11-26,Withdrawal,2809.0,2022-11
C10351,2021-12-21,Withdrawal,4442.0,2021-12
C10351,2022-11-04,Withdrawal,3918.0,2022-11
C10351,2023-08-08,Deposit,5813.0,2023-08
C10351,2021-02-15,Withdrawal,2449.0,2021-02
C10352,2023-06-10,Deposit,44167.0,2023-06
C10352,2024-08-26,Deposit,2409.0,2024-08
C10352,2025-01-06,Withdrawal,222.0,2025-01
C10352,2025-08-14,Deposit,5158.0,2025-08
C10353,2024-06-27,Deposit,29687.0,2024-06
C10353,2025-05-15,Withdrawal,310.0,2025-05
C10354,2024-04-14,Deposit,12618.0,2024-04
C10354,2024-05-31,Deposit,841.0,2024-05
C10355,2023-11-23,Deposit,47720.0,2023-11
C10355,2024-02-13,Deposit,8412.0,2024-02
C10355,2025-01-23,Deposit,1256.0,2025-01
C10356,2021-09-13,Deposit,46138.0,2021-09
C10356,2022-05-21,Withdrawal,700.0,2022-05
C10356,2023-03-29,Deposit,2435.0,2023-03
C10356,2024-10-20,Withdrawal,2016.0,2024-10
C10356,2023-04-07,Withdrawal,3380.0,2023-04
C10356,2022-03-24,Withdrawal,4190.0,2022-03
C10356,2022-08-30,Withdrawal,4165.0,2022-08
C10356,2021-10-29,Deposit,5178.0,2021-10
C10356,2024-08-09,Withdrawal,785.0,2024-08
C10356,2024-10-24,Deposit,7951.0,2024-10
C10356,2021-10-14,Withdrawal,610.0,2021-10
C10356,2023-11-24,Deposit,6624.0,2023-11
C10357,2025-09-09,Deposit,25625.0,2025-09
C10358,2021-07-20,Deposit,49513.0,2021-07
C10358,2025-07-05,Deposit,4136.0,2025-07
C10358,2023-05-30,Deposit,1806.0,2023-05
C10358,2022-11-06,Deposit,275.0,2022-11
C10358,2023-03-10,Deposit,4653.0,2023-03
C10358,2025-05-23,Withdrawal,4723.0,2025-05
C10358,2022-12-09,Withdrawal,2044.0,2022-12
C10358,2024-06-29,Deposit,1939.0,2024-06
C10359,2022-11-23,Deposit,5832.0,2022-11
C10359,2025-06-08,Withdrawal,2932.0,2025-06
C10359,2025-03-06,Deposit,7331.0,2025-03
C10360,2025-06-16,Deposit,35125.0,2025-06
C10361,2023-12-18,Deposit,15486.0,2023-12
C10361,2024-06-14,Withdrawal,2871.0,2024-06
C10361,2024-09-29,Deposit,9125.0,2024-09
C10362,2021-05-30,Deposit,7651.0,2021-05
C10362,2022-10-29,Deposit,3237.0,2022-10
C10362,2025-03-08,Deposit,8281.0,2025-03
C10362,2021-06-10,Withdrawal,809.0,2021-06
C10362,2024-01-13,Deposit,2997.0,2024-01
C10362,2024-08-02,Deposit,2362.0,2024-08
C10362,2021-12-02,Deposit,6563.0,2021-12
C10362,2023-08-31,Deposit,5209.0,2023-08
C10362,2023-08-26,Withdrawal,2045.0,2023-08
C10363,2023-11-19,Deposit,13549.0,2023-11
C10363,2024-12-04,Deposit,3117.0,2024-12
C10363,2024-04-29,Deposit,8573.0,2024-04
C10363,2024-03-28,Withdrawal,2482.0,2024-03
C10363,2024-12-08,Withdrawal,2013.0,2024-12
C10363,2025-03-19,Deposit,3868.0,2025-03
C10363,2024-07-20,Withdrawal,222.0,2024-07
C10364,2020-11-05,Deposit,31229.0,2020-11
C10364,2021-02-05,Withdrawal,495.0,2021-02
C10364,2024-10-16,Deposit,2455.0,2024-10
C10364,2022-01-20,Withdrawal,2405.0,2022-01
C10364,2021-08-06,Deposit,2956.0,2021-08
C10365,2022-12-13,Deposit,23971.0,2022-12
C10365,2024-02-18,Deposit,6822.0,2024-02
C10365,2023-04-16,Deposit,5619.0,2023-04
C10365,2025-03-13,Deposit,8740.0,2025-03
C10366,2025-11-08,Deposit,24562.0,2025-11
C10367,2020-06-15,Deposit,9343.0,2020-06
C10367,2022-12-15,Withdrawal,128.0,2022-12
C10367,2021-12-19,Withdrawal,2626.0,2021-12
C10367,2020-07-15,Withdrawal,1363.0,2020-07
C10367,2022-06-08,Deposit,6626.0,2022-06
C10367,2024-09-03,Deposit,7369.0,2024-09
C10367,2023-10-06,Deposit,8366.0,2023-10
C10367,2025-05-10,Withdrawal,458.0,2025-05
C10367,2023-07-21,Deposit,8353.0,2023-07
C10367,2024-04-20,Withdrawal,2728.0,2024-04
C10367,2020-07-24,Deposit,2071.0,2020-07
C10367,2024-09-27,Withdrawal,561.0,2024-09
C10367,2022-12-25,Deposit,3254.0,2022-12
C10367,2023-10-04,Deposit,9276.0,2023-10
C10367,2021-03-22,Deposit,4672.0,2021-03
C10367,2024-11-18,Deposit,7037.0,2024-11
C10367,2022-03-06,Withdrawal,1070.0,2022-03
C10368,2021-04-27,Deposit,46130.0,2021-04
C10368,2023-08-29,Deposit,2006.0,2023-08
C10368,2025-08-20,Deposit,1473.0,2025-08
C10368,2025-06-12,Withdrawal,3541.0,2025-06
C10368,2022-07-01,Withdrawal,324.0,2022-07
C10368,2021-08-21,Deposit,1740.0,2021-08
C10368,2023-11-17,Withdrawal,2402.0,2023-11
C10368,2024-10-07,Deposit,975.0,2024-10
C10369,2024-09-15,Deposit,40241.0,2024-09
C10369,2024-09-28,Withdrawal,1485.0,2024-09
C10370,2021-06-25,Deposit,22709.0,2021-06
C10370,2021-07-29,Deposit,4339.0,2021-07
C10370,2025-09-11,Deposit,8151.0,2025-09
C10370,2024-01-15,Deposit,980.0,2024-01
C10370,2024-08-11,Deposit,6396.0,2024-08
C10370,2025-04-16,Deposit,3427.0,2025-04
C10370,2022-07-02,Withdrawal,1081.0,2022-07
C10371,2024-08-23,Deposit,43513.0,2024-08
C10371,2024-10-05,Deposit,8325.0,2024-10
C10371,2025-04-03,Withdrawal,4167.0,2025-04
C10371,2025-06-22,Withdrawal,4623.0,2025-06
C10371,2025-01-08,Deposit,8359.0,2025-01
C10371,2024-12-22,Withdrawal,4321.0,2024-12
C10371,2025-06-11,Withdrawal,2456.0,2025-06
C10372,2021-08-03,Deposit,19831.0,2021-08
C10372,2022-08-01,Deposit,539.0,2022-08
C10372,2024-05-04,Withdrawal,3428.0,2024-05
C10372,2021-10-23,Withdrawal,1798.0,2021-10
C10372,2024-10-20,Withdrawal,3999.0,2024-10
C10372,2024-02-11,Deposit,7154.0,2024-02
C10372,2023-07-12,Deposit,8971.0,2023-07
C10373,2024-09-05,Deposit,26079.0,2024-09
C10373,2025-02-01,Withdrawal,107.0,2025-02
C10373,2024-11-26,Withdrawal,3418.0,2024-11
C10373,2024-12-16,Withdrawal,3210.0,2024-12
C10374,2024-05-28,Deposit,7817.0,2024-05
C10374,2025-08-19,Withdrawal,354.0,2025-08
C10375,2020-01-21,Deposit,44903.0,2020-01
C10375,2022-02-28,Deposit,3824.0,2022-02
C10375,2021-09-22,Deposit,6896.0,2021-09
C10375,2025-07-05,Withdrawal,3496.0,2025-07
C10375,2021-01-07,Withdrawal,1427.0,2021-01
C10375,2020-04-16,Deposit,6941.0,2020-04
C10375,2020-09-17,Deposit,5443.0,2020-09
C10375,2023-05-08,Deposit,8949.0,2023-05
C10375,2022-11-08,Withdrawal,3838.0,2022-11
C10375,2020-05-10,Withdrawal,4506.0,2020-05
C10375,2024-10-03,Withdrawal,765.0,2024-10
C10375,2022-04-19,Deposit,9258.0,2022-04
C10375,2025-07-25,Deposit,3431.0,2025-07
C10375,2024-01-01,Deposit,8947.0,2024-01
C10375,2025-05-01,Withdrawal,2138.0,2025-05
C10375,2025-07-20,Withdrawal,4550.0,2025-07
C10375,2025-02-11,Deposit,8688.0,2025-02
C10375,2023-12-16,Withdrawal,1906.0,2023-12
C10375,2023-02-08,Deposit,3562.0,2023-02
C10375,2021-10-11,Withdrawal,4810.0,2021-10
C10376,2025-07-20,Deposit,46487.0,2025-07
C10377,2022-04-22,Deposit,38105.0,2022-04
C10378,2020-08-06,Deposit,8736.0,2020-08
C10378,2022-05-13,Deposit,8346.0,2022-05
C10378,2023-03-24,Withdrawal,2055.0,2023-03
C10378,2023-09-15,Deposit,5197.0,2023-09
C10378,2021-10-25,Deposit,5172.0,2021-10
C10378,2023-10-21,Deposit,4918.0,2023-10
C10378,2022-04-02,Deposit,8723.0,2022-04
C10378,2024-11-15,Deposit,5567.0,2024-11
C10378,2024-09-03,Deposit,7437.0,2024-09
C10378,2025-09-11,Deposit,6696.0,2025-09
C10378,2025-02-17,Withdrawal,3309.0,2025-02
C10378,2024-10-10,Deposit,2730.0,2024-10
C10378,2025-02-05,Withdrawal,1285.0,2025-02
C10378,2025-09-01,Withdrawal,3648.0,2025-09
C10378,2022-09-27,Deposit,3932.0,2022-09
C10379,2025-06-20,Deposit,45386.0,2025-06
C10379,2025-08-05,Withdrawal,3073.0,2025-08
C10379,2025-06-21,Withdrawal,3315.0,2025-06
C10380,2025-07-22,Deposit,42309.0,2025-07
C10381,2023-11-01,Deposit,45885.0,2023-11
C10381,2025-04-15,Withdrawal,395.0,2025-04
C10381,2025-01-13,Withdrawal,3474.0,2025-01
C10381,2024-02-15,Withdrawal,4399.0,2024-02
C10381,2024-10-14,Withdrawal,1853.0,2024-10
C10381,2025-07-10,Withdrawal,2451.0,2025-07
C10382,2023-10-11,Deposit,28607.0,2023-10
C10382,2025-02-24,Deposit,8896.0,2025-02
C10382,2024-11-08,Withdrawal,2685.0,2024-11
C10382,2024-02-03,Withdrawal,1578.0,2024-02
C10382,2023-10-30,Deposit,1908.0,2023-10
C10382,2024-02-06,Deposit,7887.0,2024-02
C10382,2025-06-06,Deposit,3156.0,2025-06
C10383,2023-11-25,Deposit,20020.0,2023-11
C10383,2024-12-17,Withdrawal,3058.0,2024-12
C10383,2024-11-11,Withdrawal,2555.0,2024-11
C10383,2024-09-16,Deposit,2440.0,2024-09
C10383,2025-04-24,Withdrawal,4704.0,2025-04
C10384,2022-06-28,Deposit,41751.0,2022-06
C10384,2023-02-18,Deposit,5982.0,2023-02
C10384,2024-07-14,Deposit,9558.0,2024-07
C10384,2023-09-27,Withdrawal,745.0,2023-09
C10384,2024-03-03,Deposit,3868.0,2024-03
C10385,2020-01-25,Deposit,38846.0,2020-01
C10385,2023-12-27,Withdrawal,2777.0,2023-12
C10385,2022-10-11,Withdrawal,2934.0,2022-10
C10385,2021-08-27,Deposit,2212.0,2021-08
C10385,2022-11-05,Deposit,1793.0,2022-11
C10386,2025-01-28,Deposit,38443.0,2025-01
C10386,2025-02-03,Withdrawal,333.0,2025-02
C10387,2022-12-10,Deposit,42208.0,2022-12
C10387,2023-06-08,Deposit,5616.0,2023-06
C10388,2023-08-15,Deposit,21494.0,2023-08
C10389,2024-03-21,Deposit,24174.0,2024-03
C10389,2025-06-10,Withdrawal,2564.0,2025-06
C10390,2021-11-06,Deposit,8343.0,2021-11
C10390,2022-07-06,Deposit,9757.0,2022-07
C10390,2025-06-12,Withdrawal,894.0,2025-06
C10390,2022-12-27,Withdrawal,4405.0,2022-12
C10390,2024-09-02,Withdrawal,3217.0,2024-09
C10390,2022-08-25,Withdrawal,2939.0,2022-08
C10390,2023-01-11,Withdrawal,3123.0,2023-01
C10390,2023-02-05,Withdrawal,2817.6000000000004,2023-02
C10390,2024-10-01,Withdrawal,464.0,2024-10
C10390,2022-01-20,Deposit,7591.0,2022-01
C10390,2025-06-01,Deposit,3248.0,2025-06
C10390,2021-11-26,Deposit,1353.0,2021-11
C10390,2022-02-03,Withdrawal,2963.0,2022-02
C10390,2023-02-13,Withdrawal,3622.0,2023-02
C10390,2022-05-26,Withdrawal,4064.0,2022-05
C10391,2022-07-09,Deposit,5072.0,2022-07
C10391,2024-01-12,Deposit,1366.0,2024-01
C10392,2020-02-17,Deposit,34961.0,2020-02
C10392,2020-07-20,Deposit,9448.0,2020-07
C10392,2021-11-12,Withdrawal,1289.0,2021-11
C10392,2021-07-08,Deposit,2253.0,2021-07
C10392,2022-09-05,Deposit,4792.0,2022-09
C10392,2024-08-15,Deposit,6696.0,2024-08
C10392,2020-11-29,Deposit,3587.0,2020-11
C10393,2024-01-24,Deposit,48794.0,2024-01
C10393,2024-03-21,Deposit,2918.0,2024-03
C10394,2023-02-11,Deposit,6835.0,2023-02
C10394,2024-12-20,Deposit,9702.0,2024-12
C10394,2023-04-04,Deposit,6607.0,2023-04
C10394,2024-08-12,Deposit,1656.0,2024-08
C10394,2025-01-06,Deposit,6945.0,2025-01
C10394,2024-01-06,Withdrawal,3671.0,2024-01
C10394,2023-03-31,Withdrawal,4815.0,2023-03
C10394,2023-07-11,Deposit,6575.0,2023-07
C10394,2023-09-15,Withdrawal,1524.0,2023-09
C10395,2023-12-27,Deposit,19772.0,2023-12
C10395,2024-12-30,Withdrawal,298.0,2024-12
C10396,2025-02-11,Deposit,6853.0,2025-02
C10397,2024-06-27,Deposit,19502.0,2024-06
C10397,2025-02-15,Deposit,3271.0,2025-02
C10397,2024-07-19,Withdrawal,1878.0,2024-07
C10397,2025-01-01,Withdrawal,3011.0,2025-01
C10398,2025-04-07,Deposit,12529.0,2025-04
C10398,2025-07-13,Withdrawal,2347.0,2025-07
C10399,2025-07-27,Deposit,9759.0,2025-07
C10400,2023-07-07,Deposit,43526.0,2023-07
C10400,2023-07-20,Withdrawal,3492.0,2023-07
C10400,2023-09-06,Withdrawal,1123.0,2023-09
C10400,2024-04-21,Deposit,3601.0,2024-04
C10400,2023-07-16,Withdrawal,342.0,2023-07
C10400,2025-04-28,Withdrawal,573.0,2025-04
C10401,2024-10-15,Deposit,12245.0,2024-10
C10401,2025-08-27,Withdrawal,4419.0,2025-08
C10401,2025-01-02,Deposit,9157.0,2025-01
C10402,2020-07-22,Deposit,30663.0,2020-07
C10402,2024-01-02,Withdrawal,402.0,2024-01
C10402,2021-04-02,Deposit,8326.0,2021-04
C10402,2024-08-14,Withdrawal,1175.0,2024-08
C10402,2024-05-06,Deposit,796.0,2024-05
C10402,2025-08-17,Withdrawal,3873.0,2025-08
C10402,2024-02-23,Deposit,9723.0,2024-02
C10402,2022-07-01,Deposit,7974.0,2022-07
C10403,2022-10-24,Deposit,9803.0,2022-10
C10403,2023-10-14,Withdrawal,1912.0,2023-10
C10403,2024-07-06,Deposit,8818.0,2024-07
C10403,2024-09-25,Deposit,5729.0,2024-09
C10403,2023-10-16,Withdrawal,4283.0,2023-10
C10403,2023-11-28,Deposit,2485.0,2023-11
C10403,2024-03-19,Withdrawal,3578.0,2024-03
C10403,2023-10-15,Withdrawal,1537.0,2023-10
C10403,2025-05-02,Withdrawal,800.0,2025-05
C10403,2024-09-21,Withdrawal,3450.0,2024-09
C10403,2024-01-31,Withdrawal,4245.0,2024-01
C10403,2023-09-30,Deposit,9194.0,2023-09
C10403,2023-06-19,Withdrawal,3366.0,2023-06
C10404,2022-09-21,Deposit,32039.0,2022-09
C10405,2025-01-15,Deposit,41973.0,2025-01
C10405,2025-09-06,Withdrawal,2948.0,2025-09
C10406,2020-02-01,Deposit,6711.0,2020-02
C10406,2022-07-19,Deposit,2317.0,2022-07
C10406,2022-03-21,Deposit,9551.0,2022-03
C10406,2020-04-14,Withdrawal,791.0,2020-04
C10406,2025-04-04,Deposit,3778.0,2025-04
C10406,2024-04-08,Deposit,9699.0,2024-04
C10406,2022-09-27,Withdrawal,3870.0,2022-09
C10406,2024-03-11,Deposit,3105.0,2024-03
C10406,2024-10-24,Withdrawal,4961.0,2024-10
C10406,2020-11-23,Deposit,7997.0,2020-11
C10406,2023-05-10,Withdrawal,1864.0,2023-05
C10406,2020-10-13,Withdrawal,2553.0,2020-10
C10407,2021-04-27,Deposit,28588.0,2021-04
C10407,2023-04-27,Deposit,4081.0,2023-04
C10407,2022-09-19,Withdrawal,1080.0,2022-09
C10407,2023-05-02,Deposit,2704.0,2023-05
C10407,2023-01-01,Withdrawal,2039.0,2023-01
C10407,2022-12-28,Withdrawal,3820.0,2022-12
C10407,2025-02-17,Withdrawal,822.0,2025-02
C10407,2021-06-30,Withdrawal,789.0,2021-06
C10407,2022-01-11,Deposit,3184.0,2022-01
C10407,2023-11-14,Deposit,5751.0,2023-11
C10407,2021-10-22,Deposit,3157.0,2021-10
C10407,2021-09-20,Withdrawal,512.0,2021-09
C10407,2023-06-08,Deposit,8448.0,2023-06
C10407,2024-04-25,Deposit,9780.0,2024-04
C10407,2024-04-08,Withdrawal,3505.0,2024-04
C10408,2021-06-04,Deposit,14301.0,2021-06
C10409,2021-02-08,Deposit,6531.0,2021-02
C10409,2023-02-23,Withdrawal,2314.0,2023-02
C10409,2023-11-01,Withdrawal,3154.0,2023-11
C10409,2023-08-22,Withdrawal,1038.0,2023-08
C10410,2024-11-06,Deposit,49386.0,2024-11
C10410,2025-02-04,Deposit,6015.0,2025-02
C10410,2025-06-26,Withdrawal,4733.0,2025-06
C10410,2025-06-30,Withdrawal,4046.0,2025-06
C10410,2025-02-18,Withdrawal,182.0,2025-02
C10411,2022-07-12,Deposit,44349.0,2022-07
C10411,2023-11-03,Deposit,4660.0,2023-11
C10412,2022-09-16,Deposit,12355.0,2022-09
C10412,2025-08-23,Withdrawal,3569.0,2025-08
C10412,2024-03-18,Deposit,1657.0,2024-03
C10412,2022-11-06,Deposit,1752.0,2022-11
C10412,2023-02-13,Withdrawal,4395.0,2023-02
C10413,2025-07-03,Deposit,44709.0,2025-07
C10413,2025-09-10,Withdrawal,3036.0,2025-09
C10414,2020-11-14,Deposit,26679.0,2020-11
C10414,2024-12-15,Deposit,8624.0,2024-12
C10414,2021-12-17,Withdrawal,3106.0,2021-12
C10415,2024-01-11,Deposit,5154.0,2024-01
C10415,2024-07-12,Deposit,4864.0,2024-07
C10415,2025-07-30,Withdrawal,286.0,2025-07
C10415,2025-03-06,Deposit,4468.0,2025-03
C10415,2025-06-23,Deposit,9455.0,2025-06
C10415,2024-08-11,Withdrawal,948.0,2024-08
C10415,2024-09-27,Withdrawal,2605.0,2024-09
C10415,2025-03-09,Deposit,5619.0,2025-03
C10415,2024-04-27,Withdrawal,2286.0,2024-04
C10416,2024-01-18,Deposit,29098.0,2024-01
C10417,2020-08-21,Deposit,40101.0,2020-08
C10417,2025-04-06,Deposit,7132.0,2025-04
C10417,2020-10-18,Deposit,7418.0,2020-10
C10417,2022-09-17,Withdrawal,692.0,2022-09
C10417,2023-03-08,Withdrawal,2209.0,2023-03
C10417,2024-12-05,Deposit,2988.0,2024-12
C10417,2024-06-18,Deposit,1120.0,2024-06
C10417,2024-03-11,Withdrawal,1111.0,2024-03
C10417,2025-06-11,Withdrawal,1639.0,2025-06
C10417,2024-03-15,Deposit,3298.0,2024-03
C10417,2024-04-14,Withdrawal,458.0,2024-04
C10417,2024-04-18,Deposit,3901.0,2024-04
C10417,2023-10-31,Deposit,1570.0,2023-10
C10417,2021-11-02,Withdrawal,2095.0,2021-11
C10417,2022-02-07,Deposit,833.0,2022-02
C10417,2024-02-06,Deposit,1576.0,2024-02
C10417,2025-08-16,Withdrawal,2349.0,2025-08
C10418,2020-07-29,Deposit,38240.0,2020-07
C10418,2022-11-03,Withdrawal,3499.0,2022-11
C10418,2023-05-09,Withdrawal,418.0,2023-05
C10418,2024-07-26,Withdrawal,3753.0,2024-07
C10418,2021-04-17,Deposit,7663.0,2021-04
C10418,2021-04-27,Withdrawal,4093.0,2021-04
C10419,2021-10-09,Deposit,16024.0,2021-10
C10419,2024-01-25,Withdrawal,4147.0,2024-01
C10419,2025-03-30,Deposit,2029.0,2025-03
C10419,2024-07-08,Withdrawal,3872.0,2024-07
C10419,2024-03-17,Deposit,9996.0,2024-03
C10419,2024-04-23,Deposit,4898.0,2024-04
C10419,2025-07-06,Withdrawal,3254.0,2025-07
C10419,2024-01-11,Deposit,9321.0,2024-01
C10419,2024-10-05,Withdrawal,2920.0,2024-10
C10419,2021-11-25,Withdrawal,4256.0,2021-11
C10419,2023-11-26,Deposit,112.0,2023-11
C10419,2021-12-24,Deposit,6340.0,2021-12
C10419,2023-02-27,Withdrawal,206.0,2023-02
C10419,2024-07-20,Deposit,1569.0,2024-07
C10419,2023-01-18,Deposit,8638.0,2023-01
C10419,2022-10-13,Deposit,9237.0,2022-10
C10420,2021-08-27,Deposit,9578.0,2021-08
C10420,2022-12-27,Withdrawal,3810.0,2022-12
C10420,2024-06-27,Deposit,1892.0,2024-06
C10420,2024-08-29,Withdrawal,2358.0,2024-08
C10420,2024-01-24,Withdrawal,4747.0,2024-01
C10421,2020-07-20,Deposit,6760.0,2020-07
C10421,2021-08-18,Withdrawal,1667.0,2021-08
C10421,2025-08-05,Deposit,1068.0,2025-08
C10421,2022-06-12,Deposit,8390.0,2022-06
C10421,2024-12-07,Withdrawal,485.0,2024-12
C10421,2024-07-11,Withdrawal,1585.0,2024-07
C10421,2025-02-24,Deposit,9808.0,2025-02
C10421,2022-05-18,Deposit,8830.0,2022-05
C10421,2023-04-11,Deposit,380.0,2023-04
C10421,2022-08-28,Withdrawal,363.0,2022-08
C10421,2020-09-21,Deposit,5102.0,2020-09
C10422,2024-11-08,Deposit,17776.0,2024-11
C10423,2020-05-02,Deposit,11585.0,2020-05
C10423,2023-03-24,Deposit,7550.0,2023-03
C10424,2024-05-27,Deposit,8904.0,2024-05
C10424,2024-06-26,Withdrawal,311.0,2024-06
C10424,2024-08-11,Deposit,3900.0,2024-08
C10424,2025-02-24,Deposit,9353.0,2025-02
C10425,2023-02-01,Deposit,17060.0,2023-02
C10425,2024-10-26,Deposit,6400.0,2024-10
C10425,2024-11-16,Deposit,9970.0,2024-11
C10425,2023-06-02,Deposit,7152.0,2023-06
C10425,2025-03-07,Withdrawal,2623.0,2025-03
C10426,2021-12-12,Deposit,7529.0,2021-12
C10426,2024-09-30,Deposit,6772.0,2024-09
C10426,2024-03-24,Withdrawal,2460.0,2024-03
C10426,2022-08-08,Withdrawal,784.0,2022-08
C10426,2023-05-07,Withdrawal,2699.0,2023-05
C10426,2021-12-14,Deposit,989.0,2021-12
C10426,2024-12-08,Withdrawal,271.0,2024-12
C10426,2025-04-06,Deposit,437.0,2025-04
C10427,2020-05-04,Deposit,7484.0,2020-05
C10427,2020-05-30,Deposit,652.0,2020-05
C10427,2024-05-12,Withdrawal,3113.0,2024-05
C10427,2021-04-07,Withdrawal,2445.0,2021-04
C10427,2020-07-24,Deposit,3364.0,2020-07
C10427,2020-07-18,Withdrawal,3513.0,2020-07
C10427,2021-05-29,Deposit,6527.0,2021-05
C10427,2020-12-31,Deposit,412.0,2020-12
C10427,2020-06-18,Withdrawal,487.0,2020-06
C10427,2025-04-05,Deposit,9605.0,2025-04
C10427,2024-11-21,Withdrawal,1878.0,2024-11
C10427,2021-11-12,Withdrawal,2484.0,2021-11
C10427,2024-05-24,Withdrawal,2379.0,2024-05
C10427,2022-07-29,Deposit,263.0,2022-07
C10427,2024-07-08,Deposit,9273.0,2024-07
C10427,2024-11-13,Deposit,8786.0,2024-11
C10427,2022-08-22,Deposit,2859.0,2022-08
C10427,2021-08-23,Withdrawal,1794.0,2021-08
C10428,2024-11-16,Deposit,36916.0,2024-11
C10429,2023-09-16,Deposit,24584.0,2023-09
C10430,2024-04-02,Deposit,13985.0,2024-04
C10430,2025-08-01,Withdrawal,4633.0,2025-08
C10431,2025-01-06,Deposit,38084.0,2025-01
C10431,2025-03-29,Deposit,7234.0,2025-03
C10431,2025-02-25,Deposit,1453.0,2025-02
C10431,2025-03-30,Deposit,6454.0,2025-03
C10431,2025-03-10,Deposit,7751.0,2025-03
C10432,2024-09-06,Deposit,45166.0,2024-09
C10433,2025-01-03,Deposit,36669.0,2025-01
C10434,2020-04-11,Deposit,24790.0,2020-04
C10434,2024-12-26,Withdrawal,1655.0,2024-12
C10434,2023-05-02,Withdrawal,4072.0,2023-05
C10434,2024-03-31,Withdrawal,3142.0,2024-03
C10435,2022-05-22,Deposit,49411.0,2022-05
C10435,2024-08-19,Deposit,7268.0,2024-08
C10435,2023-06-01,Deposit,8379.0,2023-06
C10435,2023-05-22,Deposit,2806.0,2023-05
C10435,2025-04-15,Withdrawal,2499.0,2025-04
C10435,2024-01-08,Deposit,2275.0,2024-01
C10435,2025-01-14,Deposit,5804.0,2025-01
C10436,2023-04-13,Deposit,18038.0,2023-04
C10437,2022-04-25,Deposit,44502.0,2022-04
C10437,2024-10-20,Withdrawal,1425.0,2024-10
C10437,2025-01-13,Deposit,1925.0,2025-01
C10437,2025-04-28,Withdrawal,1307.0,2025-04
C10437,2025-09-06,Withdrawal,4775.0,2025-09
C10437,2022-07-29,Withdrawal,4621.0,2022-07
C10437,2024-05-15,Deposit,1727.0,2024-05
C10437,2023-02-17,Deposit,4610.0,2023-02
C10437,2024-04-28,Deposit,5462.0,2024-04
C10438,2023-04-26,Deposit,22751.0,2023-04
C10438,2023-09-20,Withdrawal,3908.0,2023-09
C10438,2024-03-02,Withdrawal,1775.0,2024-03
C10438,2024-12-15,Withdrawal,2024.0,2024-12
C10438,2024-01-16,Withdrawal,4305.0,2024-01
C10438,2024-01-04,Withdrawal,2657.0,2024-01
C10439,2023-04-24,Deposit,9743.0,2023-04
C10439,2025-04-14,Deposit,6414.0,2025-04
C10440,2025-12-26,Deposit,30057.0,2025-12
C10441,2023-03-07,Deposit,10278.0,2023-03
C10441,2024-12-31,Deposit,634.0,2024-12
C10441,2024-01-07,Deposit,4617.0,2024-01
C10441,2024-12-10,Deposit,9257.0,2024-12
C10441,2023-12-07,Deposit,1931.0,2023-12
C10441,2025-01-05,Withdrawal,4092.0,2025-01
C10441,2024-05-21,Deposit,1663.0,2024-05
C10442,2021-06-12,Deposit,19482.0,2021-06
C10442,2022-11-15,Deposit,7932.0,2022-11
C10442,2025-05-08,Deposit,8449.0,2025-05
C10442,2023-03-25,Deposit,2026.0,2023-03
C10442,2025-05-29,Withdrawal,1001.0,2025-05
C10443,2022-06-05,Deposit,10891.0,2022-06
C10443,2023-03-10,Withdrawal,1788.0,2023-03
C10443,2025-06-11,Deposit,5936.0,2025-06
C10443,2023-08-19,Withdrawal,1931.0,2023-08
C10443,2023-12-11,Withdrawal,4194.0,2023-12
C10443,2024-09-29,Withdrawal,1378.0,2024-09
C10443,2022-08-16,Deposit,1214.0,2022-08
C10443,2022-10-29,Withdrawal,3237.0,2022-10
C10443,2024-05-23,Withdrawal,1535.0,2024-05
C10443,2022-11-16,Deposit,3885.0,2022-11
C10443,2022-11-28,Withdrawal,2082.0,2022-11
C10443,2023-07-01,Deposit,1305.0,2023-07
C10443,2024-01-04,Withdrawal,1344.0,2024-01
C10444,2022-11-01,Deposit,16520.0,2022-11
C10444,2025-05-06,Withdrawal,2900.0,2025-05
C10444,2025-06-01,Deposit,1651.0,2025-06
C10444,2024-04-19,Withdrawal,4062.0,2024-04
C10444,2023-05-01,Deposit,4325.0,2023-05
C10444,2024-09-20,Withdrawal,1212.0,2024-09
C10445,2020-06-24,Deposit,47111.0,2020-06
C10445,2020-07-28,Deposit,5052.0,2020-07
C10445,2024-03-16,Withdrawal,2630.0,2024-03
C10445,2020-10-08,Deposit,2027.0,2020-10
C10445,2023-02-09,Deposit,6045.0,2023-02
C10445,2021-07-02,Withdrawal,718.0,2021-07
C10445,2022-05-14,Withdrawal,2732.0,2022-05
C10445,2021-06-29,Withdrawal,4489.0,2021-06
C10445,2022-02-11,Withdrawal,1532.0,2022-02
C10445,2022-10-15,Withdrawal,1481.0,2022-10
C10445,2024-02-14,Deposit,1686.0,2024-02
C10446,2022-06-12,Deposit,17333.0,2022-06
C10446,2023-04-26,Deposit,1565.0,2023-04
C10446,2022-06-17,Deposit,3373.0,2022-06
C10446,2024-08-28,Withdrawal,3244.0,2024-08
C10446,2023-02-25,Withdrawal,3908.0,2023-02
C10446,2024-12-18,Withdrawal,693.0,2024-12
C10446,2024-08-15,Withdrawal,4641.0,2024-08
C10446,2025-08-06,Deposit,2580.0,2025-08
C10446,2024-10-03,Deposit,2083.0,2024-10
C10446,2025-07-03,Withdrawal,4637.0,2025-07
C10446,2024-03-28,Deposit,2688.0,2024-03
C10447,2020-09-02,Deposit,10191.0,2020-09
C10447,2022-05-18,Withdrawal,1065.0,2022-05
C10447,2025-07-16,Withdrawal,1704.0,2025-07
C10447,2024-04-30,Deposit,3798.0,2024-04
C10447,2023-11-18,Deposit,6956.0,2023-11
C10447,2025-03-15,Deposit,8674.0,2025-03
C10447,2023-11-03,Withdrawal,4282.0,2023-11
C10447,2021-05-02,Withdrawal,1854.0,2021-05
C10447,2020-09-30,Deposit,6552.0,2020-09
C10447,2025-07-18,Withdrawal,1101.0,2025-07
C10447,2020-12-15,Withdrawal,331.0,2020-12
C10447,2022-02-17,Withdrawal,3979.0,2022-02
C10447,2021-04-13,Deposit,5180.0,2021-04
C10447,2024-08-18,Withdrawal,312.0,2024-08
C10448,2024-12-25,Deposit,11887.0,2024-12
C10449,2023-08-04,Deposit,30888.0,2023-08
C10449,2025-04-17,Deposit,1908.0,2025-04
C10449,2024-02-12,Withdrawal,4831.0,2024-02
C10449,2025-03-30,Deposit,6759.0,2025-03
C10449,2025-07-01,Withdrawal,4408.0,2025-07
C10449,2023-11-15,Withdrawal,1266.0,2023-11
C10450,2023-05-26,Deposit,43828.0,2023-05
C10450,2024-08-27,Withdrawal,4094.0,2024-08
C10450,2025-07-15,Withdrawal,748.0,2025-07
C10450,2025-03-26,Withdrawal,2007.0,2025-03
C10450,2025-08-10,Deposit,6706.0,2025-08
C10450,2025-05-30,Withdrawal,865.0,2025-05
C10450,2024-05-20,Deposit,2335.0,2024-05
C10450,2023-07-07,Deposit,2978.0,2023-07
C10451,2025-01-31,Deposit,36200.0,2025-01
C10452,2023-09-22,Deposit,30516.0,2023-09
C10452,2025-06-08,Withdrawal,4703.0,2025-06
C10452,2024-09-22,Withdrawal,3527.0,2024-09
C10452,2024-02-13,Withdrawal,3184.0,2024-02
C10452,2025-08-06,Deposit,438.0,2025-08
C10452,2024-08-24,Withdrawal,4368.0,2024-08
C10452,2025-06-01,Deposit,7905.0,2025-06
C10453,2025-06-10,Deposit,46807.0,2025-06
C10454,2020-09-10,Deposit,45176.0,2020-09
C10455,2024-08-04,Deposit,33997.0,2024-08
C10455,2025-08-26,Deposit,8204.0,2025-08
C10455,2024-08-29,Withdrawal,2376.0,2024-08
C10456,2021-09-02,Deposit,41482.0,2021-09
C10456,2021-11-05,Deposit,703.0,2021-11
C10456,2023-03-24,Withdrawal,3696.0,2023-03
C10457,2025-08-29,Deposit,28057.0,2025-08
C10457,2025-09-03,Withdrawal,4472.0,2025-09
C10458,2024-06-26,Deposit,22020.0,2024-06
C10458,2025-08-13,Withdrawal,1219.0,2025-08
C10458,2024-12-29,Withdrawal,283.0,2024-12
C10458,2024-08-30,Withdrawal,4400.0,2024-08
C10458,2024-07-24,Deposit,4360.0,2024-07
C10459,2025-04-03,Deposit,20187.0,2025-04
C10460,2023-03-08,Deposit,33687.0,2023-03
C10460,2023-06-01,Deposit,6014.0,2023-06
C10461,2020-02-23,Deposit,16448.0,2020-02
C10461,2023-12-23,Withdrawal,1522.0,2023-12
C10461,2022-03-02,Withdrawal,4750.0,2022-03
C10461,2023-06-23,Withdrawal,3904.0,2023-06
C10461,2024-07-27,Deposit,3508.0,2024-07
C10461,2023-08-20,Withdrawal,4397.0,2023-08
C10461,2020-07-15,Deposit,6677.0,2020-07
C10461,2024-11-09,Deposit,4359.0,2024-11
C10461,2020-06-25,Deposit,700.0,2020-06
C10462,2023-11-04,Deposit,46303.0,2023-11
C10462,2025-08-07,Deposit,2931.0,2025-08
C10462,2024-09-15,Deposit,4696.0,2024-09
C10463,2024-10-25,Deposit,49063.0,2024-10
C10463,2025-04-27,Deposit,5907.0,2025-04
C10463,2025-05-15,Withdrawal,4563.0,2025-05
C10463,2024-12-04,Withdrawal,1858.0,2024-12
C10464,2024-09-21,Deposit,5142.0,2024-09
C10464,2025-08-18,Withdrawal,3366.0,2025-08
C10464,2025-04-25,Withdrawal,1362.0,2025-04
C10465,2022-02-13,Deposit,43543.0,2022-02
C10465,2024-05-10,Withdrawal,2599.0,2024-05
C10465,2025-04-01,Withdrawal,754.0,2025-04
C10465,2022-12-21,Deposit,1473.0,2022-12
C10465,2023-01-07,Withdrawal,4379.0,2023-01
C10465,2022-05-26,Withdrawal,1571.0,2022-05
C10465,2025-04-15,Deposit,1970.0,2025-04
C10465,2023-07-02,Withdrawal,2146.0,2023-07
C10465,2024-12-24,Withdrawal,2631.0,2024-12
C10465,2024-05-23,Withdrawal,2770.0,2024-05
C10465,2022-07-31,Withdrawal,3821.0,2022-07
C10465,2022-04-24,Withdrawal,2299.0,2022-04
C10465,2022-08-09,Withdrawal,3784.0,2022-08
C10466,2024-06-11,Deposit,41256.0,2024-06
C10466,2025-08-21,Deposit,9434.0,2025-08
C10467,2020-08-12,Deposit,15081.0,2020-08
C10468,2023-12-22,Deposit,16432.0,2023-12
C10468,2024-06-16,Deposit,2437.0,2024-06
C10468,2025-08-09,Withdrawal,239.0,2025-08
C10469,2024-04-29,Deposit,10111.0,2024-04
C10470,2021-12-23,Deposit,13950.0,2021-12
C10470,2023-02-23,Deposit,8515.0,2023-02
C10470,2023-04-21,Deposit,2647.0,2023-04
C10470,2022-02-12,Withdrawal,2266.0,2022-02
C10471,2023-05-13,Deposit,24802.0,2023-05
C10471,2024-11-27,Withdrawal,1603.0,2024-11
C10471,2024-04-10,Deposit,8865.0,2024-04
C10471,2024-07-28,Deposit,3786.0,2024-07
C10471,2025-09-06,Withdrawal,919.0,2025-09
C10471,2025-04-06,Deposit,6014.0,2025-04
C10471,2024-09-04,Withdrawal,1749.0,2024-09
C10471,2025-02-18,Deposit,3276.0,2025-02
C10471,2025-01-12,Withdrawal,4971.0,2025-01
C10471,2025-03-17,Deposit,8759.0,2025-03
C10472,2020-11-21,Deposit,12312.0,2020-11
C10472,2023-04-28,Deposit,7702.0,2023-04
C10472,2023-02-14,Deposit,9087.0,2023-02
C10472,2025-04-11,Deposit,731.0,2025-04
C10472,2024-09-07,Deposit,1867.0,2024-09
C10472,2025-08-15,Withdrawal,4112.0,2025-08
C10472,2023-12-12,Deposit,3486.0,2023-12
C10472,2025-01-03,Withdrawal,4387.0,2025-01
C10472,2022-06-30,Withdrawal,4355.0,2022-06
C10472,2024-10-10,Withdrawal,1306.0,2024-10
C10472,2021-05-12,Withdrawal,4296.0,2021-05
C10472,2025-08-18,Withdrawal,3554.0,2025-08
C10472,2025-05-18,Withdrawal,123.0,2025-05
C10472,2024-01-04,Withdrawal,1403.0,2024-01
C10472,2022-09-13,Withdrawal,4266.0,2022-09
C10472,2023-10-28,Deposit,9096.0,2023-10
C10472,2021-04-26,Withdrawal,3955.0,2021-04
C10473,2021-02-14,Deposit,45767.0,2021-02
C10473,2025-03-30,Withdrawal,1716.0,2025-03
C10473,2023-01-11,Deposit,7886.0,2023-01
C10473,2024-08-04,Deposit,4018.0,2024-08
C10473,2023-05-12,Deposit,2330.0,2023-05
C10473,2023-05-09,Withdrawal,2674.0,2023-05
C10473,2021-12-07,Deposit,3035.0,2021-12
C10473,2024-03-06,Deposit,7181.0,2024-03
C10474,2020-04-11,Deposit,40774.0,2020-04
C10474,2025-04-16,Withdrawal,4128.0,2025-04
C10474,2023-02-18,Withdrawal,2446.0,2023-02
C10474,2021-06-28,Deposit,6626.0,2021-06
C10474,2024-02-05,Deposit,1150.0,2024-02
C10474,2021-01-05,Withdrawal,3574.0,2021-01
C10474,2021-08-20,Deposit,3160.0,2021-08
C10474,2024-11-21,Withdrawal,2704.0,2024-11
C10474,2022-10-15,Deposit,919.0,2022-10
C10474,2024-02-08,Deposit,4007.0,2024-02
C10475,2025-02-05,Deposit,30809.0,2025-02
C10475,2025-05-07,Deposit,6430.0,2025-05
C10475,2025-05-18,Withdrawal,1849.0,2025-05
C10476,2024-09-18,Deposit,12281.0,2024-09
C10476,2025-03-31,Withdrawal,1911.0,2025-03
C10477,2025-10-03,Deposit,49527.0,2025-10
C10478,2021-01-08,Deposit,20851.0,2021-01
C10478,2023-11-03,Deposit,3582.0,2023-11
C10478,2025-01-14,Withdrawal,933.0,2025-01
C10478,2023-11-17,Deposit,6994.0,2023-11
C10478,2022-11-08,Withdrawal,678.0,2022-11
C10478,2021-06-29,Withdrawal,4344.0,2021-06
C10478,2024-07-16,Withdrawal,1849.0,2024-07
C10478,2024-03-08,Withdrawal,507.0,2024-03
C10478,2022-06-03,Deposit,5849.0,2022-06
C10478,2023-08-15,Withdrawal,3698.0,2023-08
C10478,2023-05-23,Deposit,5830.0,2023-05
C10478,2024-11-18,Withdrawal,3086.0,2024-11
C10478,2024-10-07,Withdrawal,1808.0,2024-10
C10478,2024-05-15,Deposit,1729.0,2024-05
C10478,2021-09-01,Withdrawal,3193.0,2021-09
C10478,2023-04-24,Deposit,5025.0,2023-04
C10478,2023-07-09,Withdrawal,1841.0,2023-07
C10478,2022-10-31,Withdrawal,2049.0,2022-10
C10478,2023-01-03,Deposit,7098.0,2023-01
C10479,2020-07-09,Deposit,16882.0,2020-07
C10479,2022-03-20,Deposit,6542.0,2022-03
C10479,2023-06-02,Withdrawal,956.0,2023-06
C10479,2023-04-24,Withdrawal,4178.0,2023-04
C10479,2021-08-07,Withdrawal,916.0,2021-08
C10479,2024-12-25,Deposit,5996.0,2024-12
C10480,2025-10-03,Deposit,46890.0,2025-10
C10481,2023-02-14,Deposit,8065.0,2023-02
C10481,2025-03-10,Deposit,2240.0,2025-03
C10481,2024-12-21,Deposit,7218.0,2024-12
C10481,2023-07-27,Withdrawal,2939.0,2023-07
C10481,2024-02-15,Withdrawal,862.0,2024-02
C10482,2023-11-20,Deposit,43708.0,2023-11
C10482,2024-10-18,Deposit,4526.0,2024-10
C10482,2024-05-31,Withdrawal,3578.0,2024-05
C10482,2025-09-05,Deposit,2086.0,2025-09
C10483,2021-07-29,Deposit,45182.0,2021-07
C10483,2024-06-26,Deposit,2537.0,2024-06
C10483,2022-10-21,Deposit,549.0,2022-10
C10483,2022-09-08,Withdrawal,1796.0,2022-09
C10483,2024-02-17,Withdrawal,1630.0,2024-02
C10483,2023-10-25,Withdrawal,2681.0,2023-10
C10483,2022-11-06,Deposit,8625.0,2022-11
C10483,2023-01-03,Deposit,4709.0,2023-01
C10483,2024-03-02,Withdrawal,971.0,2024-03
C10483,2023-05-14,Withdrawal,597.0,2023-05
C10483,2022-11-25,Deposit,2093.0,2022-11
C10484,2022-12-13,Deposit,38768.0,2022-12
C10484,2023-06-03,Deposit,2459.0,2023-06
C10485,2023-06-18,Deposit,39535.0,2023-06
C10485,2024-12-11,Withdrawal,1001.0,2024-12
C10485,2024-04-06,Deposit,871.0,2024-04
C10485,2024-01-14,Deposit,1294.0,2024-01
C10485,2023-08-15,Deposit,1911.0,2023-08
C10485,2024-04-19,Deposit,3121.0,2024-04
C10485,2025-01-05,Deposit,8072.0,2025-01
C10485,2023-09-17,Deposit,9191.0,2023-09
C10485,2025-05-18,Deposit,8776.0,2025-05
C10486,2022-07-10,Deposit,43561.0,2022-07
C10486,2022-09-27,Withdrawal,1787.0,2022-09
C10487,2021-05-01,Deposit,39377.0,2021-05
C10487,2023-07-27,Deposit,4166.0,2023-07
C10487,2024-07-08,Withdrawal,4750.0,2024-07
C10487,2022-02-13,Withdrawal,641.0,2022-02
C10487,2023-01-05,Withdrawal,4551.0,2023-01
C10487,2022-01-15,Withdrawal,1029.0,2022-01
C10487,2023-06-25,Withdrawal,1267.0,2023-06
C10487,2023-10-23,Withdrawal,1847.0,2023-10
C10487,2024-06-13,Withdrawal,861.0,2024-06
C10487,2021-10-06,Withdrawal,1074.0,2021-10
C10487,2022-05-18,Deposit,4601.0,2022-05
C10488,2020-04-07,Deposit,34262.0,2020-04
C10488,2021-07-03,Deposit,6134.0,2021-07
C10488,2024-03-17,Deposit,326.0,2024-03
C10488,2021-04-19,Withdrawal,2032.0,2021-04
C10488,2021-03-16,Deposit,3750.0,2021-03
C10488,2020-10-17,Withdrawal,3716.0,2020-10
C10488,2021-02-20,Withdrawal,1116.0,2021-02
C10488,2021-07-30,Deposit,4147.0,2021-07
C10488,2025-06-28,Withdrawal,1005.0,2025-06
C10488,2021-04-04,Deposit,5621.0,2021-04
C10488,2021-10-22,Withdrawal,988.0,2021-10
C10489,2020-05-30,Deposit,28455.0,2020-05
C10489,2022-03-18,Withdrawal,4241.0,2022-03
C10489,2024-01-15,Deposit,3757.0,2024-01
C10489,2021-10-14,Withdrawal,2517.0,2021-10
C10489,2024-08-04,Withdrawal,1123.0,2024-08
C10489,2023-09-03,Withdrawal,4281.0,2023-09
C10489,2025-04-28,Deposit,1383.0,2025-04
C10489,2021-09-30,Withdrawal,2550.0,2021-09
C10489,2021-08-21,Deposit,2644.0,2021-08
C10489,2023-01-03,Withdrawal,2130.0,2023-01
C10489,2020-09-08,Withdrawal,4562.0,2020-09
C10489,2020-09-10,Deposit,4369.0,2020-09
C10489,2024-06-25,Deposit,5561.0,2024-06
C10489,2024-07-28,Deposit,9671.0,2024-07
C10489,2023-05-07,Withdrawal,2344.0,2023-05
C10490,2021-05-30,Deposit,35784.0,2021-05
C10490,2023-09-06,Deposit,4416.0,2023-09
C10490,2025-01-08,Withdrawal,752.0,2025-01
C10490,2022-07-03,Deposit,8415.0,2022-07
C10490,2023-06-22,Withdrawal,3263.0,2023-06
C10490,2024-11-07,Withdrawal,1896.0,2024-11
C10490,2021-09-09,Withdrawal,2484.0,2021-09
C10490,2025-08-02,Deposit,6097.0,2025-08
C10490,2023-09-17,Deposit,7676.0,2023-09
C10491,2022-11-04,Deposit,42966.0,2022-11
C10491,2024-11-23,Deposit,6124.0,2024-11
C10491,2024-01-01,Withdrawal,2022.0,2024-01
C10491,2023-11-14,Withdrawal,754.0,2023-11
C10491,2023-11-24,Withdrawal,3854.0,2023-11
C10491,2023-07-11,Deposit,1634.0,2023-07
C10491,2023-04-05,Withdrawal,3927.0,2023-04
C10491,2024-02-26,Deposit,9231.0,2024-02
C10492,2025-01-23,Deposit,9986.0,2025-01
C10493,2020-07-01,Deposit,24375.0,2020-07
C10493,2021-06-04,Deposit,4795.0,2021-06
C10493,2023-03-28,Deposit,5783.0,2023-03
C10493,2021-10-15,Deposit,5579.0,2021-10
C10493,2024-10-25,Deposit,9449.0,2024-10
C10493,2024-07-05,Withdrawal,3834.0,2024-07
C10493,2023-02-02,Deposit,4464.0,2023-02
C10493,2021-09-19,Deposit,3103.0,2021-09
C10493,2021-10-11,Withdrawal,2990.0,2021-10
C10494,2024-07-12,Deposit,9819.0,2024-07
C10494,2025-03-01,Withdrawal,1723.0,2025-03
C10495,2024-03-08,Deposit,19835.0,2024-03
C10495,2024-10-10,Deposit,4834.0,2024-10
C10496,2021-04-12,Deposit,22559.0,2021-04
C10496,2025-04-28,Withdrawal,2976.0,2025-04
C10496,2025-03-23,Withdrawal,2684.0,2025-03
C10496,2022-10-14,Deposit,8714.0,2022-10
C10496,2025-07-17,Withdrawal,4814.0,2025-07
C10496,2023-09-07,Deposit,4618.0,2023-09
C10496,2022-09-16,Withdrawal,2249.0,2022-09
C10496,2024-08-03,Deposit,4115.0,2024-08
C10497,2021-04-19,Deposit,44988.0,2021-04
C10497,2025-09-16,Deposit,8320.0,2025-09
C10497,2021-07-06,Deposit,2056.0,2021-07
C10497,2024-04-29,Withdrawal,2445.0,2024-04
C10497,2023-06-07,Deposit,3403.0,2023-06
C10498,2020-09-02,Deposit,28081.0,2020-09
C10498,2024-06-11,Deposit,4030.0,2024-06
C10498,2023-05-06,Deposit,5007.0,2023-05
C10498,2025-03-29,Withdrawal,2817.0,2025-03
C10498,2023-05-07,Deposit,4634.0,2023-05
C10498,2025-03-19,Withdrawal,1552.0,2025-03
C10498,2024-12-03,Withdrawal,4507.0,2024-12
C10498,2021-10-24,Deposit,641.0,2021-10
C10498,2023-11-17,Deposit,8640.0,2023-11
C10498,2022-01-19,Withdrawal,2676.0,2022-01
C10498,2021-02-03,Deposit,5374.0,2021-02
C10498,2023-12-27,Withdrawal,4339.0,2023-12
C10499,2023-06-15,Deposit,10590.0,2023-06
C10499,2023-12-25,Withdrawal,3239.0,2023-12
C10500,2020-11-09,Deposit,6721.0,2020-11
C10500,2023-10-16,Withdrawal,3984.0,2023-10
C10501,2021-05-06,Deposit,11350.0,2021-05
C10501,2024-05-28,Deposit,4192.0,2024-05
C10502,2022-07-16,Deposit,29891.0,2022-07
C10502,2025-02-06,Deposit,3594.0,2025-02
C10502,2025-08-22,Deposit,8782.0,2025-08
C10502,2025-08-06,Deposit,9272.0,2025-08
C10502,2022-12-24,Deposit,2212.0,2022-12
C10502,2023-03-15,Deposit,2665.0,2023-03
C10503,2021-05-31,Deposit,27512.0,2021-05
C10503,2024-11-03,Withdrawal,394.0,2024-11
C10503,2021-11-14,Deposit,5197.0,2021-11
C10503,2022-03-19,Deposit,9854.0,2022-03
C10503,2023-10-31,Deposit,6912.0,2023-10
C10503,2021-07-20,Deposit,9651.0,2021-07
C10504,2025-11-10,Deposit,21108.0,2025-11
C10505,2024-10-15,Deposit,11340.0,2024-10
C10505,2024-11-18,Withdrawal,200.0,2024-11
C10505,2025-01-20,Withdrawal,1049.0,2025-01
C10505,2024-10-16,Deposit,3261.0,2024-10
C10506,2024-06-19,Deposit,15357.0,2024-06
C10506,2025-06-18,Withdrawal,1813.0,2025-06
C10506,2025-03-03,Deposit,7390.0,2025-03
C10507,2020-01-14,Deposit,27872.0,2020-01
C10508,2023-02-02,Deposit,22980.0,2023-02
C10508,2023-02-12,Deposit,5680.0,2023-02
C10508,2023-09-13,Withdrawal,3070.0,2023-09
C10508,2024-10-22,Withdrawal,4485.0,2024-10
C10508,2024-05-05,Deposit,1636.0,2024-05
C10508,2023-06-12,Deposit,680.0,2023-06
C10508,2024-03-20,Withdrawal,1318.0,2024-03
C10509,2022-03-15,Deposit,36528.0,2022-03
C10509,2024-09-16,Deposit,5051.0,2024-09
C10509,2024-04-13,Withdrawal,3399.0,2024-04
C10509,2025-02-21,Deposit,5044.0,2025-02
C10509,2024-03-14,Deposit,7039.0,2024-03
C10509,2023-04-25,Deposit,1260.0,2023-04
C10509,2023-02-12,Withdrawal,880.0,2023-02
C10509,2024-07-24,Withdrawal,2359.0,2024-07
C10510,2023-05-03,Deposit,28676.0,2023-05
C10510,2023-08-13,Deposit,1970.0,2023-08
C10510,2024-08-13,Deposit,443.0,2024-08
C10510,2025-02-25,Withdrawal,2209.0,2025-02
C10510,2024-09-30,Withdrawal,2158.0,2024-09
C10510,2025-09-13,Deposit,7593.0,2025-09
C10510,2025-07-22,Deposit,9104.0,2025-07
C10510,2025-03-24,Deposit,5949.0,2025-03
C10510,2024-04-22,Withdrawal,2666.0,2024-04
C10510,2024-09-10,Withdrawal,3210.0,2024-09
C10510,2024-05-31,Withdrawal,3186.0,2024-05
C10511,2025-01-20,Deposit,18109.0,2025-01
C10512,2021-07-02,Deposit,5010.0,2021-07
C10512,2022-09-30,Deposit,1897.0,2022-09
C10512,2024-10-24,Deposit,1179.0,2024-10
C10512,2024-10-15,Withdrawal,3633.0,2024-10
C10512,2025-04-08,Withdrawal,3330.0,2025-04
C10512,2025-05-10,Withdrawal,898.4000000000001,2025-05
C10513,2021-03-15,Deposit,27730.0,2021-03
C10514,2024-03-17,Deposit,12747.0,2024-03
C10514,2024-04-09,Deposit,6634.0,2024-04
C10515,2023-05-31,Deposit,6340.0,2023-05
C10515,2024-10-01,Withdrawal,620.0,2024-10
C10516,2020-01-20,Deposit,47817.0,2020-01
C10516,2023-08-26,Withdrawal,2011.0,2023-08
C10516,2024-09-15,Withdrawal,2725.0,2024-09
C10516,2021-07-12,Withdrawal,253.0,2021-07
C10516,2025-04-22,Deposit,4960.0,2025-04
C10516,2024-09-14,Withdrawal,2862.0,2024-09
C10516,2023-05-08,Deposit,3591.0,2023-05
C10516,2021-03-17,Deposit,8049.0,2021-03
C10516,2022-11-28,Deposit,6962.0,2022-11
C10516,2024-08-09,Deposit,7616.0,2024-08
C10516,2020-08-21,Withdrawal,3188.0,2020-08
C10516,2023-04-14,Deposit,2763.0,2023-04
C10516,2022-11-25,Deposit,3545.0,2022-11
C10517,2021-08-25,Deposit,33018.0,2021-08
C10517,2022-04-24,Deposit,1467.0,2022-04
C10517,2024-05-17,Withdrawal,4058.0,2024-05
C10517,2025-03-20,Withdrawal,935.0,2025-03
C10517,2022-02-18,Deposit,8750.0,2022-02
C10517,2022-04-14,Deposit,242.0,2022-04
C10517,2022-09-18,Withdrawal,1953.0,2022-09
C10517,2023-04-08,Withdrawal,1339.0,2023-04
C10517,2025-02-09,Withdrawal,4302.0,2025-02
C10517,2021-11-26,Deposit,2545.0,2021-11
C10517,2024-03-06,Withdrawal,1882.0,2024-03
C10517,2022-08-29,Deposit,5314.0,2022-08
C10517,2022-07-24,Withdrawal,534.0,2022-07
C10517,2021-11-19,Deposit,3056.0,2021-11
C10517,2025-08-07,Deposit,6128.0,2025-08
C10517,2024-05-24,Withdrawal,1930.0,2024-05
C10518,2022-12-31,Deposit,36372.0,2022-12
C10518,2025-01-01,Deposit,7674.0,2025-01
C10519,2020-02-28,Deposit,10746.0,2020-02
C10519,2025-02-22,Withdrawal,2968.0,2025-02
C10519,2021-03-21,Withdrawal,4576.0,2021-03
C10519,2022-11-20,Withdrawal,2561.6000000000004,2022-11
C10519,2025-09-15,Deposit,4143.0,2025-09
C10519,2021-01-24,Withdrawal,1362.0,2021-01
C10520,2023-04-01,Deposit,27899.0,2023-04
C10520,2025-05-16,Deposit,8805.0,2025-05
C10520,2025-05-22,Withdrawal,303.0,2025-05
C10520,2023-05-23,Deposit,134.0,2023-05
C10520,2024-05-31,Deposit,4732.0,2024-05
C10520,2024-01-05,Deposit,9980.0,2024-01
C10521,2025-10-18,Deposit,31484.0,2025-10
C10522,2024-12-18,Deposit,31192.0,2024-12
C10522,2025-02-10,Deposit,5339.0,2025-02
C10522,2025-05-18,Withdrawal,173.0,2025-05
C10523,2021-09-03,Deposit,22205.0,2021-09
C10523,2022-08-19,Withdrawal,4524.0,2022-08
C10523,2024-07-05,Deposit,2700.0,2024-07
C10523,2023-12-29,Deposit,1141.0,2023-12
C10523,2024-01-19,Deposit,7806.0,2024-01
C10523,2021-11-06,Withdrawal,1291.0,2021-11
C10523,2023-01-19,Withdrawal,2738.0,2023-01
C10524,2022-02-18,Deposit,29139.0,2022-02
C10524,2022-03-15,Deposit,7770.0,2022-03
C10524,2024-03-18,Withdrawal,1751.0,2024-03
C10524,2024-07-19,Withdrawal,695.0,2024-07
C10524,2022-12-17,Withdrawal,2389.0,2022-12
C10524,2025-04-22,Deposit,7507.0,2025-04
C10524,2023-12-01,Deposit,4407.0,2023-12
C10524,2023-10-28,Withdrawal,379.0,2023-10
C10524,2022-09-03,Withdrawal,1339.0,2022-09
C10524,2025-01-25,Withdrawal,1625.0,2025-01
C10524,2024-01-09,Withdrawal,2460.0,2024-01
C10524,2024-07-24,Deposit,8687.0,2024-07
C10525,2025-10-03,Deposit,8512.0,2025-10
C10526,2022-04-12,Deposit,42548.0,2022-04
C10526,2024-06-29,Deposit,7246.0,2024-06
C10527,2021-05-03,Deposit,45250.0,2021-05
C10527,2024-03-30,Deposit,2172.0,2024-03
C10527,2021-11-24,Deposit,1164.0,2021-11
C10527,2024-10-02,Withdrawal,2799.0,2024-10
C10527,2021-12-12,Deposit,9260.0,2021-12
C10527,2023-01-24,Withdrawal,1545.0,2023-01
C10527,2023-12-27,Deposit,8898.0,2023-12
C10527,2024-12-01,Deposit,164.0,2024-12
C10527,2024-11-09,Deposit,1567.0,2024-11
C10527,2024-06-07,Deposit,2630.0,2024-06
C10527,2021-09-08,Deposit,7217.0,2021-09
C10527,2025-07-16,Withdrawal,403.0,2025-07
C10527,2023-09-26,Deposit,8060.0,2023-09
C10528,2020-07-06,Deposit,35655.0,2020-07
C10528,2023-07-26,Withdrawal,1809.0,2023-07
C10528,2023-01-13,Withdrawal,1417.0,2023-01
C10528,2024-07-02,Deposit,2447.0,2024-07
C10528,2024-02-16,Withdrawal,811.0,2024-02
C10528,2020-09-18,Withdrawal,1168.0,2020-09
C10528,2024-12-22,Deposit,3739.0,2024-12
C10528,2023-12-20,Withdrawal,3073.0,2023-12
C10528,2024-07-18,Withdrawal,1139.0,2024-07
C10528,2021-01-22,Withdrawal,417.0,2021-01
C10528,2025-07-29,Withdrawal,1048.0,2025-07
C10528,2022-09-23,Withdrawal,761.0,2022-09
C10528,2025-08-31,Deposit,9727.0,2025-08
C10528,2024-03-31,Withdrawal,2753.0,2024-03
C10528,2024-03-27,Withdrawal,1504.0,2024-03
C10528,2025-08-08,Deposit,9887.0,2025-08
C10528,2020-09-05,Deposit,9639.0,2020-09
C10529,2022-01-01,Deposit,13041.0,2022-01
C10529,2022-02-18,Deposit,3417.0,2022-02
C10529,2024-05-22,Deposit,3783.0,2024-05
C10529,2024-05-27,Withdrawal,3051.0,2024-05
C10530,2025-09-18,Deposit,12488.0,2025-09
C10531,2020-02-23,Deposit,38241.0,2020-02
C10531,2022-08-23,Deposit,2602.0,2022-08
C10531,2022-12-26,Withdrawal,2456.0,2022-12
C10531,2025-06-28,Withdrawal,463.0,2025-06
C10531,2022-04-25,Withdrawal,2239.0,2022-04
C10531,2024-04-10,Deposit,4651.0,2024-04
C10531,2023-08-20,Deposit,4056.0,2023-08
C10531,2022-02-14,Deposit,7012.0,2022-02
C10531,2025-02-01,Withdrawal,355.0,2025-02
C10531,2022-12-31,Deposit,5654.0,2022-12
C10531,2021-05-25,Deposit,3721.0,2021-05
C10531,2024-10-22,Withdrawal,1632.0,2024-10
C10531,2024-08-08,Withdrawal,4240.0,2024-08
C10531,2022-06-07,Withdrawal,2765.0,2022-06
C10531,2023-09-24,Deposit,7708.0,2023-09
C10531,2020-10-26,Withdrawal,3831.0,2020-10
C10531,2023-03-06,Deposit,4593.0,2023-03
C10531,2025-05-07,Deposit,1790.0,2025-05
C10532,2025-11-19,Deposit,44679.0,2025-11
C10533,2024-06-01,Deposit,40172.0,2024-06
C10534,2022-04-26,Deposit,39785.0,2022-04
C10534,2023-03-21,Withdrawal,2671.0,2023-03
C10534,2024-05-10,Deposit,4872.0,2024-05
C10534,2023-01-03,Withdrawal,1291.0,2023-01
C10534,2024-07-07,Withdrawal,2531.0,2024-07
C10534,2022-08-03,Deposit,2709.0,2022-08
C10534,2025-04-27,Withdrawal,3682.0,2025-04
C10534,2023-06-03,Deposit,9859.0,2023-06
C10534,2022-10-25,Deposit,9222.0,2022-10
C10534,2022-11-23,Withdrawal,495.0,2022-11
C10534,2025-06-13,Withdrawal,2191.0,2025-06
C10534,2025-06-17,Withdrawal,1157.0,2025-06
C10534,2025-09-05,Deposit,7660.0,2025-09
C10535,2020-02-25,Deposit,44853.0,2020-02
C10535,2022-07-29,Deposit,1977.0,2022-07
C10535,2022-12-02,Deposit,797.0,2022-12
C10535,2022-12-22,Deposit,5173.0,2022-12
C10535,2022-01-09,Withdrawal,2420.0,2022-01
C10536,2021-11-07,Deposit,12443.0,2021-11
C10536,2022-05-09,Withdrawal,2777.0,2022-05
C10536,2024-03-19,Withdrawal,2564.0,2024-03
C10536,2023-06-18,Deposit,4926.0,2023-06
C10536,2024-10-23,Withdrawal,1163.0,2024-10
C10537,2020-07-14,Deposit,16169.0,2020-07
C10537,2024-12-11,Withdrawal,3856.0,2024-12
C10537,2025-02-23,Deposit,6464.0,2025-02
C10537,2025-02-19,Withdrawal,2585.0,2025-02
C10537,2022-08-26,Deposit,790.0,2022-08
C10537,2024-05-11,Withdrawal,2066.0,2024-05
C10537,2021-01-04,Withdrawal,3858.0,2021-01
C10537,2023-06-13,Withdrawal,2900.0,2023-06
C10537,2024-04-30,Deposit,2807.0,2024-04
C10537,2023-03-19,Deposit,6141.0,2023-03
C10537,2020-10-30,Withdrawal,4127.0,2020-10
C10537,2024-08-21,Withdrawal,1268.0,2024-08
C10537,2021-01-03,Withdrawal,3551.0,2021-01
C10537,2021-04-11,Deposit,8092.0,2021-04
C10537,2022-05-01,Withdrawal,4382.0,2022-05
C10537,2024-05-25,Deposit,7880.0,2024-05
C10537,2024-05-15,Withdrawal,3694.0,2024-05
C10538,2024-08-23,Deposit,38232.0,2024-08
C10538,2024-09-18,Withdrawal,4989.0,2024-09
C10538,2024-08-30,Deposit,7661.0,2024-08
C10538,2024-12-04,Withdrawal,4050.0,2024-12
C10539,2025-03-26,Deposit,23510.0,2025-03
C10540,2024-11-18,Deposit,31144.0,2024-11
C10540,2025-07-09,Deposit,6914.0,2025-07
C10540,2025-09-06,Withdrawal,4538.0,2025-09
C10540,2025-03-29,Deposit,2106.0,2025-03
C10540,2024-12-29,Deposit,1507.0,2024-12
C10541,2020-12-16,Deposit,36939.0,2020-12
C10541,2021-08-02,Deposit,9518.0,2021-08
C10541,2021-04-04,Deposit,7076.0,2021-04
C10541,2025-01-07,Deposit,7557.0,2025-01
C10541,2022-06-19,Withdrawal,3441.0,2022-06
C10541,2021-06-14,Withdrawal,1056.0,2021-06
C10541,2022-03-23,Withdrawal,570.0,2022-03
C10541,2021-01-01,Deposit,5076.0,2021-01
C10542,2021-12-03,Deposit,30028.0,2021-12
C10542,2025-04-10,Deposit,9126.0,2025-04
C10542,2025-07-24,Deposit,6362.0,2025-07
C10542,2024-08-27,Deposit,8667.0,2024-08
C10543,2023-01-05,Deposit,41805.0,2023-01
C10543,2025-05-23,Withdrawal,1936.0,2025-05
C10543,2024-10-01,Withdrawal,865.0,2024-10
C10543,2023-03-30,Deposit,7440.0,2023-03
C10543,2023-07-10,Withdrawal,3170.0,2023-07
C10543,2023-03-06,Withdrawal,1187.0,2023-03
C10543,2024-06-11,Deposit,6742.0,2024-06
C10543,2025-05-05,Deposit,190.0,2025-05
C10543,2024-11-07,Deposit,4289.0,2024-11
C10543,2023-02-14,Deposit,791.0,2023-02
C10544,2022-09-16,Deposit,22606.0,2022-09
C10544,2025-08-29,Withdrawal,1624.0,2025-08
C10544,2023-07-14,Deposit,7316.0,2023-07
C10544,2024-08-02,Deposit,9048.0,2024-08
C10544,2024-10-09,Withdrawal,2895.0,2024-10
C10544,2023-02-08,Deposit,1646.0,2023-02
C10544,2025-07-31,Deposit,2994.0,2025-07
C10544,2023-01-14,Deposit,3280.0,2023-01
C10544,2023-05-14,Deposit,6187.0,2023-05
C10544,2025-06-20,Withdrawal,1100.0,2025-06
C10544,2024-09-13,Deposit,4104.0,2024-09
C10544,2022-10-29,Withdrawal,1177.0,2022-10
C10545,2023-08-09,Deposit,25625.0,2023-08
C10545,2025-06-15,Withdrawal,3593.0,2025-06
C10545,2024-05-20,Deposit,5273.0,2024-05
C10545,2025-08-11,Withdrawal,2724.0,2025-08
C10545,2023-10-23,Withdrawal,3509.0,2023-10
C10545,2025-02-08,Deposit,3885.0,2025-02
C10546,2021-01-11,Deposit,26248.0,2021-01
C10546,2021-11-06,Deposit,1643.0,2021-11
C10546,2021-10-13,Deposit,354.0,2021-10
C10546,2024-09-28,Deposit,5542.0,2024-09
C10546,2025-03-10,Withdrawal,3233.0,2025-03
C10546,2024-04-10,Withdrawal,3792.0,2024-04
C10546,2023-02-01,Deposit,9030.0,2023-02
C10546,2025-02-09,Withdrawal,526.0,2025-02
C10546,2024-11-29,Withdrawal,2902.0,2024-11
C10546,2025-02-19,Withdrawal,2455.0,2025-02
C10546,2024-04-09,Deposit,3986.0,2024-04
C10546,2024-12-04,Withdrawal,4462.0,2024-12
C10546,2023-03-17,Deposit,9233.0,2023-03
C10546,2022-03-08,Deposit,182.0,2022-03
C10546,2022-09-08,Deposit,3780.0,2022-09
C10547,2020-02-29,Deposit,9436.0,2020-02
C10547,2023-06-30,Withdrawal,4900.0,2023-06
C10547,2022-05-23,Deposit,2793.0,2022-05
C10547,2021-03-14,Deposit,6412.0,2021-03
C10547,2022-10-04,Deposit,224.0,2022-10
C10547,2021-06-29,Deposit,9942.0,2021-06
C10547,2021-05-04,Deposit,7305.0,2021-05
C10547,2022-03-05,Withdrawal,4516.0,2022-03
C10547,2024-01-10,Deposit,6204.0,2024-01
C10547,2024-03-15,Withdrawal,2123.0,2024-03
C10547,2022-12-22,Withdrawal,1048.0,2022-12
C10547,2025-04-25,Deposit,5644.0,2025-04
C10547,2023-12-05,Deposit,5426.0,2023-12
C10547,2024-02-19,Deposit,6046.0,2024-02
C10547,2024-02-29,Deposit,6278.0,2024-02
C10547,2021-05-06,Deposit,1811.0,2021-05
C10547,2021-01-21,Withdrawal,1162.0,2021-01
C10547,2024-06-26,Withdrawal,1502.0,2024-06
C10548,2020-09-27,Deposit,28087.0,2020-09
C10548,2025-01-15,Withdrawal,374.0,2025-01
C10548,2021-05-27,Withdrawal,2418.0,2021-05
C10548,2023-08-05,Deposit,8194.0,2023-08
C10548,2021-03-12,Withdrawal,4836.0,2021-03
C10549,2020-05-27,Deposit,43629.0,2020-05
C10549,2023-11-18,Withdrawal,2875.0,2023-11
C10549,2024-04-24,Deposit,9784.0,2024-04
C10549,2021-12-25,Deposit,5322.0,2021-12
C10549,2024-06-28,Deposit,1978.0,2024-06
C10549,2020-09-07,Withdrawal,1650.0,2020-09
C10549,2025-07-10,Deposit,8253.0,2025-07
C10549,2025-09-03,Deposit,4933.0,2025-09
C10549,2021-07-13,Deposit,8480.0,2021-07
C10549,2024-02-03,Deposit,9163.0,2024-02
C10549,2024-12-14,Withdrawal,401.0,2024-12
C10549,2021-11-29,Withdrawal,4673.0,2021-11
C10550,2024-07-11,Deposit,24641.0,2024-07
C10551,2022-08-17,Deposit,10287.0,2022-08
C10551,2023-11-23,Deposit,8527.0,2023-11
C10552,2024-07-23,Deposit,19212.0,2024-07
C10552,2024-08-04,Withdrawal,4786.0,2024-08
C10552,2025-02-06,Withdrawal,4348.0,2025-02
C10552,2024-12-21,Withdrawal,1256.0,2024-12
C10553,2025-12-15,Deposit,24331.0,2025-12
C10554,2022-11-08,Deposit,15569.0,2022-11
C10554,2025-02-10,Withdrawal,1900.0,2025-02
C10554,2023-07-02,Withdrawal,724.0,2023-07
C10554,2023-10-19,Deposit,8658.0,2023-10
C10554,2025-03-18,Withdrawal,1876.0,2025-03
C10554,2023-11-16,Deposit,3101.0,2023-11
C10554,2023-11-19,Withdrawal,4073.0,2023-11
C10555,2025-12-16,Deposit,45743.0,2025-12
C10556,2023-12-15,Deposit,41335.0,2023-12
C10556,2024-07-08,Deposit,3302.0,2024-07
C10557,2023-10-12,Deposit,9150.0,2023-10
C10557,2023-10-19,Deposit,217.0,2023-10
C10557,2025-08-03,Deposit,2574.0,2025-08
C10558,2023-06-23,Deposit,17731.0,2023-06
C10558,2023-09-10,Withdrawal,436.0,2023-09
C10558,2024-09-21,Deposit,9301.0,2024-09
C10559,2021-01-31,Deposit,24765.0,2021-01
C10559,2025-07-01,Deposit,5828.0,2025-07
C10559,2025-03-17,Withdrawal,1618.0,2025-03
C10559,2024-05-11,Deposit,3656.0,2024-05
C10559,2024-08-10,Deposit,7065.0,2024-08
C10559,2021-08-14,Deposit,4320.0,2021-08
C10559,2021-06-20,Withdrawal,2934.0,2021-06
C10559,2024-02-25,Deposit,8382.0,2024-02
C10560,2023-12-14,Deposit,42768.0,2023-12
C10561,2020-03-27,Deposit,35331.0,2020-03
C10561,2023-12-17,Withdrawal,4000.0,2023-12
C10561,2023-03-23,Deposit,368.0,2023-03
C10561,2023-10-13,Deposit,3770.0,2023-10
C10561,2024-05-05,Deposit,2540.0,2024-05
C10561,2023-02-11,Withdrawal,1573.0,2023-02
C10561,2022-12-29,Withdrawal,4701.0,2022-12
C10561,2021-03-05,Withdrawal,3956.0,2021-03
C10561,2024-01-12,Withdrawal,2187.0,2024-01
C10561,2021-10-07,Deposit,3239.0,2021-10
C10561,2023-09-26,Deposit,1900.0,2023-09
C10561,2025-08-05,Withdrawal,2968.0,2025-08
C10561,2021-12-10,Withdrawal,303.0,2021-12
C10561,2022-11-13,Deposit,3506.0,2022-11
C10562,2020-02-12,Deposit,43702.0,2020-02
C10562,2020-11-14,Deposit,2562.0,2020-11
C10562,2023-08-26,Deposit,6520.0,2023-08
C10562,2020-05-27,Withdrawal,465.0,2020-05
C10562,2025-05-20,Deposit,4580.0,2025-05
C10562,2022-06-08,Deposit,4854.0,2022-06
C10562,2023-11-25,Deposit,2476.0,2023-11
C10562,2020-04-19,Withdrawal,2107.0,2020-04
C10562,2021-01-17,Deposit,6509.0,2021-01
C10562,2024-08-28,Withdrawal,4304.0,2024-08
C10562,2023-06-07,Withdrawal,4244.0,2023-06
C10562,2021-04-19,Withdrawal,2070.0,2021-04
C10562,2024-05-25,Deposit,7397.0,2024-05
C10562,2022-02-03,Deposit,9226.0,2022-02
C10563,2023-06-04,Deposit,9995.0,2023-06
C10563,2024-06-26,Withdrawal,1031.0,2024-06
C10563,2023-06-20,Deposit,7701.0,2023-06
C10564,2020-05-01,Deposit,26597.0,2020-05
C10564,2020-12-09,Withdrawal,1359.0,2020-12
C10564,2022-12-03,Withdrawal,1668.0,2022-12
C10564,2020-12-29,Withdrawal,4947.0,2020-12
C10564,2021-12-28,Deposit,8389.0,2021-12
C10564,2021-08-05,Deposit,2388.0,2021-08
C10564,2022-03-03,Deposit,9178.0,2022-03
C10564,2022-08-03,Deposit,4351.0,2022-08
C10564,2022-05-06,Deposit,2139.0,2022-05
C10564,2020-08-05,Withdrawal,1169.0,2020-08
C10564,2024-08-24,Withdrawal,3535.0,2024-08
C10564,2025-05-13,Withdrawal,836.0,2025-05
C10564,2025-02-03,Withdrawal,2621.0,2025-02
C10564,2023-03-14,Withdrawal,3185.0,2023-03
C10564,2024-11-18,Withdrawal,3737.0,2024-11
C10564,2023-06-17,Withdrawal,4995.0,2023-06
C10564,2025-04-25,Withdrawal,1971.0,2025-04
C10564,2023-12-09,Withdrawal,2572.0,2023-12
C10564,2021-02-13,Deposit,305.0,2021-02
C10565,2024-02-05,Deposit,48796.0,2024-02
C10565,2025-03-27,Withdrawal,3214.0,2025-03
C10565,2025-03-06,Deposit,4877.0,2025-03
C10566,2022-10-18,Deposit,6591.0,2022-10
C10566,2022-10-27,Withdrawal,717.0,2022-10
C10566,2024-07-08,Withdrawal,3940.0,2024-07
C10566,2024-12-03,Withdrawal,1766.0,2024-12
C10566,2025-09-10,Withdrawal,134.4,2025-09
C10567,2025-02-13,Deposit,27088.0,2025-02
C10567,2025-04-25,Deposit,2324.0,2025-04
C10567,2025-03-17,Withdrawal,3399.0,2025-03
C10568,2021-11-11,Deposit,17410.0,2021-11
C10568,2024-11-08,Withdrawal,3960.0,2024-11
C10568,2024-09-21,Withdrawal,551.0,2024-09
C10568,2022-01-22,Withdrawal,1826.0,2022-01
C10568,2022-08-06,Withdrawal,2637.0,2022-08
C10569,2024-04-03,Deposit,26390.0,2024-04
C10570,2020-09-05,Deposit,34888.0,2020-09
C10570,2022-06-30,Withdrawal,2402.0,2022-06
C10570,2024-05-10,Withdrawal,981.0,2024-05
C10570,2022-03-12,Deposit,5593.0,2022-03
C10570,2025-03-12,Withdrawal,4141.0,2025-03
C10570,2023-12-06,Withdrawal,3396.0,2023-12
C10570,2022-04-04,Deposit,7938.0,2022-04
C10570,2023-11-22,Deposit,9877.0,2023-11
C10570,2023-01-10,Withdrawal,1400.0,2023-01
C10570,2021-01-24,Deposit,2053.0,2021-01
C10570,2025-01-05,Deposit,907.0,2025-01
C10570,2024-02-27,Withdrawal,2104.0,2024-02
C10570,2025-02-09,Withdrawal,515.0,2025-02
C10570,2024-05-26,Withdrawal,876.0,2024-05
C10570,2023-05-29,Deposit,9364.0,2023-05
C10570,2023-12-31,Deposit,8861.0,2023-12
C10570,2025-07-14,Withdrawal,1201.0,2025-07
C10570,2022-02-18,Deposit,1575.0,2022-02
C10570,2020-10-24,Withdrawal,3765.0,2020-10
C10571,2021-09-03,Deposit,47728.0,2021-09
C10572,2025-01-29,Deposit,13576.0,2025-01
C10573,2021-08-22,Deposit,20250.0,2021-08
C10574,2021-12-13,Deposit,45074.0,2021-12
C10574,2024-11-26,Withdrawal,1856.0,2024-11
C10574,2023-12-24,Withdrawal,3924.0,2023-12
C10574,2025-01-30,Withdrawal,2235.0,2025-01
C10574,2023-05-04,Withdrawal,1084.0,2023-05
C10574,2024-09-12,Deposit,8246.0,2024-09
C10574,2024-12-14,Withdrawal,2049.0,2024-12
C10574,2022-04-05,Withdrawal,1826.0,2022-04
C10575,2022-12-20,Deposit,15969.0,2022-12
C10575,2024-07-27,Withdrawal,4316.0,2024-07
C10575,2025-07-31,Deposit,9185.0,2025-07
C10575,2023-10-14,Deposit,1154.0,2023-10
C10576,2025-05-28,Deposit,38558.0,2025-05
C10576,2025-08-26,Withdrawal,3761.0,2025-08
C10577,2025-10-14,Deposit,24246.0,2025-10
C10578,2024-08-08,Deposit,41801.0,2024-08
C10578,2025-06-29,Deposit,6247.0,2025-06
C10579,2021-07-17,Deposit,40547.0,2021-07
C10579,2022-04-09,Withdrawal,3865.0,2022-04
C10579,2022-12-28,Withdrawal,2438.0,2022-12
C10579,2023-09-06,Withdrawal,963.0,2023-09
C10579,2023-04-04,Withdrawal,3709.0,2023-04
C10579,2023-03-21,Withdrawal,4153.0,2023-03
C10579,2021-08-26,Withdrawal,4246.0,2021-08
C10580,2023-03-08,Deposit,9210.0,2023-03
C10581,2023-11-14,Deposit,8610.0,2023-11
C10581,2024-09-20,Withdrawal,3475.0,2024-09
C10581,2025-03-17,Deposit,7528.0,2025-03
C10581,2024-09-04,Withdrawal,2641.0,2024-09
C10581,2025-08-03,Deposit,8443.0,2025-08
C10581,2024-03-13,Withdrawal,1180.0,2024-03
C10582,2022-08-24,Deposit,35940.0,2022-08
C10582,2024-08-15,Withdrawal,526.0,2024-08
C10582,2025-05-16,Deposit,3294.0,2025-05
C10582,2023-07-21,Deposit,5860.0,2023-07
C10582,2025-05-19,Deposit,7249.0,2025-05
C10583,2023-10-22,Deposit,10773.0,2023-10
C10583,2025-08-25,Deposit,3931.0,2025-08
C10583,2025-01-22,Withdrawal,4764.0,2025-01
C10583,2023-11-08,Deposit,9305.0,2023-11
C10583,2025-03-11,Withdrawal,4414.0,2025-03
C10583,2024-11-14,Deposit,7505.0,2024-11
C10583,2025-08-12,Withdrawal,2380.0,2025-08
C10584,2024-12-24,Deposit,20388.0,2024-12
C10584,2025-01-06,Deposit,8940.0,2025-01
C10584,2025-01-07,Deposit,7878.0,2025-01
C10585,2020-03-28,Deposit,29186.0,2020-03
C10585,2021-06-19,Deposit,3881.0,2021-06
C10585,2023-02-23,Withdrawal,4151.0,2023-02
C10585,2023-07-17,Deposit,4681.0,2023-07
C10585,2021-10-28,Deposit,4463.0,2021-10
C10585,2021-04-09,Deposit,1298.0,2021-04
C10585,2023-01-24,Withdrawal,1674.0,2023-01
C10585,2025-03-06,Deposit,3513.0,2025-03
C10585,2024-06-06,Withdrawal,4570.0,2024-06
C10585,2023-06-24,Withdrawal,3906.0,2023-06
C10585,2021-04-02,Deposit,5399.0,2021-04
C10585,2021-03-10,Deposit,9381.0,2021-03
C10585,2025-08-08,Withdrawal,3914.0,2025-08
C10585,2022-08-24,Deposit,8076.0,2022-08
C10586,2022-12-22,Deposit,47985.0,2022-12
C10586,2024-10-22,Deposit,1998.0,2024-10
C10586,2024-02-15,Deposit,1485.0,2024-02
C10586,2024-12-09,Withdrawal,4707.0,2024-12
C10586,2023-02-05,Withdrawal,2574.0,2023-02
C10586,2023-10-22,Withdrawal,4257.0,2023-10
C10586,2023-09-11,Deposit,1870.0,2023-09
C10586,2023-01-21,Withdrawal,3718.0,2023-01
C10586,2025-03-29,Withdrawal,1819.0,2025-03
C10586,2022-12-28,Deposit,5391.0,2022-12
C10587,2020-10-25,Deposit,34819.0,2020-10
C10587,2025-02-11,Withdrawal,4161.0,2025-02
C10587,2022-10-10,Withdrawal,2666.0,2022-10
C10587,2021-11-26,Withdrawal,2637.0,2021-11
C10587,2024-09-03,Deposit,5415.0,2024-09
C10587,2021-08-18,Deposit,3353.0,2021-08
C10587,2025-02-18,Withdrawal,2954.0,2025-02
C10587,2021-05-18,Withdrawal,3212.0,2021-05
C10587,2021-02-25,Withdrawal,801.0,2021-02
C10588,2025-05-15,Deposit,26278.0,2025-05
C10588,2025-06-04,Withdrawal,1978.0,2025-06
C10589,2020-03-21,Deposit,5284.0,2020-03
C10589,2021-08-21,Withdrawal,2631.0,2021-08
C10589,2023-02-20,Withdrawal,2122.4,2023-02
C10589,2023-06-24,Deposit,3073.0,2023-06
C10589,2025-05-07,Withdrawal,1785.0,2025-05
C10589,2021-03-15,Deposit,3347.0,2021-03
C10589,2021-06-13,Withdrawal,1903.0,2021-06
C10589,2021-08-28,Deposit,5709.0,2021-08
C10589,2021-07-04,Withdrawal,1929.0,2021-07
C10589,2022-11-19,Deposit,3466.0,2022-11
C10589,2022-09-28,Withdrawal,3501.0,2022-09
C10589,2024-01-27,Withdrawal,2550.0,2024-01
C10589,2024-07-19,Deposit,3243.0,2024-07
C10589,2023-11-29,Withdrawal,781.0,2023-11
C10589,2020-04-11,Withdrawal,4251.0,2020-04
C10589,2020-07-07,Deposit,9226.0,2020-07
C10589,2023-12-01,Withdrawal,4075.0,2023-12
C10589,2022-12-08,Withdrawal,1168.0,2022-12
C10590,2022-09-27,Deposit,32949.0,2022-09
C10590,2025-02-13,Deposit,4646.0,2025-02
C10590,2022-12-01,Withdrawal,2852.0,2022-12
C10590,2023-11-17,Deposit,3008.0,2023-11
C10590,2024-03-19,Withdrawal,1684.0,2024-03
C10590,2024-04-27,Withdrawal,3117.0,2024-04
C10590,2023-02-28,Deposit,8225.0,2023-02
C10590,2024-09-15,Withdrawal,4914.0,2024-09
C10591,2020-08-20,Deposit,5573.0,2020-08
C10591,2021-11-15,Withdrawal,2554.0,2021-11
C10591,2024-12-06,Deposit,4654.0,2024-12
C10591,2022-07-12,Withdrawal,3344.0,2022-07
C10591,2023-07-17,Deposit,1121.0,2023-07
C10591,2022-10-15,Deposit,4288.0,2022-10
C10591,2021-11-12,Withdrawal,4228.0,2021-11
C10591,2025-08-15,Deposit,6614.0,2025-08
C10591,2024-09-27,Deposit,1599.0,2024-09
C10591,2021-01-14,Deposit,7232.0,2021-01
C10591,2020-12-29,Withdrawal,4446.0,2020-12
C10591,2023-05-22,Deposit,6141.0,2023-05
C10592,2022-03-20,Deposit,24703.0,2022-03
C10592,2022-10-06,Withdrawal,4112.0,2022-10
C10592,2023-01-18,Deposit,5792.0,2023-01
C10592,2022-06-11,Deposit,6388.0,2022-06
C10592,2024-12-21,Withdrawal,1900.0,2024-12
C10592,2024-09-08,Withdrawal,938.0,2024-09
C10592,2023-12-11,Withdrawal,4168.0,2023-12
C10593,2024-08-24,Deposit,17778.0,2024-08
C10593,2025-04-26,Withdrawal,2553.0,2025-04
C10594,2022-04-25,Deposit,47583.0,2022-04
C10594,2025-02-15,Deposit,4913.0,2025-02
C10594,2023-05-30,Deposit,7512.0,2023-05
C10594,2023-04-13,Deposit,7294.0,2023-04
C10595,2020-10-20,Deposit,5113.0,2020-10
C10595,2023-08-21,Deposit,1054.0,2023-08
C10596,2021-07-07,Deposit,36864.0,2021-07
C10596,2021-11-18,Deposit,7047.0,2021-11
C10596,2025-04-05,Deposit,9146.0,2025-04
C10596,2024-07-08,Deposit,8662.0,2024-07
C10596,2023-10-01,Deposit,4480.0,2023-10
C10596,2021-10-13,Deposit,7891.0,2021-10
C10596,2023-09-22,Deposit,9277.0,2023-09
C10596,2023-06-24,Deposit,7966.0,2023-06
C10596,2023-09-10,Withdrawal,1566.0,2023-09
C10596,2025-06-06,Deposit,5567.0,2025-06
C10596,2025-07-30,Withdrawal,3034.0,2025-07
C10596,2023-12-18,Deposit,5736.0,2023-12
C10596,2025-01-24,Withdrawal,961.0,2025-01
C10597,2023-12-31,Deposit,24530.0,2023-12
C10597,2025-06-28,Withdrawal,4212.0,2025-06
C10597,2025-04-21,Withdrawal,1488.0,2025-04
C10598,2021-12-02,Deposit,34123.0,2021-12
C10598,2022-11-27,Deposit,6269.0,2022-11
C10599,2023-06-19,Deposit,9564.0,2023-06
C10599,2025-05-12,Deposit,4323.0,2025-05
C10599,2023-11-04,Withdrawal,690.0,2023-11
C10599,2024-05-12,Deposit,1947.0,2024-05
C10599,2024-03-30,Withdrawal,3205.0,2024-03
C10599,2025-04-08,Deposit,1025.0,2025-04
C10600,2022-11-13,Deposit,24816.0,2022-11
C10600,2025-09-06,Withdrawal,4091.0,2025-09
C10600,2024-02-12,Withdrawal,430.0,2024-02
C10600,2024-07-03,Deposit,4008.0,2024-07
C10601,2021-05-10,Deposit,32886.0,2021-05
C10601,2023-09-25,Withdrawal,104.0,2023-09
C10601,2022-05-28,Deposit,4070.0,2022-05
C10601,2022-12-24,Deposit,1838.0,2022-12
C10601,2023-05-23,Withdrawal,2923.0,2023-05
C10601,2024-01-07,Withdrawal,3054.0,2024-01
C10601,2023-10-09,Deposit,2490.0,2023-10
C10601,2024-04-01,Deposit,1910.0,2024-04
C10602,2020-01-01,Deposit,22313.0,2020-01
C10602,2020-04-29,Withdrawal,4428.0,2020-04
C10602,2024-08-19,Withdrawal,3088.0,2024-08
C10602,2022-11-04,Deposit,843.0,2022-11
C10602,2024-11-28,Withdrawal,3873.0,2024-11
C10602,2023-01-19,Deposit,2590.0,2023-01
C10602,2021-11-19,Deposit,9408.0,2021-11
C10602,2022-09-14,Withdrawal,4681.0,2022-09
C10602,2023-10-31,Withdrawal,3337.0,2023-10
C10602,2024-08-25,Deposit,1279.0,2024-08
C10602,2020-11-12,Deposit,6802.0,2020-11
C10602,2020-11-27,Deposit,6717.0,2020-11
C10602,2025-06-18,Deposit,3999.0,2025-06
C10602,2022-05-12,Deposit,4091.0,2022-05
C10602,2024-01-23,Withdrawal,4805.0,2024-01
C10602,2021-01-15,Withdrawal,588.0,2021-01
C10602,2025-07-22,Deposit,646.0,2025-07
C10602,2023-11-13,Deposit,9224.0,2023-11
C10602,2023-06-12,Withdrawal,2646.0,2023-06
C10603,2025-08-24,Deposit,42856.0,2025-08
C10604,2025-03-06,Deposit,18667.0,2025-03
C10604,2025-06-12,Withdrawal,414.0,2025-06
C10605,2024-09-20,Deposit,43298.0,2024-09
C10605,2025-06-02,Deposit,9485.0,2025-06
C10605,2024-10-08,Withdrawal,4136.0,2024-10
C10605,2024-09-25,Deposit,4898.0,2024-09
C10606,2024-02-01,Deposit,26350.0,2024-02
C10606,2024-04-17,Deposit,6476.0,2024-04
C10606,2024-05-13,Withdrawal,4833.0,2024-05
C10606,2024-10-06,Withdrawal,3901.0,2024-10
C10606,2024-06-23,Deposit,5311.0,2024-06
C10607,2025-12-22,Deposit,45927.0,2025-12
C10608,2021-05-10,Deposit,11042.0,2021-05
C10608,2022-11-01,Withdrawal,909.0,2022-11
C10609,2021-05-01,Deposit,37647.0,2021-05
C10609,2024-01-08,Withdrawal,4360.0,2024-01
C10609,2022-06-03,Withdrawal,3882.0,2022-06
C10609,2023-03-16,Withdrawal,2135.0,2023-03
C10609,2022-06-28,Deposit,458.0,2022-06
C10609,2023-11-14,Deposit,1505.0,2023-11
C10609,2023-11-26,Deposit,795.0,2023-11
C10610,2025-06-09,Deposit,19070.0,2025-06
C10611,2022-11-14,Deposit,36420.0,2022-11
C10612,2024-04-24,Deposit,30250.0,2024-04
C10612,2025-04-17,Withdrawal,2300.0,2025-04
C10613,2021-10-26,Deposit,9429.0,2021-10
C10613,2024-08-20,Deposit,5243.0,2024-08
C10613,2023-03-11,Withdrawal,1308.0,2023-03
C10613,2024-12-19,Deposit,851.0,2024-12
C10613,2023-01-25,Withdrawal,2153.0,2023-01
C10613,2024-09-18,Withdrawal,987.0,2024-09
C10613,2022-03-08,Deposit,1350.0,2022-03
C10613,2024-08-03,Deposit,3786.0,2024-08
C10613,2024-01-05,Deposit,3619.0,2024-01
C10613,2022-01-08,Deposit,9013.0,2022-01
C10613,2024-10-09,Withdrawal,1486.0,2024-10
C10613,2022-02-28,Withdrawal,237.0,2022-02
C10613,2023-10-30,Deposit,1927.0,2023-10
C10614,2022-08-26,Deposit,11878.0,2022-08
C10615,2025-06-03,Deposit,40259.0,2025-06
C10615,2025-06-24,Withdrawal,4782.0,2025-06
C10616,2024-02-09,Deposit,47794.0,2024-02
C10616,2025-03-16,Deposit,5030.0,2025-03
C10616,2024-03-16,Withdrawal,3967.0,2024-03
C10616,2024-09-06,Withdrawal,4135.0,2024-09
C10617,2024-06-02,Deposit,43098.0,2024-06
C10618,2021-07-19,Deposit,30912.0,2021-07
C10618,2024-07-03,Withdrawal,4672.0,2024-07
C10618,2023-02-05,Deposit,9791.0,2023-02
C10618,2025-08-29,Withdrawal,4107.0,2025-08
C10618,2024-09-19,Deposit,1555.0,2024-09
C10618,2024-10-21,Deposit,550.0,2024-10
C10618,2023-09-30,Deposit,4405.0,2023-09
C10618,2021-07-23,Withdrawal,1574.0,2021-07
C10618,2024-02-06,Deposit,5721.0,2024-02
C10618,2025-05-14,Withdrawal,1160.0,2025-05
C10618,2023-06-05,Deposit,7108.0,2023-06
C10618,2025-08-26,Withdrawal,1664.0,2025-08
C10619,2020-12-16,Deposit,49808.0,2020-12
C10619,2023-04-30,Deposit,6791.0,2023-04
C10619,2025-03-24,Withdrawal,3773.0,2025-03
C10619,2022-07-04,Deposit,7155.0,2022-07
C10619,2022-08-14,Deposit,8743.0,2022-08
C10619,2022-05-02,Deposit,6557.0,2022-05
C10619,2024-07-17,Deposit,986.0,2024-07
C10619,2021-01-22,Withdrawal,2178.0,2021-01
C10619,2024-02-29,Deposit,8529.0,2024-02
C10619,2022-03-11,Deposit,8810.0,2022-03
C10619,2024-10-14,Withdrawal,3160.0,2024-10
C10619,2021-05-09,Deposit,142.0,2021-05
C10619,2023-07-26,Deposit,3428.0,2023-07
C10619,2021-02-07,Withdrawal,1680.0,2021-02
C10620,2020-09-29,Deposit,37469.0,2020-09
C10620,2024-12-17,Withdrawal,1163.0,2024-12
C10620,2022-08-03,Withdrawal,412.0,2022-08
C10620,2024-03-25,Withdrawal,1066.0,2024-03
C10620,2023-09-03,Withdrawal,1714.0,2023-09
C10620,2024-10-26,Withdrawal,1904.0,2024-10
C10620,2023-05-27,Deposit,4386.0,2023-05
C10620,2022-10-10,Deposit,778.0,2022-10
C10620,2022-05-27,Deposit,6344.0,2022-05
C10620,2023-11-29,Withdrawal,4398.0,2023-11
C10620,2022-02-22,Deposit,9140.0,2022-02
C10620,2021-04-15,Withdrawal,2694.0,2021-04
C10620,2025-01-16,Withdrawal,4060.0,2025-01
C10621,2020-03-22,Deposit,16722.0,2020-03
C10621,2023-05-01,Withdrawal,618.0,2023-05
C10621,2024-08-06,Deposit,107.0,2024-08
C10621,2023-04-27,Deposit,2541.0,2023-04
C10621,2022-03-12,Withdrawal,2700.0,2022-03
C10621,2024-09-04,Withdrawal,4062.0,2024-09
C10621,2022-10-16,Deposit,2399.0,2022-10
C10621,2023-07-16,Deposit,9648.0,2023-07
C10621,2020-09-11,Deposit,3170.0,2020-09
C10621,2025-01-12,Withdrawal,2057.0,2025-01
C10621,2025-06-11,Withdrawal,4023.0,2025-06
C10621,2021-02-18,Withdrawal,466.0,2021-02
C10621,2020-03-31,Withdrawal,4926.0,2020-03
C10621,2021-09-01,Withdrawal,4259.0,2021-09
C10621,2022-01-27,Withdrawal,4024.0,2022-01
C10621,2022-12-21,Withdrawal,4568.0,2022-12
C10621,2022-12-20,Withdrawal,983.0,2022-12
C10621,2024-01-14,Withdrawal,1520.8000000000002,2024-01
C10621,2022-08-03,Deposit,5919.0,2022-08
C10621,2022-01-20,Withdrawal,1898.0,2022-01
C10622,2021-01-07,Deposit,39665.0,2021-01
C10622,2023-04-28,Withdrawal,3277.0,2023-04
C10622,2021-03-02,Withdrawal,811.0,2021-03
C10622,2024-08-04,Deposit,9387.0,2024-08
C10622,2022-06-13,Deposit,4731.0,2022-06
C10622,2021-03-06,Withdrawal,1758.0,2021-03
C10622,2021-06-10,Deposit,2670.0,2021-06
C10623,2024-02-05,Deposit,47799.0,2024-02
C10623,2024-09-08,Withdrawal,4066.0,2024-09
C10623,2024-12-23,Withdrawal,3121.0,2024-12
C10623,2024-03-05,Deposit,2170.0,2024-03
C10623,2024-04-27,Deposit,7645.0,2024-04
C10624,2025-12-05,Deposit,37508.0,2025-12
C10625,2020-01-16,Deposit,7341.0,2020-01
C10625,2025-05-03,Withdrawal,2838.0,2025-05
C10625,2020-05-21,Withdrawal,1827.0,2020-05
C10626,2021-02-07,Deposit,25506.0,2021-02
C10626,2021-03-18,Withdrawal,4883.0,2021-03
C10626,2023-06-17,Deposit,1052.0,2023-06
C10626,2021-04-28,Withdrawal,2183.0,2021-04
C10626,2021-05-31,Withdrawal,874.0,2021-05
C10626,2025-08-31,Deposit,9447.0,2025-08
C10626,2021-07-06,Deposit,2936.0,2021-07
C10626,2023-03-22,Withdrawal,4793.0,2023-03
C10626,2022-05-09,Deposit,6659.0,2022-05
C10626,2025-02-02,Deposit,2473.0,2025-02
C10626,2023-01-16,Withdrawal,568.0,2023-01
C10626,2023-01-15,Withdrawal,2101.0,2023-01
C10626,2021-06-02,Deposit,672.0,2021-06
C10626,2025-08-05,Withdrawal,2950.0,2025-08
C10626,2024-09-30,Deposit,3168.0,2024-09
C10626,2025-06-03,Withdrawal,1459.0,2025-06
C10626,2023-01-23,Deposit,978.0,2023-01
C10626,2022-02-03,Withdrawal,1255.0,2022-02
C10627,2021-06-06,Deposit,29985.0,2021-06
C10627,2023-01-01,Withdrawal,3072.0,2023-01
C10627,2021-12-01,Deposit,8115.0,2021-12
C10627,2022-06-23,Withdrawal,1592.0,2022-06
C10627,2024-09-19,Deposit,8059.0,2024-09
C10627,2022-09-12,Deposit,4317.0,2022-09
C10627,2021-09-04,Deposit,4724.0,2021-09
C10627,2024-04-10,Deposit,8554.0,2024-04
C10627,2021-09-25,Deposit,4792.0,2021-09
C10627,2021-10-21,Withdrawal,2648.0,2021-10
C10627,2022-08-27,Deposit,3579.0,2022-08
C10627,2022-11-20,Deposit,6420.0,2022-11
C10627,2022-11-03,Deposit,7716.0,2022-11
C10628,2025-08-08,Deposit,23739.0,2025-08
C10629,2022-08-06,Deposit,6086.0,2022-08
C10629,2023-11-26,Withdrawal,2130.0,2023-11
C10629,2022-08-07,Deposit,9656.0,2022-08
C10629,2025-09-10,Withdrawal,3639.0,2025-09
C10629,2022-10-06,Deposit,4000.0,2022-10
C10629,2023-10-22,Withdrawal,4632.0,2023-10
C10629,2025-07-20,Deposit,6179.0,2025-07
C10629,2023-06-07,Deposit,4894.0,2023-06
C10629,2023-11-21,Withdrawal,4998.0,2023-11
C10630,2021-02-14,Deposit,45015.0,2021-02
C10630,2022-07-31,Deposit,9896.0,2022-07
C10630,2023-10-26,Deposit,9669.0,2023-10
C10631,2025-09-22,Deposit,22057.0,2025-09
C10632,2024-12-21,Deposit,13170.0,2024-12
C10632,2025-08-05,Deposit,4464.0,2025-08
C10632,2025-01-24,Withdrawal,4237.0,2025-01
C10633,2021-07-29,Deposit,38423.0,2021-07
C10633,2023-09-14,Deposit,907.0,2023-09
C10633,2024-03-17,Deposit,1711.0,2024-03
C10633,2022-11-12,Withdrawal,3099.0,2022-11
C10633,2025-07-22,Deposit,8286.0,2025-07
C10633,2023-07-01,Withdrawal,911.0,2023-07
C10633,2023-02-26,Withdrawal,3192.0,2023-02
C10633,2024-10-10,Withdrawal,1361.0,2024-10
C10633,2023-12-20,Withdrawal,3485.0,2023-12
C10633,2023-03-10,Withdrawal,3230.0,2023-03
C10633,2025-01-10,Deposit,9320.0,2025-01
C10633,2024-04-25,Withdrawal,2925.0,2024-04
C10633,2024-10-20,Deposit,6403.0,2024-10
C10633,2021-09-19,Withdrawal,904.0,2021-09
C10633,2023-08-11,Withdrawal,1408.0,2023-08
C10633,2024-04-25,Deposit,9875.0,2024-04
C10634,2023-03-08,Deposit,25811.0,2023-03
C10634,2024-11-10,Withdrawal,4077.0,2024-11
C10634,2023-08-17,Withdrawal,4164.0,2023-08
C10635,2024-05-04,Deposit,17731.0,2024-05
C10635,2025-05-15,Deposit,6699.0,2025-05
C10636,2021-01-05,Deposit,40631.0,2021-01
C10636,2023-01-27,Withdrawal,1304.0,2023-01
C10636,2025-05-14,Withdrawal,4192.0,2025-05
C10636,2023-12-06,Withdrawal,3406.0,2023-12
C10637,2022-08-23,Deposit,31638.0,2022-08
C10638,2024-12-22,Deposit,25395.0,2024-12
C10639,2024-11-26,Deposit,23807.0,2024-11
C10639,2025-05-05,Withdrawal,2485.0,2025-05
C10640,2020-06-01,Deposit,5128.0,2020-06
C10640,2022-03-12,Withdrawal,4708.0,2022-03
C10641,2020-10-18,Deposit,17252.0,2020-10
C10641,2021-02-16,Deposit,9568.0,2021-02
C10641,2021-12-07,Deposit,3338.0,2021-12
C10641,2022-02-01,Withdrawal,2734.0,2022-02
C10642,2025-07-26,Deposit,48180.0,2025-07
C10642,2025-09-11,Deposit,7715.0,2025-09
C10643,2025-04-30,Deposit,6950.0,2025-04
C10644,2024-03-26,Deposit,39312.0,2024-03
C10644,2024-12-31,Deposit,7888.0,2024-12
C10644,2024-09-07,Deposit,5846.0,2024-09
C10644,2025-05-11,Withdrawal,3940.0,2025-05
C10645,2024-09-12,Deposit,11751.0,2024-09
C10646,2020-06-04,Deposit,17848.0,2020-06
C10646,2020-10-28,Deposit,1988.0,2020-10
C10646,2024-10-30,Deposit,6751.0,2024-10
C10646,2023-05-25,Withdrawal,3629.0,2023-05
C10646,2023-02-15,Deposit,8548.0,2023-02
C10646,2022-10-12,Deposit,999.0,2022-10
C10646,2022-05-26,Deposit,1625.0,2022-05
C10646,2024-03-15,Deposit,2334.0,2024-03
C10646,2024-07-26,Deposit,7511.0,2024-07
C10646,2021-05-16,Deposit,3084.0,2021-05
C10647,2025-06-26,Deposit,17751.0,2025-06
C10647,2025-09-04,Withdrawal,1599.0,2025-09
C10648,2022-12-04,Deposit,46303.0,2022-12
C10648,2023-07-13,Withdrawal,4623.0,2023-07
C10648,2025-05-26,Deposit,6701.0,2025-05
C10648,2024-05-28,Deposit,6696.0,2024-05
C10648,2024-07-20,Withdrawal,2910.0,2024-07
C10648,2024-07-01,Deposit,7485.0,2024-07
C10648,2024-07-25,Withdrawal,750.0,2024-07
C10648,2024-08-07,Deposit,2694.0,2024-08
C10649,2021-11-08,Deposit,9378.0,2021-11
C10649,2023-05-04,Withdrawal,439.0,2023-05
C10649,2025-05-22,Deposit,4700.0,2025-05
C10649,2024-02-15,Withdrawal,647.0,2024-02
C10649,2023-06-07,Withdrawal,3962.0,2023-06
C10649,2023-04-03,Withdrawal,993.0,2023-04
C10649,2023-08-11,Deposit,6868.0,2023-08
C10649,2025-06-17,Deposit,5387.0,2025-06
C10649,2024-05-07,Deposit,5939.0,2024-05
C10649,2024-10-25,Deposit,9891.0,2024-10
C10649,2024-10-10,Deposit,4007.0,2024-10
C10649,2021-12-16,Deposit,733.0,2021-12
C10650,2025-12-27,Deposit,20431.0,2025-12
C10651,2024-12-18,Deposit,32174.0,2024-12
C10651,2025-06-10,Deposit,3701.0,2025-06
C10652,2021-01-18,Deposit,39297.0,2021-01
C10652,2021-09-27,Deposit,3943.0,2021-09
C10652,2024-10-10,Deposit,7849.0,2024-10
C10652,2024-07-30,Deposit,9979.0,2024-07
C10653,2022-05-18,Deposit,7186.0,2022-05
C10653,2025-04-14,Withdrawal,4012.0,2025-04
C10653,2024-10-15,Deposit,607.0,2024-10
C10653,2023-02-26,Withdrawal,605.0,2023-02
C10653,2024-03-27,Deposit,1040.0,2024-03
C10653,2024-01-17,Withdrawal,3204.0,2024-01
C10653,2023-12-06,Deposit,953.0,2023-12
C10653,2023-05-30,Withdrawal,1055.0,2023-05
C10653,2024-07-09,Withdrawal,728.0,2024-07
C10653,2022-10-05,Deposit,6116.0,2022-10
C10653,2023-08-21,Withdrawal,1069.0,2023-08
C10653,2022-08-17,Deposit,2291.0,2022-08
C10654,2021-08-11,Deposit,16133.0,2021-08
C10654,2022-04-24,Deposit,9128.0,2022-04
C10655,2020-06-09,Deposit,7531.0,2020-06
C10655,2021-10-22,Withdrawal,4466.0,2021-10
C10655,2022-05-24,Withdrawal,310.0,2022-05
C10655,2025-03-17,Deposit,5877.0,2025-03
C10655,2025-04-23,Deposit,2541.0,2025-04
C10655,2022-12-03,Deposit,4290.0,2022-12
C10655,2024-08-16,Withdrawal,1088.0,2024-08
C10655,2023-11-23,Deposit,5734.0,2023-11
C10655,2025-06-24,Withdrawal,1281.0,2025-06
C10655,2024-07-27,Deposit,4259.0,2024-07
C10655,2020-07-11,Withdrawal,1341.0,2020-07
C10655,2022-11-04,Withdrawal,1394.0,2022-11
C10655,2025-07-06,Deposit,7800.0,2025-07
C10655,2025-09-10,Deposit,6621.0,2025-09
C10655,2023-07-02,Deposit,6109.0,2023-07
C10656,2022-02-10,Deposit,21361.0,2022-02
C10656,2024-06-26,Withdrawal,1050.0,2024-06
C10656,2024-08-05,Deposit,3606.0,2024-08
C10657,2022-03-21,Deposit,42052.0,2022-03
C10657,2023-07-23,Withdrawal,3811.0,2023-07
C10657,2025-06-10,Withdrawal,4363.0,2025-06
C10657,2023-06-30,Deposit,8372.0,2023-06
C10657,2022-09-02,Withdrawal,3576.0,2022-09
C10657,2024-11-11,Withdrawal,1748.0,2024-11
C10657,2022-06-21,Deposit,8155.0,2022-06
C10657,2023-10-26,Withdrawal,545.0,2023-10
C10657,2024-07-01,Deposit,4858.0,2024-07
C10657,2022-09-19,Withdrawal,1529.0,2022-09
C10658,2024-01-27,Deposit,28045.0,2024-01
C10658,2025-06-20,Deposit,5522.0,2025-06
C10658,2024-10-18,Deposit,1049.0,2024-10
C10658,2025-02-26,Deposit,9033.0,2025-02
C10658,2024-07-20,Deposit,8051.0,2024-07
C10658,2025-02-04,Withdrawal,3457.0,2025-02
C10658,2025-04-08,Withdrawal,3674.0,2025-04
C10659,2025-11-10,Deposit,23949.0,2025-11
C10660,2020-01-30,Deposit,12870.0,2020-01
C10660,2023-09-04,Deposit,9613.0,2023-09
C10660,2021-04-03,Withdrawal,1992.0,2021-04
C10660,2022-04-12,Withdrawal,2617.0,2022-04
C10660,2021-11-18,Withdrawal,4288.0,2021-11
C10660,2025-03-17,Deposit,9440.0,2025-03
C10660,2023-08-13,Deposit,7210.0,2023-08
C10660,2024-04-08,Deposit,5587.0,2024-04
C10660,2021-11-07,Withdrawal,168.0,2021-11
C10660,2022-09-25,Withdrawal,3888.0,2022-09
C10660,2024-09-12,Withdrawal,2276.0,2024-09
C10660,2022-10-20,Deposit,1938.0,2022-10
C10660,2022-12-28,Withdrawal,3451.0,2022-12
C10660,2022-02-25,Withdrawal,2906.0,2022-02
C10660,2020-11-18,Deposit,2765.0,2020-11
C10660,2024-06-23,Deposit,1426.0,2024-06
C10660,2024-01-04,Withdrawal,3969.0,2024-01
C10660,2022-03-13,Deposit,1539.0,2022-03
C10660,2020-04-16,Deposit,8143.0,2020-04
C10661,2020-10-24,Deposit,15311.0,2020-10
C10661,2021-05-24,Withdrawal,1013.0,2021-05
C10661,2024-09-01,Deposit,5304.0,2024-09
C10661,2022-10-21,Withdrawal,1545.0,2022-10
C10661,2023-03-17,Deposit,9831.0,2023-03
C10661,2024-05-01,Withdrawal,2721.0,2024-05
C10661,2021-02-16,Withdrawal,4844.0,2021-02
C10661,2024-02-22,Withdrawal,1247.0,2024-02
C10661,2021-05-04,Withdrawal,821.0,2021-05
C10661,2023-02-26,Withdrawal,1408.0,2023-02
C10662,2021-08-18,Deposit,34000.0,2021-08
C10662,2023-04-23,Deposit,1467.0,2023-04
C10662,2024-06-11,Withdrawal,4624.0,2024-06
C10662,2025-03-22,Withdrawal,1450.0,2025-03
C10662,2024-11-22,Deposit,7605.0,2024-11
C10662,2024-03-05,Deposit,4243.0,2024-03
C10662,2024-10-09,Deposit,5681.0,2024-10
C10662,2024-08-01,Deposit,10000.0,2024-08
C10662,2025-06-06,Withdrawal,2787.0,2025-06
C10662,2023-04-07,Deposit,9841.0,2023-04
C10663,2024-08-14,Deposit,17660.0,2024-08
C10663,2025-02-02,Deposit,3450.0,2025-02
C10664,2022-08-20,Deposit,24277.0,2022-08
C10664,2023-01-20,Deposit,8236.0,2023-01
C10665,2023-06-22,Deposit,48548.0,2023-06
C10665,2023-07-01,Deposit,7960.0,2023-07
C10665,2025-07-31,Deposit,4963.0,2025-07
C10665,2025-01-29,Withdrawal,4953.0,2025-01
C10665,2024-04-26,Withdrawal,2059.0,2024-04
C10665,2024-04-08,Deposit,4719.0,2024-04
C10665,2023-12-05,Withdrawal,3623.0,2023-12
C10665,2025-03-03,Deposit,6926.0,2025-03
C10665,2024-09-14,Deposit,8832.0,2024-09
C10665,2024-09-28,Withdrawal,2840.0,2024-09
C10666,2020-12-15,Deposit,40509.0,2020-12
C10666,2023-04-07,Withdrawal,2666.0,2023-04
C10666,2023-02-17,Withdrawal,813.0,2023-02
C10666,2023-05-24,Deposit,1976.0,2023-05
C10667,2025-01-04,Deposit,11114.0,2025-01
C10668,2022-10-06,Deposit,39928.0,2022-10
C10668,2025-03-06,Deposit,2333.0,2025-03
C10668,2024-05-16,Deposit,6228.0,2024-05
C10668,2025-01-21,Deposit,1081.0,2025-01
C10668,2023-12-02,Withdrawal,4900.0,2023-12
C10668,2025-04-30,Withdrawal,119.0,2025-04
C10668,2025-06-25,Withdrawal,4173.0,2025-06
C10668,2022-11-04,Withdrawal,230.0,2022-11
C10668,2024-07-19,Withdrawal,3442.0,2024-07
C10669,2025-09-17,Deposit,40783.0,2025-09
C10670,2024-09-20,Deposit,35939.0,2024-09
C10670,2025-05-29,Deposit,2275.0,2025-05
C10670,2025-06-05,Withdrawal,3836.0,2025-06
C10671,2024-03-30,Deposit,29062.0,2024-03
C10671,2025-04-23,Withdrawal,4620.0,2025-04
C10672,2020-03-11,Deposit,46153.0,2020-03
C10672,2025-08-03,Deposit,8962.0,2025-08
C10672,2024-06-22,Withdrawal,3090.0,2024-06
C10672,2020-07-24,Withdrawal,3982.0,2020-07
C10672,2022-09-06,Deposit,8894.0,2022-09
C10672,2022-10-09,Withdrawal,1048.0,2022-10
C10672,2025-07-16,Withdrawal,4164.0,2025-07
C10672,2020-12-06,Withdrawal,2494.0,2020-12
C10672,2025-02-05,Withdrawal,2015.0,2025-02
C10672,2024-04-21,Deposit,5149.0,2024-04
C10672,2025-07-15,Withdrawal,2663.0,2025-07
C10672,2022-09-03,Deposit,7066.0,2022-09
C10673,2022-12-07,Deposit,13185.0,2022-12
C10673,2024-05-23,Deposit,9281.0,2024-05
C10673,2023-03-04,Deposit,8009.0,2023-03
C10673,2025-05-11,Deposit,4676.0,2025-05
C10673,2024-03-26,Deposit,3510.0,2024-03
C10673,2024-11-20,Deposit,9405.0,2024-11
C10673,2023-09-10,Deposit,7975.0,2023-09
C10673,2025-03-24,Withdrawal,3920.0,2025-03
C10673,2023-08-05,Deposit,3674.0,2023-08
C10674,2020-11-21,Deposit,24828.0,2020-11
C10674,2021-12-19,Deposit,3369.0,2021-12
C10675,2024-04-07,Deposit,18598.0,2024-04
C10675,2025-06-14,Withdrawal,1343.0,2025-06
C10675,2025-09-16,Withdrawal,2333.0,2025-09
C10675,2024-04-22,Withdrawal,397.0,2024-04
C10676,2022-09-15,Deposit,12703.0,2022-09
C10676,2023-06-15,Deposit,3046.0,2023-06
C10676,2024-08-31,Deposit,1393.0,2024-08
C10676,2023-03-29,Withdrawal,3255.0,2023-03
C10676,2024-05-03,Deposit,8766.0,2024-05
C10676,2023-07-10,Deposit,8991.0,2023-07
C10676,2025-03-29,Deposit,5379.0,2025-03
C10677,2020-02-20,Deposit,5442.0,2020-02
C10677,2022-04-27,Withdrawal,2285.0,2022-04
C10677,2025-09-06,Withdrawal,2525.6000000000004,2025-09
C10677,2025-08-28,Deposit,5856.0,2025-08
C10677,2021-02-20,Deposit,9516.0,2021-02
C10677,2022-02-10,Withdrawal,2009.0,2022-02
C10677,2021-06-27,Deposit,1727.0,2021-06
C10677,2022-08-17,Deposit,9105.0,2022-08
C10677,2020-12-30,Deposit,4083.0,2020-12
C10677,2021-01-28,Deposit,6835.0,2021-01
C10677,2024-01-15,Withdrawal,3485.0,2024-01
C10678,2023-01-13,Deposit,30240.0,2023-01
C10678,2023-08-28,Withdrawal,635.0,2023-08
C10678,2025-05-31,Deposit,4669.0,2025-05
C10678,2024-02-09,Withdrawal,1173.0,2024-02
C10678,2024-10-22,Deposit,8179.0,2024-10
C10678,2024-07-09,Withdrawal,1462.0,2024-07
C10678,2024-01-07,Deposit,6707.0,2024-01
C10678,2024-10-15,Deposit,5843.0,2024-10
C10678,2025-09-14,Deposit,7270.0,2025-09
C10679,2022-05-26,Deposit,10967.0,2022-05
C10680,2021-03-26,Deposit,5214.0,2021-03
C10680,2021-05-02,Withdrawal,3812.0,2021-05
C10680,2021-07-12,Withdrawal,1121.6000000000001,2021-07
C10680,2025-04-10,Deposit,550.0,2025-04
C10680,2021-04-22,Withdrawal,664.3199999999999,2021-04
C10680,2023-04-21,Withdrawal,132.86399999999995,2023-04
C10680,2021-06-26,Deposit,4318.0,2021-06
C10680,2021-06-28,Deposit,4583.0,2021-06
C10680,2024-04-08,Withdrawal,514.0,2024-04
C10680,2022-08-05,Withdrawal,583.0,2022-08
C10680,2024-09-23,Withdrawal,1335.0,2024-09
C10680,2022-02-19,Deposit,7344.0,2022-02
C10680,2023-01-07,Deposit,3600.0,2023-01
C10680,2023-03-30,Withdrawal,4209.0,2023-03
C10681,2024-12-02,Deposit,35267.0,2024-12
C10681,2025-03-19,Withdrawal,265.0,2025-03
C10681,2025-08-16,Deposit,9191.0,2025-08
C10682,2025-01-21,Deposit,34550.0,2025-01
C10683,2025-03-07,Deposit,31649.0,2025-03
C10684,2024-10-16,Deposit,12504.0,2024-10
C10684,2025-03-27,Deposit,6263.0,2025-03
C10684,2025-03-29,Withdrawal,239.0,2025-03
C10685,2022-01-27,Deposit,15092.0,2022-01
C10685,2024-12-05,Deposit,808.0,2024-12
C10685,2025-01-29,Deposit,6744.0,2025-01
C10686,2021-06-20,Deposit,38374.0,2021-06
C10686,2024-10-21,Deposit,2654.0,2024-10
C10686,2024-05-26,Deposit,8138.0,2024-05
C10686,2023-11-11,Deposit,8796.0,2023-11
C10686,2022-01-12,Deposit,4759.0,2022-01
C10686,2025-04-18,Deposit,6165.0,2025-04
C10687,2024-10-10,Deposit,14616.0,2024-10
C10688,2023-02-03,Deposit,17116.0,2023-02
C10688,2025-04-16,Withdrawal,4917.0,2025-04
C10688,2024-05-07,Deposit,194.0,2024-05
C10688,2024-07-26,Withdrawal,4504.0,2024-07
C10689,2021-06-18,Deposit,19816.0,2021-06
C10689,2024-10-30,Withdrawal,2505.0,2024-10
C10689,2025-01-22,Withdrawal,4716.0,2025-01
C10689,2023-11-09,Withdrawal,2822.0,2023-11
C10689,2023-03-07,Withdrawal,4315.0,2023-03
C10689,2021-08-31,Deposit,7553.0,2021-08
C10689,2024-04-20,Deposit,8699.0,2024-04
C10689,2021-08-27,Withdrawal,2225.0,2021-08
C10689,2023-10-29,Deposit,9611.0,2023-10
C10690,2021-07-15,Deposit,13099.0,2021-07
C10690,2023-01-06,Deposit,8195.0,2023-01
C10690,2022-12-10,Deposit,5197.0,2022-12
C10690,2025-07-07,Withdrawal,4803.0,2025-07
C10690,2025-02-16,Withdrawal,1901.0,2025-02
C10690,2025-08-05,Deposit,5290.0,2025-08
C10690,2022-10-31,Withdrawal,1831.0,2022-10
C10690,2023-03-23,Deposit,3068.0,2023-03
C10690,2025-07-15,Deposit,1024.0,2025-07
C10690,2023-05-31,Deposit,3291.0,2023-05
C10690,2021-12-20,Withdrawal,1219.0,2021-12
C10690,2023-07-10,Deposit,7334.0,2023-07
C10691,2025-07-06,Deposit,43849.0,2025-07
C10692,2020-12-15,Deposit,15774.0,2020-12
C10692,2022-04-07,Withdrawal,3557.0,2022-04
C10692,2024-04-01,Withdrawal,181.0,2024-04
C10692,2022-07-27,Withdrawal,791.0,2022-07
C10692,2021-02-16,Withdrawal,2318.0,2021-02
C10692,2021-11-11,Withdrawal,2875.0,2021-11
C10692,2023-06-01,Withdrawal,2965.0,2023-06
C10692,2022-03-18,Withdrawal,2728.0,2022-03
C10692,2024-07-24,Withdrawal,287.2,2024-07
C10692,2022-08-05,Deposit,4502.0,2022-08
C10692,2024-04-11,Withdrawal,1040.0,2024-04
C10692,2021-01-22,Withdrawal,428.0,2021-01
C10692,2024-07-15,Withdrawal,2174.0,2024-07
C10692,2022-02-18,Deposit,2686.0,2022-02
C10692,2022-07-24,Withdrawal,2894.2400000000002,2022-07
C10692,2024-08-08,Withdrawal,578.848,2024-08
C10693,2021-08-31,Deposit,46509.0,2021-08
C10693,2023-05-22,Deposit,5144.0,2023-05
C10693,2024-05-01,Deposit,3844.0,2024-05
C10693,2022-06-29,Withdrawal,3957.0,2022-06
C10693,2025-03-12,Deposit,4670.0,2025-03
C10693,2022-01-09,Withdrawal,4905.0,2022-01
C10693,2023-05-20,Withdrawal,3747.0,2023-05
C10693,2024-02-15,Deposit,111.0,2024-02
C10693,2024-03-15,Deposit,3496.0,2024-03
C10693,2024-10-13,Withdrawal,1650.0,2024-10
C10693,2024-02-21,Deposit,4901.0,2024-02
C10694,2024-12-09,Deposit,39941.0,2024-12
C10695,2022-09-11,Deposit,21847.0,2022-09
C10695,2023-01-21,Deposit,5634.0,2023-01
C10695,2024-06-10,Deposit,5129.0,2024-06
C10696,2024-04-15,Deposit,25871.0,2024-04
C10696,2024-12-06,Deposit,7281.0,2024-12
C10697,2020-12-15,Deposit,31779.0,2020-12
C10697,2022-07-17,Deposit,9233.0,2022-07
C10697,2021-07-07,Deposit,1030.0,2021-07
C10697,2024-07-22,Withdrawal,4996.0,2024-07
C10697,2022-10-08,Deposit,8779.0,2022-10
C10697,2024-11-10,Withdrawal,4797.0,2024-11
C10697,2025-08-20,Withdrawal,457.0,2025-08
C10697,2022-07-08,Withdrawal,3125.0,2022-07
C10697,2021-08-21,Deposit,1385.0,2021-08
C10697,2023-03-27,Withdrawal,2759.0,2023-03
C10697,2022-07-06,Deposit,2111.0,2022-07
C10697,2022-05-25,Withdrawal,1241.0,2022-05
C10697,2024-10-10,Deposit,5838.0,2024-10
C10698,2022-08-16,Deposit,42855.0,2022-08
C10698,2024-01-25,Withdrawal,3488.0,2024-01
C10698,2023-12-20,Deposit,2224.0,2023-12
C10698,2023-11-30,Withdrawal,4807.0,2023-11
C10699,2022-02-11,Deposit,24503.0,2022-02
C10699,2024-03-04,Withdrawal,1113.0,2024-03
C10699,2023-01-01,Deposit,173.0,2023-01
C10699,2022-04-17,Withdrawal,3015.0,2022-04
C10699,2023-02-04,Withdrawal,1737.0,2023-02
C10699,2022-02-13,Withdrawal,2907.0,2022-02
C10699,2023-12-28,Withdrawal,2924.0,2023-12
C10700,2023-08-31,Deposit,20367.0,2023-08
C10700,2024-02-04,Withdrawal,3816.0,2024-02
C10700,2024-06-25,Deposit,9494.0,2024-06
C10701,2025-08-17,Deposit,41899.0,2025-08
C10702,2020-03-10,Deposit,34944.0,2020-03
C10702,2022-10-10,Withdrawal,1695.0,2022-10
C10702,2020-12-15,Withdrawal,3910.0,2020-12
C10702,2025-01-01,Deposit,586.0,2025-01
C10702,2021-03-22,Deposit,3378.0,2021-03
C10702,2023-05-14,Withdrawal,4403.0,2023-05
C10702,2020-03-22,Withdrawal,4043.0,2020-03
C10702,2023-08-04,Deposit,4477.0,2023-08
C10703,2023-04-16,Deposit,45280.0,2023-04
C10703,2024-03-03,Withdrawal,2567.0,2024-03
C10703,2024-01-26,Deposit,8997.0,2024-01
C10703,2025-08-07,Deposit,5542.0,2025-08
C10704,2021-07-23,Deposit,15397.0,2021-07
C10704,2024-05-12,Withdrawal,1557.0,2024-05
C10704,2022-10-09,Withdrawal,4136.0,2022-10
C10704,2024-10-17,Withdrawal,1816.0,2024-10
C10704,2022-11-13,Deposit,3489.0,2022-11
C10705,2022-01-30,Deposit,14043.0,2022-01
C10705,2022-08-12,Deposit,2489.0,2022-08
C10705,2025-09-03,Withdrawal,4070.0,2025-09
C10705,2022-07-15,Withdrawal,2104.0,2022-07
C10706,2020-05-31,Deposit,32925.0,2020-05
C10706,2023-04-29,Deposit,6029.0,2023-04
C10706,2024-03-05,Deposit,9675.0,2024-03
C10706,2022-08-16,Withdrawal,143.0,2022-08
C10706,2025-08-18,Deposit,6808.0,2025-08
C10706,2022-05-18,Deposit,591.0,2022-05
C10706,2020-12-20,Deposit,6206.0,2020-12
C10706,2023-06-14,Withdrawal,4073.0,2023-06
C10706,2020-12-26,Withdrawal,636.0,2020-12
C10706,2025-05-30,Deposit,2030.0,2025-05
C10706,2025-04-20,Deposit,1385.0,2025-04
C10707,2023-04-29,Deposit,38828.0,2023-04
C10708,2021-11-08,Deposit,44404.0,2021-11
C10708,2023-08-22,Withdrawal,2737.0,2023-08
C10708,2024-05-23,Deposit,9363.0,2024-05
C10708,2023-09-30,Deposit,1001.0,2023-09
C10708,2025-05-20,Deposit,7220.0,2025-05
C10708,2025-03-26,Withdrawal,1026.0,2025-03
C10708,2023-08-01,Deposit,702.0,2023-08
C10708,2022-05-05,Deposit,4369.0,2022-05
C10709,2020-02-10,Deposit,34205.0,2020-02
C10709,2021-10-27,Deposit,7914.0,2021-10
C10709,2023-12-26,Deposit,5205.0,2023-12
C10709,2024-04-12,Deposit,6653.0,2024-04
C10709,2022-08-27,Withdrawal,2648.0,2022-08
C10709,2022-05-03,Deposit,808.0,2022-05
C10709,2022-03-24,Deposit,5680.0,2022-03
C10709,2025-06-07,Deposit,3565.0,2025-06
C10709,2025-06-28,Deposit,8700.0,2025-06
C10709,2022-12-04,Deposit,2256.0,2022-12
C10709,2025-08-14,Deposit,9877.0,2025-08
C10709,2022-10-24,Deposit,6679.0,2022-10
C10709,2024-12-04,Deposit,8572.0,2024-12
C10709,2022-04-13,Withdrawal,4835.0,2022-04
C10710,2023-04-17,Deposit,21038.0,2023-04
C10710,2024-07-11,Deposit,6685.0,2024-07
C10710,2024-01-03,Withdrawal,4452.0,2024-01
C10710,2023-12-18,Deposit,7714.0,2023-12
C10710,2025-05-18,Withdrawal,2041.0,2025-05
C10710,2023-07-10,Deposit,6992.0,2023-07
C10710,2023-04-29,Withdrawal,2971.0,2023-04
C10710,2025-05-30,Withdrawal,4863.0,2025-05
C10711,2025-08-01,Deposit,46626.0,2025-08
C10712,2022-08-21,Deposit,39766.0,2022-08
C10712,2025-04-05,Deposit,8761.0,2025-04
C10712,2024-05-09,Withdrawal,4351.0,2024-05
C10712,2023-02-15,Deposit,2362.0,2023-02
C10712,2023-11-06,Deposit,7308.0,2023-11
C10712,2023-02-17,Withdrawal,3967.0,2023-02
C10712,2023-06-05,Deposit,6761.0,2023-06
C10713,2023-04-11,Deposit,9766.0,2023-04
C10713,2023-08-08,Deposit,9054.0,2023-08
C10713,2023-07-12,Deposit,1098.0,2023-07
C10714,2024-02-17,Deposit,41538.0,2024-02
C10714,2025-08-19,Deposit,1443.0,2025-08
C10715,2020-05-25,Deposit,19726.0,2020-05
C10715,2024-04-15,Deposit,8758.0,2024-04
C10715,2021-04-29,Deposit,693.0,2021-04
C10715,2021-12-29,Withdrawal,2145.0,2021-12
C10715,2024-05-09,Deposit,1195.0,2024-05
C10715,2021-07-24,Withdrawal,4781.0,2021-07
C10715,2024-08-07,Withdrawal,1444.0,2024-08
C10715,2021-06-22,Deposit,1642.0,2021-06
C10715,2024-07-29,Withdrawal,2140.0,2024-07
C10715,2020-07-24,Withdrawal,2817.0,2020-07
C10715,2022-05-28,Withdrawal,656.0,2022-05
C10715,2022-10-26,Deposit,8225.0,2022-10
C10715,2024-06-09,Withdrawal,300.0,2024-06
C10715,2021-09-22,Deposit,1713.0,2021-09
C10715,2024-02-11,Withdrawal,3982.0,2024-02
C10716,2023-03-15,Deposit,49735.0,2023-03
C10717,2024-08-03,Deposit,42126.0,2024-08
C10717,2025-08-12,Withdrawal,4439.0,2025-08
C10718,2025-10-31,Deposit,11871.0,2025-10
C10719,2020-11-19,Deposit,49595.0,2020-11
C10719,2020-12-19,Deposit,1987.0,2020-12
C10720,2022-07-25,Deposit,22811.0,2022-07
C10720,2024-01-27,Withdrawal,3021.0,2024-01
C10720,2024-01-30,Deposit,2726.0,2024-01
C10720,2024-03-18,Withdrawal,4767.0,2024-03
C10720,2025-08-01,Withdrawal,448.0,2025-08
C10721,2020-07-08,Deposit,43351.0,2020-07
C10721,2021-10-22,Deposit,7419.0,2021-10
C10721,2022-02-20,Deposit,6926.0,2022-02
C10721,2020-10-22,Withdrawal,4457.0,2020-10
C10721,2024-08-18,Withdrawal,2570.0,2024-08
C10721,2021-04-30,Withdrawal,183.0,2021-04
C10721,2025-07-17,Deposit,4422.0,2025-07
C10721,2025-07-06,Withdrawal,4905.0,2025-07
C10721,2021-03-05,Withdrawal,3386.0,2021-03
C10721,2022-10-18,Deposit,1470.0,2022-10
C10721,2020-11-27,Deposit,2990.0,2020-11
C10721,2024-03-02,Withdrawal,651.0,2024-03
C10721,2021-11-09,Withdrawal,929.0,2021-11
C10721,2021-09-21,Deposit,536.0,2021-09
C10722,2022-03-20,Deposit,42212.0,2022-03
C10722,2024-01-29,Withdrawal,182.0,2024-01
C10722,2023-02-11,Withdrawal,4924.0,2023-02
C10722,2024-01-16,Withdrawal,3253.0,2024-01
C10723,2022-12-29,Deposit,8089.0,2022-12
C10724,2020-06-21,Deposit,15918.0,2020-06
C10724,2023-09-19,Deposit,7510.0,2023-09
C10724,2021-12-02,Withdrawal,4995.0,2021-12
C10724,2021-01-27,Deposit,1576.0,2021-01
C10724,2020-12-30,Deposit,9694.0,2020-12
C10724,2023-12-30,Withdrawal,4070.0,2023-12
C10724,2023-12-23,Withdrawal,1669.0,2023-12
C10724,2023-10-06,Withdrawal,2011.0,2023-10
C10724,2025-04-20,Withdrawal,2525.0,2025-04
C10725,2024-12-18,Deposit,44186.0,2024-12
C10726,2021-12-23,Deposit,46251.0,2021-12
C10726,2023-03-15,Deposit,4367.0,2023-03
C10726,2022-09-14,Withdrawal,1153.0,2022-09
C10726,2023-02-23,Withdrawal,4024.0,2023-02
C10727,2024-05-21,Deposit,9897.0,2024-05
C10727,2024-11-03,Deposit,6974.0,2024-11
C10727,2024-06-20,Deposit,9810.0,2024-06
C10727,2025-06-16,Deposit,5626.0,2025-06
C10728,2023-07-09,Deposit,10692.0,2023-07
C10729,2020-11-23,Deposit,28096.0,2020-11
C10729,2021-10-17,Deposit,9536.0,2021-10
C10729,2025-07-29,Withdrawal,2413.0,2025-07
C10729,2022-05-05,Withdrawal,1334.0,2022-05
C10729,2021-01-09,Withdrawal,2999.0,2021-01
C10729,2025-07-04,Withdrawal,1093.0,2025-07
C10729,2021-08-28,Deposit,7013.0,2021-08
C10730,2024-03-01,Deposit,34868.0,2024-03
C10730,2025-01-19,Withdrawal,2343.0,2025-01
C10730,2025-03-15,Deposit,4259.0,2025-03
C10730,2024-08-15,Withdrawal,4212.0,2024-08
C10731,2022-11-23,Deposit,17815.0,2022-11
C10731,2024-11-17,Withdrawal,805.0,2024-11
C10731,2025-03-20,Deposit,1135.0,2025-03
C10731,2023-02-09,Deposit,4922.0,2023-02
C10731,2024-03-09,Withdrawal,3519.0,2024-03
C10731,2023-04-05,Deposit,9460.0,2023-04
C10731,2025-04-29,Withdrawal,3221.0,2025-04
C10731,2023-05-22,Deposit,147.0,2023-05
C10731,2023-01-09,Withdrawal,1508.0,2023-01
C10732,2023-10-14,Deposit,25100.0,2023-10
C10732,2024-04-27,Deposit,4916.0,2024-04
C10733,2020-11-05,Deposit,49462.0,2020-11
C10733,2020-11-14,Deposit,2033.0,2020-11
C10733,2022-10-05,Deposit,4727.0,2022-10
C10733,2022-11-21,Withdrawal,1979.0,2022-11
C10733,2023-10-17,Deposit,9571.0,2023-10
C10733,2022-02-09,Withdrawal,4314.0,2022-02
C10733,2023-07-11,Withdrawal,3324.0,2023-07
C10733,2023-11-12,Withdrawal,913.0,2023-11
C10733,2021-06-24,Withdrawal,1109.0,2021-06
C10733,2021-05-23,Withdrawal,1699.0,2021-05
C10733,2022-12-16,Withdrawal,3936.0,2022-12
C10733,2021-02-26,Withdrawal,268.0,2021-02
C10733,2023-11-19,Deposit,331.0,2023-11
C10733,2025-05-08,Withdrawal,1608.0,2025-05
C10733,2024-12-16,Withdrawal,1899.0,2024-12
C10733,2021-08-26,Withdrawal,4750.0,2021-08
C10733,2024-03-19,Withdrawal,3987.0,2024-03
C10734,2022-10-01,Deposit,32819.0,2022-10
C10734,2024-04-04,Deposit,421.0,2024-04
C10734,2024-01-19,Deposit,6607.0,2024-01
C10734,2024-12-15,Deposit,3345.0,2024-12
C10734,2024-12-27,Withdrawal,3294.0,2024-12
C10734,2023-07-08,Withdrawal,1575.0,2023-07
C10734,2025-05-19,Withdrawal,1706.0,2025-05
C10734,2024-04-05,Deposit,4714.0,2024-04
C10735,2023-06-22,Deposit,31242.0,2023-06
C10735,2024-05-17,Withdrawal,1341.0,2024-05
C10735,2025-07-01,Withdrawal,2408.0,2025-07
C10735,2024-04-08,Deposit,1249.0,2024-04
C10735,2023-10-28,Withdrawal,2783.0,2023-10
C10735,2025-03-18,Deposit,9039.0,2025-03
C10735,2025-07-31,Withdrawal,2581.0,2025-07
C10736,2023-05-14,Deposit,21253.0,2023-05
C10736,2024-06-18,Deposit,6401.0,2024-06
C10736,2025-05-09,Deposit,2699.0,2025-05
C10736,2023-08-07,Deposit,3471.0,2023-08
C10737,2025-04-09,Deposit,38485.0,2025-04
C10738,2023-06-28,Deposit,15018.0,2023-06
C10739,2024-08-19,Deposit,39224.0,2024-08
C10739,2025-09-03,Withdrawal,4021.0,2025-09
C10739,2025-06-04,Withdrawal,2260.0,2025-06
C10739,2025-08-07,Withdrawal,116.0,2025-08
C10740,2025-08-12,Deposit,43016.0,2025-08
C10740,2025-09-07,Deposit,5790.0,2025-09
C10741,2023-12-03,Deposit,35261.0,2023-12
C10742,2023-06-06,Deposit,20696.0,2023-06
C10742,2023-09-09,Withdrawal,4126.0,2023-09
C10742,2024-07-19,Withdrawal,2516.0,2024-07
C10742,2023-08-17,Deposit,8195.0,2023-08
C10742,2023-11-08,Withdrawal,2534.0,2023-11
C10742,2025-05-27,Withdrawal,479.0,2025-05
C10742,2025-08-11,Withdrawal,3054.0,2025-08
C10743,2025-05-25,Deposit,17992.0,2025-05
C10744,2025-10-07,Deposit,17738.0,2025-10
C10745,2022-08-02,Deposit,22435.0,2022-08
C10745,2022-10-23,Deposit,4815.0,2022-10
C10745,2024-11-05,Withdrawal,2610.0,2024-11
C10745,2023-02-27,Withdrawal,1518.0,2023-02
C10746,2023-07-29,Deposit,41934.0,2023-07
C10746,2024-10-18,Withdrawal,221.0,2024-10
C10746,2024-08-08,Deposit,4810.0,2024-08
C10747,2023-11-10,Deposit,37455.0,2023-11
C10748,2022-02-16,Deposit,45347.0,2022-02
C10748,2023-02-23,Deposit,3520.0,2023-02
C10748,2022-08-02,Withdrawal,2646.0,2022-08
C10748,2022-12-13,Withdrawal,4380.0,2022-12
C10748,2025-01-31,Withdrawal,630.0,2025-01
C10748,2025-06-11,Withdrawal,2012.0,2025-06
C10748,2022-05-10,Withdrawal,1897.0,2022-05
C10748,2023-03-18,Deposit,3712.0,2023-03
C10748,2023-04-07,Withdrawal,4041.0,2023-04
C10749,2023-01-21,Deposit,48864.0,2023-01
C10749,2024-09-11,Withdrawal,3775.0,2024-09
C10750,2023-02-26,Deposit,34581.0,2023-02
C10750,2025-01-22,Deposit,6249.0,2025-01
C10750,2024-03-18,Withdrawal,2051.0,2024-03
C10750,2024-04-22,Withdrawal,4041.0,2024-04
C10750,2025-06-01,Withdrawal,4124.0,2025-06
C10750,2024-12-13,Deposit,7094.0,2024-12
C10750,2024-03-08,Deposit,6642.0,2024-03
C10750,2023-04-13,Withdrawal,1148.0,2023-04
C10750,2025-03-31,Withdrawal,1078.0,2025-03
C10751,2022-09-01,Deposit,39109.0,2022-09
C10751,2023-05-01,Withdrawal,2503.0,2023-05
C10752,2023-04-16,Deposit,31546.0,2023-04
C10752,2023-11-16,Deposit,5617.0,2023-11
C10752,2023-11-24,Deposit,2380.0,2023-11
C10753,2024-03-19,Deposit,34086.0,2024-03
C10753,2025-04-21,Deposit,928.0,2025-04
C10753,2024-12-24,Withdrawal,2663.0,2024-12
C10753,2024-07-16,Withdrawal,909.0,2024-07
C10753,2024-07-10,Deposit,9672.0,2024-07
C10753,2025-02-09,Withdrawal,1743.0,2025-02
C10753,2025-03-14,Withdrawal,266.0,2025-03
C10753,2025-04-15,Deposit,1261.0,2025-04
C10754,2021-11-16,Deposit,36920.0,2021-11
C10754,2023-07-16,Withdrawal,393.0,2023-07
C10754,2024-07-26,Deposit,6226.0,2024-07
C10754,2023-03-17,Withdrawal,2091.0,2023-03
C10754,2025-09-13,Deposit,9730.0,2025-09
C10754,2023-09-21,Deposit,7617.0,2023-09
C10755,2021-10-13,Deposit,35961.0,2021-10
C10755,2024-04-23,Withdrawal,3627.0,2024-04
C10755,2022-03-21,Withdrawal,4754.0,2022-03
C10755,2021-10-16,Deposit,6526.0,2021-10
C10755,2025-02-12,Deposit,3057.0,2025-02
C10755,2025-09-10,Withdrawal,1730.0,2025-09
C10755,2022-10-16,Withdrawal,4608.0,2022-10
C10755,2024-10-17,Deposit,1931.0,2024-10
C10755,2022-02-09,Deposit,9172.0,2022-02
C10756,2022-01-06,Deposit,31251.0,2022-01
C10756,2025-03-09,Withdrawal,2614.0,2025-03
C10756,2022-10-16,Deposit,3860.0,2022-10
C10756,2023-08-28,Withdrawal,2879.0,2023-08
C10756,2024-12-12,Deposit,8893.0,2024-12
C10756,2022-02-23,Withdrawal,4345.0,2022-02
C10756,2025-04-15,Withdrawal,1182.0,2025-04
C10756,2023-03-23,Deposit,2495.0,2023-03
C10756,2023-01-09,Withdrawal,4410.0,2023-01
C10756,2022-02-13,Withdrawal,3178.0,2022-02
C10756,2022-11-03,Deposit,3005.0,2022-11
C10756,2024-07-29,Withdrawal,2626.0,2024-07
C10756,2024-09-28,Deposit,9149.0,2024-09
C10756,2022-08-20,Withdrawal,2050.0,2022-08
C10757,2023-01-21,Deposit,5753.0,2023-01
C10757,2024-06-27,Deposit,6650.0,2024-06
C10757,2025-08-16,Withdrawal,3847.0,2025-08
C10757,2024-01-19,Deposit,1533.0,2024-01
C10758,2023-08-09,Deposit,14627.0,2023-08
C10758,2024-06-25,Withdrawal,3682.0,2024-06
C10759,2020-09-16,Deposit,32690.0,2020-09
C10759,2023-11-18,Deposit,2016.0,2023-11
C10759,2023-11-30,Deposit,8566.0,2023-11
C10759,2022-09-02,Deposit,3729.0,2022-09
C10759,2020-09-24,Withdrawal,3830.0,2020-09
C10759,2021-01-17,Withdrawal,4152.0,2021-01
C10759,2024-08-06,Withdrawal,925.0,2024-08
C10759,2025-07-14,Deposit,638.0,2025-07
C10759,2023-05-07,Deposit,1992.0,2023-05
C10759,2021-10-03,Withdrawal,416.0,2021-10
C10759,2025-07-17,Withdrawal,1892.0,2025-07
C10759,2024-05-01,Deposit,4450.0,2024-05
C10760,2023-02-17,Deposit,38634.0,2023-02
C10760,2024-09-15,Deposit,8812.0,2024-09
C10760,2025-05-05,Deposit,6570.0,2025-05
C10760,2023-04-24,Deposit,3347.0,2023-04
C10760,2023-12-18,Withdrawal,3388.0,2023-12
C10760,2023-08-20,Withdrawal,3145.0,2023-08
C10760,2024-11-05,Withdrawal,1898.0,2024-11
C10761,2023-09-24,Deposit,36084.0,2023-09
C10761,2024-04-13,Deposit,4479.0,2024-04
C10762,2023-12-02,Deposit,7551.0,2023-12
C10762,2025-09-16,Withdrawal,4437.0,2025-09
C10762,2024-11-11,Deposit,5710.0,2024-11
C10762,2024-08-18,Withdrawal,4673.0,2024-08
C10763,2023-04-07,Deposit,22608.0,2023-04
C10763,2025-05-02,Withdrawal,1175.0,2025-05
C10763,2024-12-22,Withdrawal,2779.0,2024-12
C10763,2023-08-07,Deposit,6835.0,2023-08
C10764,2025-02-27,Deposit,48427.0,2025-02
C10764,2025-06-16,Deposit,5341.0,2025-06
C10764,2025-03-31,Withdrawal,4029.0,2025-03
C10764,2025-06-18,Withdrawal,3866.0,2025-06
C10765,2024-02-20,Deposit,37750.0,2024-02
C10765,2025-02-18,Withdrawal,686.0,2025-02
C10765,2025-08-08,Deposit,4394.0,2025-08
C10765,2024-05-24,Deposit,6849.0,2024-05
C10765,2025-06-26,Withdrawal,3608.0,2025-06
C10765,2025-06-16,Withdrawal,516.0,2025-06
C10765,2025-05-03,Withdrawal,2943.0,2025-05
C10766,2021-11-23,Deposit,36218.0,2021-11
C10767,2024-08-17,Deposit,36237.0,2024-08
C10767,2024-11-26,Deposit,553.0,2024-11
C10767,2025-07-18,Withdrawal,4168.0,2025-07
C10767,2025-03-05,Withdrawal,234.0,2025-03
C10767,2025-07-13,Deposit,9898.0,2025-07
C10767,2025-05-05,Deposit,1837.0,2025-05
C10768,2025-06-18,Deposit,35765.0,2025-06
C10769,2022-04-23,Deposit,39318.0,2022-04
C10769,2024-09-29,Withdrawal,978.0,2024-09
C10769,2025-08-19,Deposit,6352.0,2025-08
C10769,2023-03-25,Withdrawal,784.0,2023-03
C10769,2024-10-04,Deposit,3200.0,2024-10
C10769,2024-05-10,Withdrawal,2356.0,2024-05
C10770,2020-02-26,Deposit,34104.0,2020-02
C10770,2022-05-28,Deposit,6208.0,2022-05
C10770,2023-08-03,Withdrawal,2358.0,2023-08
C10770,2021-09-11,Withdrawal,2555.0,2021-09
C10770,2020-06-01,Withdrawal,596.0,2020-06
C10770,2023-11-28,Withdrawal,1384.0,2023-11
C10770,2021-08-28,Deposit,6003.0,2021-08
C10770,2025-08-29,Deposit,4206.0,2025-08
C10770,2025-01-08,Deposit,5670.0,2025-01
C10770,2025-02-13,Withdrawal,3501.0,2025-02
C10770,2022-11-06,Deposit,2312.0,2022-11
C10770,2025-01-20,Withdrawal,1797.0,2025-01
C10770,2020-11-12,Withdrawal,2197.0,2020-11
C10771,2025-06-13,Deposit,17772.0,2025-06
C10771,2025-08-15,Deposit,8492.0,2025-08
C10772,2024-11-19,Deposit,43419.0,2024-11
C10773,2020-05-29,Deposit,18307.0,2020-05
C10773,2022-10-09,Deposit,9610.0,2022-10
C10773,2025-07-09,Withdrawal,2368.0,2025-07
C10773,2022-08-02,Deposit,2135.0,2022-08
C10773,2025-06-19,Withdrawal,3800.0,2025-06
C10773,2021-04-29,Deposit,5842.0,2021-04
C10773,2025-05-15,Withdrawal,1757.0,2025-05
C10773,2025-04-10,Withdrawal,808.0,2025-04
C10773,2021-01-20,Deposit,101.0,2021-01
C10773,2025-07-21,Deposit,5162.0,2025-07
C10773,2023-02-04,Withdrawal,1298.0,2023-02
C10773,2022-09-19,Deposit,4791.0,2022-09
C10773,2021-09-15,Withdrawal,692.0,2021-09
C10773,2022-03-17,Withdrawal,4824.0,2022-03
C10774,2022-11-02,Deposit,45798.0,2022-11
C10774,2024-11-24,Deposit,2790.0,2024-11
C10774,2023-02-01,Deposit,6752.0,2023-02
C10774,2024-12-16,Deposit,719.0,2024-12
C10774,2024-10-02,Withdrawal,1821.0,2024-10
C10775,2021-09-09,Deposit,31794.0,2021-09
C10775,2024-04-05,Deposit,7926.0,2024-04
C10776,2023-10-31,Deposit,27653.0,2023-10
C10776,2025-08-03,Deposit,8106.0,2025-08
C10776,2025-01-16,Deposit,8476.0,2025-01
C10776,2024-12-08,Withdrawal,554.0,2024-12
C10776,2024-11-11,Withdrawal,4381.0,2024-11
C10776,2024-09-18,Withdrawal,3657.0,2024-09
C10777,2022-03-30,Deposit,12089.0,2022-03
C10777,2024-03-21,Withdrawal,539.0,2024-03
C10777,2024-11-23,Withdrawal,2420.0,2024-11
C10777,2023-01-29,Deposit,4480.0,2023-01
C10777,2024-02-26,Deposit,4629.0,2024-02
C10777,2024-02-21,Withdrawal,532.0,2024-02
C10777,2025-05-25,Deposit,889.0,2025-05
C10777,2023-12-14,Withdrawal,898.0,2023-12
C10777,2023-06-27,Withdrawal,1551.0,2023-06
C10777,2022-06-07,Withdrawal,3294.0,2022-06
C10777,2023-07-23,Withdrawal,290.0,2023-07
C10778,2025-04-04,Deposit,13802.0,2025-04
C10778,2025-06-04,Withdrawal,1024.0,2025-06
C10778,2025-05-14,Deposit,4088.0,2025-05
C10778,2025-07-21,Withdrawal,4247.0,2025-07
C10778,2025-06-07,Withdrawal,2400.0,2025-06
C10779,2020-09-16,Deposit,24740.0,2020-09
C10779,2024-04-15,Withdrawal,3414.0,2024-04
C10779,2022-10-21,Withdrawal,4409.0,2022-10
C10779,2025-07-06,Deposit,5592.0,2025-07
C10779,2020-10-27,Deposit,3985.0,2020-10
C10780,2022-02-22,Deposit,10760.0,2022-02
C10780,2024-11-16,Deposit,7287.0,2024-11
C10780,2025-06-18,Deposit,9298.0,2025-06
C10780,2023-09-04,Deposit,4185.0,2023-09
C10780,2022-08-27,Withdrawal,2554.0,2022-08
C10780,2025-03-17,Withdrawal,4743.0,2025-03
C10780,2023-03-25,Deposit,1603.0,2023-03
C10780,2023-07-28,Deposit,7899.0,2023-07
C10781,2020-11-12,Deposit,40324.0,2020-11
C10781,2023-08-22,Deposit,9588.0,2023-08
C10781,2022-03-19,Withdrawal,3454.0,2022-03
C10781,2024-02-10,Withdrawal,4551.0,2024-02
C10781,2022-09-24,Deposit,7203.0,2022-09
C10781,2021-11-25,Withdrawal,3838.0,2021-11
C10781,2025-03-08,Withdrawal,2032.0,2025-03
C10781,2022-08-20,Deposit,3888.0,2022-08
C10781,2023-11-10,Withdrawal,199.0,2023-11
C10781,2024-06-16,Withdrawal,4423.0,2024-06
C10781,2024-11-23,Deposit,5236.0,2024-11
C10781,2021-11-11,Deposit,9773.0,2021-11
C10782,2024-03-20,Deposit,24445.0,2024-03
C10782,2024-06-17,Withdrawal,3008.0,2024-06
C10782,2025-05-02,Deposit,9444.0,2025-05
C10782,2024-06-03,Deposit,703.0,2024-06
C10782,2024-06-15,Deposit,3911.0,2024-06
C10783,2024-02-11,Deposit,16685.0,2024-02
C10783,2024-09-05,Deposit,9478.0,2024-09
C10783,2024-04-27,Deposit,3204.0,2024-04
C10784,2020-08-02,Deposit,22442.0,2020-08
C10784,2024-12-07,Withdrawal,4123.0,2024-12
C10784,2021-12-26,Deposit,2907.0,2021-12
C10784,2021-09-02,Deposit,3333.0,2021-09
C10784,2022-01-29,Deposit,8226.0,2022-01
C10784,2025-05-21,Deposit,7729.0,2025-05
C10784,2025-05-14,Deposit,6344.0,2025-05
C10784,2024-07-13,Withdrawal,4330.0,2024-07
C10784,2020-12-18,Withdrawal,2777.0,2020-12
C10784,2025-01-07,Deposit,9560.0,2025-01
C10784,2022-10-24,Withdrawal,3831.0,2022-10
C10784,2021-04-14,Deposit,8477.0,2021-04
C10784,2021-12-06,Deposit,801.0,2021-12
C10784,2025-04-27,Deposit,4730.0,2025-04
C10784,2025-03-04,Withdrawal,3501.0,2025-03
C10784,2023-10-27,Withdrawal,4162.0,2023-10
C10785,2020-07-20,Deposit,13237.0,2020-07
C10786,2025-07-07,Deposit,22464.0,2025-07
C10787,2025-12-12,Deposit,43209.0,2025-12
C10788,2020-12-02,Deposit,39941.0,2020-12
C10788,2024-10-27,Withdrawal,3247.0,2024-10
C10789,2020-07-30,Deposit,18529.0,2020-07
C10789,2024-05-03,Deposit,6711.0,2024-05
C10789,2023-09-07,Deposit,1301.0,2023-09
C10789,2020-10-08,Withdrawal,2203.0,2020-10
C10789,2023-09-10,Withdrawal,2733.0,2023-09
C10789,2022-02-24,Deposit,4366.0,2022-02
C10790,2022-07-29,Deposit,21044.0,2022-07
C10790,2022-11-11,Deposit,7970.0,2022-11
C10790,2022-12-03,Withdrawal,3934.0,2022-12
C10790,2025-08-23,Deposit,2048.0,2025-08
C10790,2023-06-14,Withdrawal,3702.0,2023-06
C10790,2022-10-25,Deposit,7156.0,2022-10
C10790,2024-04-06,Withdrawal,4706.0,2024-04
C10790,2023-02-03,Deposit,7125.0,2023-02
C10790,2024-08-08,Deposit,8775.0,2024-08
C10790,2025-06-21,Withdrawal,3466.0,2025-06
C10790,2025-08-28,Withdrawal,4383.0,2025-08
C10790,2024-04-17,Withdrawal,2702.0,2024-04
C10791,2024-08-23,Deposit,39432.0,2024-08
C10791,2025-06-12,Deposit,2551.0,2025-06
C10791,2025-02-12,Withdrawal,2504.0,2025-02
C10791,2025-03-17,Deposit,8434.0,2025-03
C10791,2025-07-25,Withdrawal,1371.0,2025-07
C10791,2025-05-28,Withdrawal,3170.0,2025-05
C10791,2024-10-29,Deposit,8972.0,2024-10
C10792,2022-04-19,Deposit,47371.0,2022-04
C10792,2025-02-02,Withdrawal,4639.0,2025-02
C10792,2024-11-29,Withdrawal,198.0,2024-11
C10793,2020-07-05,Deposit,6481.0,2020-07
C10793,2023-04-18,Withdrawal,2957.0,2023-04
C10793,2025-09-05,Withdrawal,1899.0,2025-09
C10793,2023-01-26,Withdrawal,1300.0,2023-01
C10793,2021-10-04,Deposit,8000.0,2021-10
C10793,2021-08-28,Withdrawal,1065.0,2021-08
C10793,2023-01-20,Withdrawal,4326.0,2023-01
C10794,2025-03-16,Deposit,32927.0,2025-03
C10795,2022-09-07,Deposit,9827.0,2022-09
C10796,2024-09-25,Deposit,30849.0,2024-09
C10797,2021-01-15,Deposit,20809.0,2021-01
C10797,2022-10-05,Withdrawal,1236.0,2022-10
C10797,2023-03-21,Withdrawal,1676.0,2023-03
C10797,2021-03-06,Deposit,4312.0,2021-03
C10797,2021-12-07,Withdrawal,1385.0,2021-12
C10797,2025-05-21,Withdrawal,1013.0,2025-05
C10797,2025-04-07,Withdrawal,2369.0,2025-04
C10797,2023-12-20,Deposit,6033.0,2023-12
C10797,2022-12-14,Deposit,9434.0,2022-12
C10797,2022-12-25,Withdrawal,4900.0,2022-12
C10797,2024-02-09,Withdrawal,3702.0,2024-02
C10798,2023-05-17,Deposit,38177.0,2023-05
C10798,2024-08-07,Withdrawal,1673.0,2024-08
C10798,2024-04-21,Deposit,2034.0,2024-04
C10798,2025-06-25,Withdrawal,1174.0,2025-06
C10798,2023-05-30,Withdrawal,4520.0,2023-05
C10798,2024-04-07,Deposit,783.0,2024-04
C10799,2020-03-05,Deposit,35323.0,2020-03
C10799,2020-11-29,Deposit,7939.0,2020-11
C10800,2024-12-01,Deposit,45798.0,2024-12
C10800,2025-06-03,Deposit,4220.0,2025-06
C10801,2024-08-19,Deposit,16901.0,2024-08
C10801,2024-08-23,Deposit,5339.0,2024-08
C10802,2023-01-17,Deposit,23740.0,2023-01
C10802,2024-07-04,Withdrawal,334.0,2024-07
C10802,2023-05-02,Withdrawal,4939.0,2023-05
C10802,2024-12-18,Deposit,3886.0,2024-12
C10802,2024-03-05,Deposit,304.0,2024-03
C10802,2023-01-26,Deposit,6038.0,2023-01
C10802,2023-05-20,Withdrawal,4662.0,2023-05
C10802,2024-03-30,Withdrawal,4472.0,2024-03
C10802,2024-01-06,Withdrawal,4447.0,2024-01
C10802,2023-03-13,Withdrawal,3371.0,2023-03
C10802,2025-04-09,Deposit,8355.0,2025-04
C10803,2020-11-20,Deposit,44285.0,2020-11
C10803,2022-07-23,Deposit,2378.0,2022-07
C10803,2023-05-18,Withdrawal,3001.0,2023-05
C10803,2023-04-16,Deposit,6418.0,2023-04
C10804,2021-04-30,Deposit,46446.0,2021-04
C10804,2021-08-22,Deposit,6246.0,2021-08
C10804,2025-01-25,Withdrawal,4249.0,2025-01
C10804,2021-07-05,Deposit,4360.0,2021-07
C10804,2025-08-29,Deposit,4257.0,2025-08
C10805,2022-05-15,Deposit,14580.0,2022-05
C10805,2023-09-20,Withdrawal,2108.0,2023-09
C10805,2022-07-12,Deposit,9641.0,2022-07
C10805,2023-08-03,Withdrawal,1200.0,2023-08
C10805,2025-01-07,Withdrawal,4996.0,2025-01
C10805,2025-05-14,Withdrawal,2887.0,2025-05
C10805,2024-03-07,Withdrawal,2379.0,2024-03
C10805,2023-03-07,Deposit,5228.0,2023-03
C10805,2022-09-27,Withdrawal,3056.0,2022-09
C10805,2022-08-24,Withdrawal,2502.0,2022-08
C10805,2025-08-09,Withdrawal,4941.0,2025-08
C10805,2022-05-21,Withdrawal,3587.0,2022-05
C10806,2024-03-26,Deposit,12866.0,2024-03
C10806,2024-12-22,Withdrawal,1546.0,2024-12
C10807,2021-02-24,Deposit,46240.0,2021-02
C10807,2022-03-07,Withdrawal,413.0,2022-03
C10807,2023-07-10,Deposit,6282.0,2023-07
C10807,2023-01-08,Deposit,2840.0,2023-01
C10807,2021-07-14,Withdrawal,1239.0,2021-07
C10808,2023-11-23,Deposit,15097.0,2023-11
C10808,2025-02-21,Withdrawal,2572.0,2025-02
C10808,2024-12-30,Withdrawal,4641.0,2024-12
C10808,2025-04-05,Withdrawal,1994.0,2025-04
C10809,2023-02-17,Deposit,15678.0,2023-02
C10809,2025-07-20,Deposit,6629.0,2025-07
C10810,2023-12-26,Deposit,46614.0,2023-12
C10810,2024-10-11,Withdrawal,1527.0,2024-10
C10810,2024-11-06,Withdrawal,2473.0,2024-11
C10811,2024-10-02,Deposit,23837.0,2024-10
C10811,2025-06-28,Deposit,3661.0,2025-06
C10811,2025-02-23,Deposit,6084.0,2025-02
C10812,2025-11-21,Deposit,40585.0,2025-11
C10813,2023-12-17,Deposit,29134.0,2023-12
C10813,2025-05-01,Withdrawal,3964.0,2025-05
C10813,2025-06-14,Deposit,7474.0,2025-06
C10813,2024-05-12,Deposit,7775.0,2024-05
C10814,2022-07-22,Deposit,39276.0,2022-07
C10814,2022-10-04,Deposit,6662.0,2022-10
C10814,2025-09-09,Withdrawal,1966.0,2025-09
C10814,2022-08-27,Deposit,632.0,2022-08
C10814,2022-11-29,Withdrawal,878.0,2022-11
C10814,2024-07-04,Withdrawal,3195.0,2024-07
C10815,2023-03-10,Deposit,24319.0,2023-03
C10815,2025-02-19,Withdrawal,3503.0,2025-02
C10815,2025-03-08,Withdrawal,574.0,2025-03
C10815,2024-04-06,Withdrawal,3394.0,2024-04
C10815,2023-10-29,Deposit,7532.0,2023-10
C10815,2024-06-11,Deposit,3904.0,2024-06
C10815,2025-06-16,Deposit,3385.0,2025-06
C10815,2023-08-04,Withdrawal,2460.0,2023-08
C10815,2023-07-13,Deposit,8585.0,2023-07
C10816,2020-09-26,Deposit,20369.0,2020-09
C10816,2022-08-02,Withdrawal,1129.0,2022-08
C10816,2022-06-05,Deposit,2521.0,2022-06
C10816,2023-07-08,Deposit,3396.0,2023-07
C10816,2023-08-25,Withdrawal,644.0,2023-08
C10816,2023-10-22,Deposit,8078.0,2023-10
C10816,2022-02-08,Deposit,3001.0,2022-02
C10817,2024-07-09,Deposit,11129.0,2024-07
C10817,2025-08-17,Withdrawal,2599.0,2025-08
C10817,2025-07-07,Deposit,7979.0,2025-07
C10817,2024-11-14,Deposit,8969.0,2024-11
C10818,2022-07-03,Deposit,40254.0,2022-07
C10818,2023-12-06,Withdrawal,1228.0,2023-12
C10818,2025-04-05,Deposit,6666.0,2025-04
C10818,2022-11-24,Deposit,8671.0,2022-11
C10818,2024-06-25,Withdrawal,3851.0,2024-06
C10818,2025-06-02,Deposit,7405.0,2025-06
C10818,2024-05-02,Withdrawal,1787.0,2024-05
C10818,2025-02-16,Withdrawal,2080.0,2025-02
C10818,2023-04-21,Withdrawal,1595.0,2023-04
C10818,2024-04-28,Withdrawal,1632.0,2024-04
C10819,2025-01-16,Deposit,27623.0,2025-01
C10819,2025-06-17,Withdrawal,3460.0,2025-06
C10819,2025-06-10,Withdrawal,3884.0,2025-06
C10820,2024-08-15,Deposit,34362.0,2024-08
C10820,2024-11-14,Deposit,8389.0,2024-11
C10820,2024-08-31,Withdrawal,2470.0,2024-08
C10820,2024-09-19,Deposit,2468.0,2024-09
C10820,2025-06-30,Withdrawal,2398.0,2025-06
C10821,2020-03-21,Deposit,28630.0,2020-03
C10822,2023-06-07,Deposit,23286.0,2023-06
C10822,2024-07-01,Withdrawal,3934.0,2024-07
C10822,2025-02-27,Deposit,3772.0,2025-02
C10822,2024-10-08,Withdrawal,4886.0,2024-10
C10822,2024-09-05,Deposit,3499.0,2024-09
C10822,2024-02-29,Deposit,1535.0,2024-02
C10822,2023-06-27,Deposit,7216.0,2023-06
C10822,2024-01-25,Withdrawal,117.0,2024-01
C10822,2024-04-03,Deposit,8656.0,2024-04
C10822,2025-06-04,Deposit,1939.0,2025-06
C10823,2022-11-10,Deposit,11059.0,2022-11
C10823,2024-05-21,Withdrawal,3702.0,2024-05
C10823,2024-02-02,Withdrawal,1442.0,2024-02
C10823,2023-04-01,Deposit,3745.0,2023-04
C10823,2025-06-17,Withdrawal,2615.0,2025-06
C10823,2025-08-01,Deposit,7605.0,2025-08
C10823,2025-03-08,Deposit,9812.0,2025-03
C10823,2024-06-06,Deposit,4703.0,2024-06
C10823,2025-06-27,Deposit,7439.0,2025-06
C10824,2023-10-26,Deposit,37537.0,2023-10
C10824,2024-02-14,Withdrawal,2515.0,2024-02
C10824,2025-06-24,Deposit,3070.0,2025-06
C10824,2024-03-09,Withdrawal,2266.0,2024-03
C10824,2024-06-15,Deposit,5196.0,2024-06
C10825,2024-09-18,Deposit,25526.0,2024-09
C10825,2025-04-03,Deposit,2121.0,2025-04
C10826,2023-03-24,Deposit,25378.0,2023-03
C10826,2024-04-11,Deposit,4042.0,2024-04
C10826,2024-08-31,Deposit,8563.0,2024-08
C10827,2023-05-21,Deposit,36616.0,2023-05
C10827,2025-05-15,Withdrawal,3368.0,2025-05
C10827,2023-11-25,Deposit,6363.0,2023-11
C10827,2025-05-17,Deposit,4786.0,2025-05
C10827,2024-04-26,Deposit,9635.0,2024-04
C10828,2024-01-09,Deposit,24010.0,2024-01
C10829,2025-05-06,Deposit,8097.0,2025-05
C10830,2021-12-29,Deposit,8243.0,2021-12
C10830,2023-06-15,Withdrawal,458.0,2023-06
C10830,2022-06-03,Deposit,6771.0,2022-06
C10830,2022-03-23,Withdrawal,704.0,2022-03
C10830,2022-01-16,Deposit,609.0,2022-01
C10830,2022-05-01,Withdrawal,1391.0,2022-05
C10830,2025-04-29,Withdrawal,3177.0,2025-04
C10831,2021-10-31,Deposit,17114.0,2021-10
C10831,2024-10-30,Deposit,5737.0,2024-10
C10831,2022-02-14,Deposit,2680.0,2022-02
C10831,2023-10-06,Withdrawal,3159.0,2023-10
C10832,2020-09-13,Deposit,33946.0,2020-09
C10832,2023-04-09,Withdrawal,4274.0,2023-04
C10832,2021-05-30,Withdrawal,3906.0,2021-05
C10832,2022-01-18,Deposit,7449.0,2022-01
C10832,2023-07-18,Withdrawal,2073.0,2023-07
C10832,2021-02-23,Withdrawal,4753.0,2021-02
C10832,2020-10-08,Withdrawal,1358.0,2020-10
C10832,2023-08-27,Withdrawal,2086.0,2023-08
C10832,2024-09-10,Deposit,5581.0,2024-09
C10832,2025-08-08,Withdrawal,498.0,2025-08
C10833,2021-06-28,Deposit,17546.0,2021-06
C10833,2023-07-11,Withdrawal,330.0,2023-07
C10833,2024-05-25,Withdrawal,4097.0,2024-05
C10833,2023-06-14,Withdrawal,2208.0,2023-06
C10833,2023-11-13,Deposit,5134.0,2023-11
C10833,2023-04-27,Deposit,6317.0,2023-04
C10833,2022-09-12,Withdrawal,3516.0,2022-09
C10833,2022-02-01,Withdrawal,363.0,2022-02
C10833,2023-01-17,Deposit,8293.0,2023-01
C10833,2024-05-25,Withdrawal,2791.0,2024-05
C10833,2024-03-31,Deposit,5882.0,2024-03
C10833,2022-07-17,Withdrawal,4778.0,2022-07
C10834,2025-03-19,Deposit,34660.0,2025-03
C10835,2025-07-28,Deposit,40121.0,2025-07
C10836,2020-05-11,Deposit,48758.0,2020-05
C10836,2022-04-17,Withdrawal,4165.0,2022-04
C10836,2021-01-18,Withdrawal,597.0,2021-01
C10836,2022-11-09,Withdrawal,4789.0,2022-11
C10836,2021-01-16,Withdrawal,3626.0,2021-01
C10836,2022-02-08,Deposit,8072.0,2022-02
C10836,2023-04-26,Withdrawal,337.0,2023-04
C10837,2020-06-22,Deposit,15056.0,2020-06
C10837,2021-06-17,Withdrawal,2285.0,2021-06
C10837,2024-01-11,Deposit,6172.0,2024-01
C10837,2025-08-06,Deposit,2739.0,2025-08
C10837,2021-06-05,Deposit,8069.0,2021-06
C10838,2021-05-19,Deposit,10771.0,2021-05
C10838,2021-09-22,Deposit,2784.0,2021-09
C10838,2022-03-12,Deposit,9165.0,2022-03
C10838,2023-06-23,Deposit,2350.0,2023-06
C10838,2022-10-01,Deposit,524.0,2022-10
C10838,2021-09-17,Deposit,6848.0,2021-09
C10839,2022-02-12,Deposit,40453.0,2022-02
C10839,2023-11-12,Withdrawal,2172.0,2023-11
C10839,2024-06-30,Withdrawal,4062.0,2024-06
C10839,2024-02-17,Withdrawal,1606.0,2024-02
C10839,2023-12-21,Deposit,3615.0,2023-12
C10839,2023-12-01,Withdrawal,4092.0,2023-12
C10839,2024-07-01,Withdrawal,4447.0,2024-07
C10839,2024-02-06,Withdrawal,3796.0,2024-02
C10840,2023-01-18,Deposit,13029.0,2023-01
C10840,2025-03-26,Deposit,2348.0,2025-03
C10840,2024-04-22,Deposit,158.0,2024-04
C10840,2023-10-21,Deposit,9508.0,2023-10
C10841,2024-05-10,Deposit,24090.0,2024-05
C10841,2025-02-28,Withdrawal,3997.0,2025-02
C10841,2024-08-01,Deposit,6156.0,2024-08
C10841,2024-07-04,Withdrawal,3131.0,2024-07
C10842,2025-04-02,Deposit,14267.0,2025-04
C10842,2025-07-12,Deposit,7640.0,2025-07
C10843,2025-11-25,Deposit,26977.0,2025-11
C10844,2021-05-17,Deposit,13867.0,2021-05
C10844,2024-10-28,Withdrawal,3756.0,2024-10
C10844,2024-04-02,Withdrawal,3579.0,2024-04
C10844,2023-01-11,Withdrawal,1023.0,2023-01
C10844,2023-07-05,Withdrawal,1033.0,2023-07
C10844,2022-12-07,Deposit,547.0,2022-12
C10844,2024-04-21,Deposit,6678.0,2024-04
C10844,2021-05-23,Deposit,1034.0,2021-05
C10844,2022-03-19,Deposit,8559.0,2022-03
C10844,2022-01-13,Withdrawal,1682.0,2022-01
C10844,2024-05-29,Deposit,581.0,2024-05
C10844,2021-06-26,Withdrawal,1595.0,2021-06
C10844,2022-05-15,Deposit,4264.0,2022-05
C10844,2022-11-17,Deposit,1895.0,2022-11
C10844,2023-02-20,Deposit,3669.0,2023-02
C10844,2023-05-20,Deposit,699.0,2023-05
C10844,2024-04-28,Deposit,3223.0,2024-04
C10845,2021-04-25,Deposit,20671.0,2021-04
C10845,2022-04-19,Deposit,9053.0,2022-04
C10845,2021-10-16,Deposit,8072.0,2021-10
C10845,2023-03-13,Withdrawal,1552.0,2023-03
C10846,2021-08-09,Deposit,37998.0,2021-08
C10846,2021-09-28,Deposit,5587.0,2021-09
C10846,2022-08-05,Deposit,3019.0,2022-08
C10847,2021-07-29,Deposit,22837.0,2021-07
C10847,2022-02-08,Deposit,8618.0,2022-02
C10847,2023-08-27,Withdrawal,2621.0,2023-08
C10847,2025-04-07,Deposit,3069.0,2025-04
C10847,2024-11-11,Deposit,8138.0,2024-11
C10847,2022-12-07,Deposit,3378.0,2022-12
C10848,2024-02-13,Deposit,25218.0,2024-02
C10848,2024-02-19,Deposit,1245.0,2024-02
C10848,2025-01-03,Deposit,4792.0,2025-01
C10848,2025-03-05,Withdrawal,1830.0,2025-03
C10848,2024-09-24,Withdrawal,4338.0,2024-09
C10848,2024-11-13,Deposit,805.0,2024-11
C10849,2024-02-22,Deposit,41748.0,2024-02
C10849,2024-06-13,Withdrawal,4030.0,2024-06
C10850,2025-04-06,Deposit,27749.0,2025-04
C10851,2022-06-28,Deposit,12209.0,2022-06
C10851,2023-03-11,Deposit,2406.0,2023-03
C10851,2024-10-09,Deposit,6297.0,2024-10
C10851,2025-09-05,Deposit,1951.0,2025-09
C10851,2022-09-24,Withdrawal,4627.0,2022-09
C10851,2023-08-31,Withdrawal,2014.0,2023-08
C10851,2022-10-26,Deposit,9592.0,2022-10
C10851,2025-04-05,Withdrawal,4765.0,2025-04
C10852,2023-12-08,Deposit,42794.0,2023-12
C10852,2024-09-02,Withdrawal,3146.0,2024-09
C10852,2025-08-27,Deposit,1373.0,2025-08
C10852,2025-02-18,Withdrawal,3567.0,2025-02
C10852,2024-01-11,Deposit,3180.0,2024-01
C10852,2025-08-06,Deposit,1777.0,2025-08
C10853,2025-02-04,Deposit,13840.0,2025-02
C10854,2023-08-25,Deposit,23293.0,2023-08
C10854,2024-08-07,Withdrawal,1792.0,2024-08
C10854,2025-08-19,Withdrawal,1302.0,2025-08
C10855,2020-07-28,Deposit,13157.0,2020-07
C10855,2024-11-07,Deposit,4941.0,2024-11
C10856,2025-10-06,Deposit,16199.0,2025-10
C10857,2024-10-14,Deposit,18827.0,2024-10
C10857,2025-06-12,Withdrawal,2283.0,2025-06
C10857,2025-06-30,Withdrawal,4125.0,2025-06
C10858,2021-10-01,Deposit,36994.0,2021-10
C10858,2025-01-19,Deposit,5671.0,2025-01
C10858,2023-06-06,Deposit,6591.0,2023-06
C10858,2022-03-14,Deposit,1902.0,2022-03
C10858,2025-07-14,Deposit,1790.0,2025-07
C10858,2024-05-26,Withdrawal,2500.0,2024-05
C10858,2022-08-12,Deposit,786.0,2022-08
C10858,2024-11-24,Withdrawal,1773.0,2024-11
C10858,2023-05-30,Withdrawal,952.0,2023-05
C10859,2024-08-03,Deposit,48899.0,2024-08
C10860,2021-09-17,Deposit,19647.0,2021-09
C10860,2023-11-19,Withdrawal,2345.0,2023-11
C10860,2022-02-10,Withdrawal,4866.0,2022-02
C10860,2023-07-23,Withdrawal,2408.0,2023-07
C10861,2025-08-21,Deposit,46691.0,2025-08
C10862,2021-01-17,Deposit,35314.0,2021-01
C10862,2021-05-03,Deposit,7980.0,2021-05
C10862,2022-02-22,Deposit,2603.0,2022-02
C10863,2025-07-18,Deposit,27129.0,2025-07
C10864,2025-12-07,Deposit,40379.0,2025-12
C10865,2022-07-07,Deposit,12658.0,2022-07
C10865,2024-04-11,Withdrawal,290.0,2024-04
C10865,2023-01-17,Deposit,5834.0,2023-01
C10865,2025-04-25,Deposit,7766.0,2025-04
C10865,2024-04-21,Deposit,5387.0,2024-04
C10866,2021-05-09,Deposit,42733.0,2021-05
C10866,2024-12-05,Withdrawal,2974.0,2024-12
C10866,2025-06-20,Withdrawal,4446.0,2025-06
C10866,2024-05-24,Withdrawal,361.0,2024-05
C10866,2022-01-12,Withdrawal,4031.0,2022-01
C10866,2021-06-13,Withdrawal,1288.0,2021-06
C10866,2025-04-03,Deposit,6652.0,2025-04
C10866,2021-08-21,Withdrawal,222.0,2021-08
C10866,2024-07-18,Withdrawal,3528.0,2024-07
C10866,2022-12-20,Deposit,2775.0,2022-12
C10866,2023-02-19,Withdrawal,2451.0,2023-02
C10866,2021-07-21,Withdrawal,4426.0,2021-07
C10866,2021-09-17,Deposit,3829.0,2021-09
C10866,2024-03-09,Withdrawal,2328.0,2024-03
C10866,2021-07-17,Deposit,9774.0,2021-07
C10866,2021-08-13,Withdrawal,2709.0,2021-08
C10866,2024-05-17,Deposit,6581.0,2024-05
C10867,2022-04-18,Deposit,24755.0,2022-04
C10867,2024-08-28,Withdrawal,4720.0,2024-08
C10867,2022-06-20,Deposit,9131.0,2022-06
C10867,2025-07-18,Deposit,6339.0,2025-07
C10867,2023-11-14,Withdrawal,2339.0,2023-11
C10867,2023-01-26,Deposit,3546.0,2023-01
C10867,2025-03-17,Withdrawal,1394.0,2025-03
C10867,2024-10-26,Deposit,6973.0,2024-10
C10867,2023-11-25,Withdrawal,1576.0,2023-11
C10868,2021-08-28,Deposit,16329.0,2021-08
C10868,2021-10-25,Deposit,8355.0,2021-10
C10868,2022-03-31,Deposit,4473.0,2022-03
C10868,2023-04-05,Withdrawal,2609.0,2023-04
C10869,2023-03-31,Deposit,42515.0,2023-03
C10869,2025-05-11,Deposit,2909.0,2025-05
C10869,2025-03-27,Deposit,5401.0,2025-03
C10870,2020-08-14,Deposit,15597.0,2020-08
C10870,2020-12-02,Withdrawal,3055.0,2020-12
C10870,2021-08-18,Deposit,8770.0,2021-08
C10870,2023-03-06,Deposit,9723.0,2023-03
C10870,2022-08-15,Deposit,7291.0,2022-08
C10870,2025-05-14,Withdrawal,3194.0,2025-05
C10870,2023-01-17,Deposit,3352.0,2023-01
C10870,2021-08-23,Deposit,1729.0,2021-08
C10870,2024-12-09,Withdrawal,227.0,2024-12
C10870,2021-09-28,Withdrawal,4330.0,2021-09
C10870,2023-01-23,Deposit,2731.0,2023-01
C10870,2022-11-05,Withdrawal,2580.0,2022-11
C10870,2021-10-02,Deposit,9531.0,2021-10
C10870,2025-01-30,Deposit,6243.0,2025-01
C10870,2024-09-02,Withdrawal,2302.0,2024-09
C10871,2025-07-21,Deposit,42326.0,2025-07
C10872,2022-10-24,Deposit,22187.0,2022-10
C10872,2025-01-14,Deposit,8804.0,2025-01
C10872,2024-10-02,Deposit,4906.0,2024-10
C10872,2023-01-31,Deposit,2515.0,2023-01
C10872,2024-08-01,Withdrawal,103.0,2024-08
C10872,2024-07-09,Withdrawal,4782.0,2024-07
C10872,2024-08-31,Deposit,6182.0,2024-08
C10873,2023-10-17,Deposit,46446.0,2023-10
C10873,2025-04-05,Deposit,5731.0,2025-04
C10874,2020-04-10,Deposit,6587.0,2020-04
C10874,2022-01-25,Deposit,5444.0,2022-01
C10874,2022-10-22,Deposit,2871.0,2022-10
C10874,2023-03-19,Withdrawal,2043.0,2023-03
C10874,2020-11-23,Withdrawal,2365.0,2020-11
C10874,2024-02-13,Deposit,2359.0,2024-02
C10874,2022-01-07,Deposit,1925.0,2022-01
C10874,2020-12-19,Withdrawal,1545.0,2020-12
C10874,2025-01-14,Deposit,786.0,2025-01
C10874,2020-10-08,Deposit,7892.0,2020-10
C10874,2022-01-29,Deposit,1965.0,2022-01
C10874,2021-08-14,Withdrawal,322.0,2021-08
C10874,2020-08-08,Deposit,8910.0,2020-08
C10874,2021-09-24,Deposit,4024.0,2021-09
C10875,2020-11-02,Deposit,44467.0,2020-11
C10875,2025-06-15,Deposit,1785.0,2025-06
C10875,2023-01-31,Deposit,9391.0,2023-01
C10876,2024-07-14,Deposit,48871.0,2024-07
C10877,2020-02-06,Deposit,26909.0,2020-02
C10877,2024-06-19,Withdrawal,4190.0,2024-06
C10877,2023-04-25,Withdrawal,1540.0,2023-04
C10877,2023-01-24,Deposit,9579.0,2023-01
C10877,2024-02-22,Deposit,9320.0,2024-02
C10877,2024-02-14,Deposit,4832.0,2024-02
C10877,2020-09-08,Withdrawal,4880.0,2020-09
C10877,2020-12-05,Deposit,2650.0,2020-12
C10877,2024-09-09,Withdrawal,3107.0,2024-09
C10877,2025-06-20,Withdrawal,1245.0,2025-06
C10877,2023-07-18,Deposit,2452.0,2023-07
C10877,2022-05-23,Withdrawal,4169.0,2022-05
C10877,2025-01-14,Deposit,5939.0,2025-01
C10877,2021-03-23,Deposit,704.0,2021-03
C10877,2021-08-19,Withdrawal,891.0,2021-08
C10877,2024-04-24,Deposit,4353.0,2024-04
C10877,2020-03-05,Withdrawal,2586.0,2020-03
C10877,2022-01-15,Deposit,5336.0,2022-01
C10877,2022-03-17,Deposit,7116.0,2022-03
C10877,2021-12-25,Deposit,5708.0,2021-12
C10877,2022-06-04,Withdrawal,144.0,2022-06
C10878,2022-05-05,Deposit,18896.0,2022-05
C10878,2024-08-30,Withdrawal,3409.0,2024-08
C10878,2022-12-23,Withdrawal,1914.0,2022-12
C10878,2022-12-22,Withdrawal,4583.0,2022-12
C10878,2022-08-08,Deposit,4342.0,2022-08
C10878,2024-08-03,Withdrawal,4747.0,2024-08
C10878,2023-03-12,Deposit,1377.0,2023-03
C10879,2022-12-23,Deposit,34850.0,2022-12
C10879,2025-05-31,Withdrawal,4623.0,2025-05
C10879,2023-01-01,Withdrawal,1566.0,2023-01
C10880,2020-09-03,Deposit,5836.0,2020-09
C10880,2022-07-11,Withdrawal,751.0,2022-07
C10880,2024-11-07,Deposit,5624.0,2024-11
C10880,2024-07-07,Deposit,2887.0,2024-07
C10880,2023-07-08,Withdrawal,225.0,2023-07
C10880,2023-07-21,Withdrawal,4745.0,2023-07
C10880,2025-04-23,Withdrawal,4788.0,2025-04
C10880,2025-06-20,Withdrawal,437.0,2025-06
C10880,2024-02-03,Withdrawal,2720.8,2024-02
C10880,2020-12-12,Withdrawal,544.1599999999999,2020-12
C10880,2024-04-17,Deposit,8927.0,2024-04
C10880,2021-07-11,Deposit,6124.0,2021-07
C10880,2022-02-07,Deposit,6075.0,2022-02
C10880,2024-01-21,Deposit,3358.0,2024-01
C10880,2023-07-03,Withdrawal,855.0,2023-07
C10881,2021-10-12,Deposit,12576.0,2021-10
C10881,2024-03-20,Deposit,2735.0,2024-03
C10881,2023-07-21,Withdrawal,2934.0,2023-07
C10881,2023-06-25,Withdrawal,1524.0,2023-06
C10881,2023-04-17,Withdrawal,2684.0,2023-04
C10881,2025-02-01,Deposit,2597.0,2025-02
C10881,2024-01-22,Withdrawal,1824.0,2024-01
C10882,2023-02-08,Deposit,49625.0,2023-02
C10882,2024-07-22,Withdrawal,2744.0,2024-07
C10882,2024-07-09,Withdrawal,4166.0,2024-07
C10882,2023-09-28,Deposit,2682.0,2023-09
C10883,2020-01-21,Deposit,48799.0,2020-01
C10883,2022-10-13,Deposit,9290.0,2022-10
C10883,2023-04-08,Deposit,4492.0,2023-04
C10883,2022-03-26,Deposit,5606.0,2022-03
C10883,2022-11-27,Withdrawal,2323.0,2022-11
C10883,2020-06-05,Deposit,3322.0,2020-06
C10883,2020-03-01,Deposit,2411.0,2020-03
C10883,2023-02-05,Withdrawal,375.0,2023-02
C10884,2021-06-28,Deposit,44074.0,2021-06
C10884,2023-02-03,Withdrawal,2197.0,2023-02
C10884,2021-12-26,Withdrawal,4949.0,2021-12
C10884,2023-08-30,Deposit,2063.0,2023-08
C10885,2024-01-03,Deposit,40620.0,2024-01
C10885,2024-09-12,Withdrawal,1735.0,2024-09
C10886,2025-07-16,Deposit,10276.0,2025-07
C10887,2020-09-11,Deposit,13623.0,2020-09
C10887,2025-06-08,Withdrawal,1461.0,2025-06
C10887,2023-01-15,Withdrawal,491.0,2023-01
C10887,2023-07-26,Withdrawal,992.0,2023-07
C10887,2024-09-09,Withdrawal,427.0,2024-09
C10887,2021-10-14,Withdrawal,2233.0,2021-10
C10887,2024-02-11,Withdrawal,4625.0,2024-02
C10887,2025-03-04,Deposit,3074.0,2025-03
C10887,2023-06-21,Deposit,7447.0,2023-06
C10887,2022-02-04,Withdrawal,1685.0,2022-02
C10887,2021-06-07,Deposit,5913.0,2021-06
C10887,2024-05-01,Deposit,8102.0,2024-05
C10887,2021-10-25,Withdrawal,4401.0,2021-10
C10887,2024-01-26,Deposit,1264.0,2024-01
C10887,2022-10-01,Deposit,1662.0,2022-10
C10887,2024-04-11,Deposit,4247.0,2024-04
C10887,2022-06-01,Withdrawal,2913.0,2022-06
C10888,2020-06-15,Deposit,21044.0,2020-06
C10888,2021-10-27,Withdrawal,460.0,2021-10
C10889,2024-10-11,Deposit,22018.0,2024-10
C10889,2025-05-29,Deposit,9084.0,2025-05
C10890,2022-06-15,Deposit,31312.0,2022-06
C10890,2023-06-16,Withdrawal,3658.0,2023-06
C10890,2022-07-15,Withdrawal,340.0,2022-07
C10890,2023-07-13,Deposit,9511.0,2023-07
C10890,2024-10-02,Deposit,396.0,2024-10
C10890,2024-01-25,Withdrawal,2458.0,2024-01
C10890,2023-03-30,Deposit,7660.0,2023-03
C10890,2023-08-21,Deposit,850.0,2023-08
C10890,2022-06-23,Withdrawal,909.0,2022-06
C10891,2022-11-19,Deposit,5109.0,2022-11
C10891,2024-07-01,Deposit,9054.0,2024-07
C10892,2022-06-30,Deposit,49150.0,2022-06
C10893,2025-01-27,Deposit,19407.0,2025-01
C10893,2025-07-16,Deposit,9835.0,2025-07
C10893,2025-03-12,Deposit,8548.0,2025-03
C10893,2025-02-23,Withdrawal,4620.0,2025-02
C10894,2023-09-30,Deposit,12538.0,2023-09
C10894,2024-12-10,Deposit,3327.0,2024-12
C10895,2020-06-25,Deposit,20008.0,2020-06
C10895,2025-08-08,Withdrawal,2708.0,2025-08
C10895,2025-09-09,Withdrawal,1423.0,2025-09
C10895,2025-07-08,Withdrawal,2556.0,2025-07
C10895,2025-03-03,Withdrawal,842.0,2025-03
C10895,2025-07-30,Deposit,7726.0,2025-07
C10895,2023-10-07,Withdrawal,869.0,2023-10
C10895,2022-03-25,Deposit,8785.0,2022-03
C10895,2023-09-06,Withdrawal,1779.0,2023-09
C10895,2024-03-22,Withdrawal,4317.0,2024-03
C10896,2024-09-30,Deposit,48121.0,2024-09
C10896,2024-11-16,Deposit,6368.0,2024-11
C10897,2021-12-16,Deposit,36799.0,2021-12
C10898,2020-03-28,Deposit,36430.0,2020-03
C10899,2025-12-14,Deposit,22173.0,2025-12
C10900,2025-12-21,Deposit,12500.0,2025-12
C10901,2021-07-30,Deposit,10281.0,2021-07
C10901,2025-09-01,Withdrawal,2287.0,2025-09
C10901,2024-07-10,Deposit,4565.0,2024-07
C10901,2022-10-23,Withdrawal,2697.0,2022-10
C10901,2022-01-09,Withdrawal,2901.0,2022-01
C10901,2022-11-02,Withdrawal,2217.0,2022-11
C10901,2022-07-22,Deposit,1738.0,2022-07
C10901,2024-09-15,Deposit,2405.0,2024-09
C10901,2024-05-12,Deposit,6843.0,2024-05
C10902,2025-10-17,Deposit,18698.0,2025-10
C10903,2024-10-29,Deposit,42806.0,2024-10
C10903,2025-08-20,Deposit,6486.0,2025-08
C10903,2025-04-29,Withdrawal,1677.0,2025-04
C10903,2025-05-02,Deposit,8928.0,2025-05
C10903,2024-12-09,Withdrawal,2250.0,2024-12
C10904,2024-11-09,Deposit,10761.0,2024-11
C10905,2025-05-13,Deposit,7900.0,2025-05
C10906,2023-01-24,Deposit,42553.0,2023-01
C10906,2024-02-15,Deposit,6625.0,2024-02
C10906,2023-04-11,Withdrawal,4209.0,2023-04
C10906,2023-07-22,Deposit,5707.0,2023-07
C10907,2020-06-19,Deposit,41370.0,2020-06
C10907,2021-08-21,Withdrawal,166.0,2021-08
C10907,2021-09-19,Withdrawal,1237.0,2021-09
C10907,2022-05-19,Deposit,5784.0,2022-05
C10907,2021-01-12,Withdrawal,821.0,2021-01
C10907,2025-08-28,Withdrawal,789.0,2025-08
C10907,2021-09-30,Withdrawal,3993.0,2021-09
C10907,2021-06-11,Deposit,7525.0,2021-06
C10908,2025-05-12,Deposit,29033.0,2025-05
C10908,2025-05-13,Withdrawal,144.0,2025-05
C10908,2025-05-30,Deposit,2086.0,2025-05
C10909,2021-04-01,Deposit,44360.0,2021-04
C10909,2023-07-28,Deposit,8005.0,2023-07
C10909,2025-07-22,Withdrawal,3657.0,2025-07
C10909,2025-05-08,Withdrawal,2264.0,2025-05
C10909,2024-04-18,Withdrawal,901.0,2024-04
C10909,2022-06-09,Deposit,2489.0,2022-06
C10909,2024-11-14,Deposit,8620.0,2024-11
C10909,2021-10-20,Withdrawal,3878.0,2021-10
C10909,2021-10-26,Deposit,5092.0,2021-10
C10909,2021-06-29,Deposit,2539.0,2021-06
C10910,2023-02-26,Deposit,35171.0,2023-02
C10910,2024-07-08,Deposit,8951.0,2024-07
C10910,2025-08-16,Deposit,6994.0,2025-08
C10910,2023-10-04,Deposit,1345.0,2023-10
C10911,2020-03-02,Deposit,34644.0,2020-03
C10911,2021-09-14,Deposit,6700.0,2021-09
C10911,2022-01-16,Withdrawal,2170.0,2022-01
C10911,2021-08-07,Withdrawal,2212.0,2021-08
C10911,2023-05-13,Withdrawal,3000.0,2023-05
C10911,2025-02-14,Deposit,6901.0,2025-02
C10912,2024-04-29,Deposit,41320.0,2024-04
C10912,2024-06-27,Withdrawal,4756.0,2024-06
C10912,2024-12-11,Deposit,3522.0,2024-12
C10912,2025-08-03,Deposit,8796.0,2025-08
C10912,2025-08-13,Deposit,7701.0,2025-08
C10913,2020-12-11,Deposit,35742.0,2020-12
C10913,2025-04-30,Deposit,693.0,2025-04
C10913,2024-06-17,Withdrawal,583.0,2024-06
C10913,2022-02-25,Withdrawal,3620.0,2022-02
C10913,2024-08-22,Withdrawal,2910.0,2024-08
C10914,2022-09-27,Deposit,13831.0,2022-09
C10914,2024-07-06,Withdrawal,4882.0,2024-07
C10914,2023-12-28,Withdrawal,1034.0,2023-12
C10914,2022-12-24,Deposit,2151.0,2022-12
C10914,2024-04-27,Deposit,7818.0,2024-04
C10915,2023-02-09,Deposit,29899.0,2023-02
C10915,2024-11-27,Withdrawal,884.0,2024-11
C10915,2024-01-01,Withdrawal,590.0,2024-01
C10915,2025-06-13,Deposit,8103.0,2025-06
C10915,2024-08-30,Withdrawal,2834.0,2024-08
C10915,2025-01-22,Withdrawal,4081.0,2025-01
C10915,2025-03-15,Deposit,932.0,2025-03
C10915,2025-07-04,Withdrawal,2826.0,2025-07
C10915,2023-12-19,Deposit,8015.0,2023-12
C10915,2024-08-31,Deposit,236.0,2024-08
C10916,2020-11-14,Deposit,24142.0,2020-11
C10916,2024-02-26,Deposit,5026.0,2024-02
C10916,2023-07-09,Deposit,7777.0,2023-07
C10916,2022-06-05,Withdrawal,3074.0,2022-06
C10916,2022-02-23,Withdrawal,349.0,2022-02
C10916,2023-03-07,Withdrawal,2834.0,2023-03
C10916,2022-12-01,Deposit,9997.0,2022-12
C10916,2021-08-03,Deposit,697.0,2021-08
C10916,2022-06-26,Withdrawal,2985.0,2022-06
C10916,2022-01-20,Withdrawal,4845.0,2022-01
C10916,2024-03-17,Deposit,6377.0,2024-03
C10916,2025-03-01,Deposit,2243.0,2025-03
C10916,2021-11-14,Withdrawal,310.0,2021-11
C10917,2023-05-26,Deposit,9359.0,2023-05
C10917,2025-06-19,Withdrawal,865.0,2025-06
C10917,2025-04-20,Withdrawal,3203.0,2025-04
C10918,2025-05-16,Deposit,11875.0,2025-05
C10918,2025-08-30,Deposit,6591.0,2025-08
C10918,2025-08-11,Withdrawal,840.0,2025-08
C10919,2021-11-09,Deposit,25446.0,2021-11
C10919,2021-12-29,Deposit,4698.0,2021-12
C10919,2022-01-26,Deposit,6895.0,2022-01
C10919,2024-06-22,Withdrawal,3021.0,2024-06
C10919,2023-03-27,Withdrawal,1934.0,2023-03
C10919,2025-05-08,Deposit,2316.0,2025-05
C10919,2025-09-16,Deposit,8094.0,2025-09
C10919,2025-05-13,Withdrawal,4733.0,2025-05
C10919,2023-03-04,Deposit,256.0,2023-03
C10919,2023-10-25,Withdrawal,3630.0,2023-10
C10919,2024-10-27,Withdrawal,3228.0,2024-10
C10919,2022-04-01,Deposit,4183.0,2022-04
C10919,2021-12-07,Withdrawal,2714.0,2021-12
C10919,2023-07-30,Deposit,3332.0,2023-07
C10919,2025-08-15,Deposit,281.0,2025-08
C10920,2022-11-26,Deposit,25851.0,2022-11
C10920,2024-09-15,Withdrawal,398.0,2024-09
C10921,2022-06-04,Deposit,25988.0,2022-06
C10921,2024-09-05,Withdrawal,1216.0,2024-09
C10921,2024-01-15,Deposit,8626.0,2024-01
C10921,2025-03-23,Deposit,1646.0,2025-03
C10921,2022-10-25,Withdrawal,4637.0,2022-10
C10921,2023-03-07,Withdrawal,3121.0,2023-03
C10921,2025-08-27,Deposit,300.0,2025-08
C10921,2025-09-03,Withdrawal,520.0,2025-09
C10921,2024-11-01,Withdrawal,2847.0,2024-11
C10921,2023-08-06,Withdrawal,262.0,2023-08
C10921,2024-04-15,Withdrawal,4492.0,2024-04
C10921,2024-03-17,Withdrawal,4179.0,2024-03
C10921,2025-07-05,Deposit,4295.0,2025-07
C10922,2022-08-11,Deposit,10738.0,2022-08
C10922,2024-12-20,Withdrawal,2269.0,2024-12
C10922,2023-09-13,Deposit,4270.0,2023-09
C10922,2025-06-19,Withdrawal,1616.0,2025-06
C10922,2022-09-23,Withdrawal,1992.0,2022-09
C10922,2022-10-24,Deposit,6045.0,2022-10
C10922,2024-11-12,Withdrawal,2018.0,2024-11
C10922,2023-09-08,Withdrawal,3655.0,2023-09
C10922,2025-02-13,Withdrawal,1573.0,2025-02
C10922,2025-05-07,Deposit,9126.0,2025-05
C10922,2023-08-26,Withdrawal,1286.0,2023-08
C10923,2025-11-15,Deposit,19647.0,2025-11
C10924,2025-09-11,Deposit,31138.0,2025-09
C10925,2020-06-18,Deposit,7188.0,2020-06
C10926,2023-12-14,Deposit,46313.0,2023-12
C10926,2024-12-30,Withdrawal,1839.0,2024-12
C10926,2024-09-09,Withdrawal,4935.0,2024-09
C10926,2024-06-30,Deposit,8304.0,2024-06
C10927,2024-09-18,Deposit,29246.0,2024-09
C10927,2025-06-10,Withdrawal,4884.0,2025-06
C10927,2025-04-03,Withdrawal,1759.0,2025-04
C10927,2025-03-28,Withdrawal,2066.0,2025-03
C10927,2025-03-19,Deposit,3386.0,2025-03
C10928,2024-10-30,Deposit,15681.0,2024-10
C10929,2021-09-20,Deposit,41442.0,2021-09
C10929,2022-08-08,Deposit,224.0,2022-08
C10929,2025-03-08,Withdrawal,3778.0,2025-03
C10929,2025-08-16,Withdrawal,1262.0,2025-08
C10929,2025-02-11,Withdrawal,3898.0,2025-02
C10929,2022-01-16,Withdrawal,3425.0,2022-01
C10929,2025-05-23,Deposit,4265.0,2025-05
C10930,2020-04-25,Deposit,30821.0,2020-04
C10930,2022-11-08,Deposit,3164.0,2022-11
C10930,2025-07-18,Deposit,7870.0,2025-07
C10930,2024-11-23,Deposit,490.0,2024-11
C10930,2021-02-26,Deposit,5684.0,2021-02
C10930,2024-12-17,Withdrawal,1886.0,2024-12
C10931,2025-04-17,Deposit,16774.0,2025-04
C10931,2025-05-03,Withdrawal,1841.0,2025-05
C10932,2021-01-12,Deposit,12856.0,2021-01
C10932,2022-02-02,Withdrawal,1569.0,2022-02
C10932,2022-08-25,Withdrawal,1433.0,2022-08
C10932,2023-12-08,Withdrawal,928.0,2023-12
C10932,2025-01-08,Withdrawal,3735.0,2025-01
C10932,2025-07-11,Withdrawal,4417.0,2025-07
C10932,2022-03-26,Deposit,411.0,2022-03
C10932,2021-10-11,Withdrawal,263.0,2021-10
C10932,2025-01-24,Withdrawal,437.0,2025-01
C10932,2024-01-17,Withdrawal,388.0,2024-01
C10932,2023-10-13,Deposit,2281.0,2023-10
C10932,2023-08-19,Withdrawal,1902.4,2023-08
C10932,2022-01-21,Deposit,1765.0,2022-01
C10932,2025-04-13,Deposit,3318.0,2025-04
C10933,2020-10-23,Deposit,16509.0,2020-10
C10933,2022-06-16,Deposit,5580.0,2022-06
C10933,2024-06-19,Deposit,5088.0,2024-06
C10933,2022-08-30,Withdrawal,4153.0,2022-08
C10933,2022-03-27,Withdrawal,3574.0,2022-03
C10933,2020-12-20,Withdrawal,3133.0,2020-12
C10933,2023-03-23,Deposit,890.0,2023-03
C10933,2022-02-08,Deposit,8001.0,2022-02
C10933,2021-05-17,Withdrawal,2791.0,2021-05
C10933,2024-02-09,Withdrawal,2678.0,2024-02
C10933,2025-08-18,Deposit,9224.0,2025-08
C10933,2024-12-25,Deposit,7076.0,2024-12
C10933,2024-04-07,Deposit,3559.0,2024-04
C10933,2024-03-17,Withdrawal,531.0,2024-03
C10933,2025-04-20,Deposit,4102.0,2025-04
C10933,2025-02-13,Deposit,3550.0,2025-02
C10933,2021-11-22,Withdrawal,4356.0,2021-11
C10933,2022-10-06,Withdrawal,3161.0,2022-10
C10934,2024-05-21,Deposit,21274.0,2024-05
C10934,2025-05-11,Deposit,5921.0,2025-05
C10934,2025-06-27,Deposit,127.0,2025-06
C10934,2025-05-21,Withdrawal,2585.0,2025-05
C10934,2025-03-15,Withdrawal,2451.0,2025-03
C10934,2024-09-02,Deposit,7985.0,2024-09
C10934,2025-01-21,Withdrawal,2244.0,2025-01
C10935,2022-11-23,Deposit,26382.0,2022-11
C10935,2025-04-03,Withdrawal,484.0,2025-04
C10935,2023-12-28,Withdrawal,599.0,2023-12
C10935,2023-10-14,Withdrawal,3839.0,2023-10
C10935,2023-10-15,Withdrawal,3375.0,2023-10
C10936,2020-01-18,Deposit,9816.0,2020-01
C10936,2022-04-11,Withdrawal,3665.0,2022-04
C10936,2024-11-29,Deposit,8633.0,2024-11
C10936,2025-04-11,Withdrawal,4938.0,2025-04
C10936,2025-02-07,Deposit,3365.0,2025-02
C10936,2020-08-14,Deposit,3599.0,2020-08
C10936,2021-09-02,Withdrawal,2470.0,2021-09
C10936,2023-08-19,Deposit,6066.0,2023-08
C10936,2023-03-19,Withdrawal,2581.0,2023-03
C10936,2021-06-21,Withdrawal,4182.0,2021-06
C10937,2022-10-13,Deposit,22952.0,2022-10
C10937,2023-10-04,Withdrawal,632.0,2023-10
C10937,2025-08-26,Deposit,6795.0,2025-08
C10937,2025-09-12,Withdrawal,1211.0,2025-09
C10937,2024-12-28,Deposit,1134.0,2024-12
C10938,2022-10-01,Deposit,14219.0,2022-10
C10938,2024-01-23,Deposit,6921.0,2024-01
C10938,2024-05-11,Withdrawal,1408.0,2024-05
C10939,2021-04-04,Deposit,19232.0,2021-04
C10939,2024-04-04,Withdrawal,2844.0,2024-04
C10939,2023-04-27,Deposit,6440.0,2023-04
C10939,2022-08-15,Deposit,5759.0,2022-08
C10939,2025-03-22,Withdrawal,2813.0,2025-03
C10939,2021-09-27,Withdrawal,2812.0,2021-09
C10939,2024-08-25,Withdrawal,3602.0,2024-08
C10939,2025-08-17,Withdrawal,3272.0,2025-08
C10939,2022-12-04,Withdrawal,1227.0,2022-12
C10939,2025-07-11,Deposit,6450.0,2025-07
C10939,2024-01-20,Withdrawal,3842.0,2024-01
C10939,2022-11-15,Withdrawal,4193.0,2022-11
C10940,2020-07-09,Deposit,16379.0,2020-07
C10940,2021-12-12,Deposit,3813.0,2021-12
C10940,2021-09-06,Deposit,7099.0,2021-09
C10940,2021-03-17,Deposit,2293.0,2021-03
C10940,2020-10-18,Withdrawal,1427.0,2020-10
C10940,2022-05-07,Deposit,4847.0,2022-05
C10940,2021-04-20,Deposit,7990.0,2021-04
C10941,2020-03-14,Deposit,9574.0,2020-03
C10941,2022-06-11,Deposit,6391.0,2022-06
C10941,2021-05-17,Withdrawal,1057.0,2021-05
C10941,2021-03-29,Deposit,9819.0,2021-03
C10941,2025-04-14,Deposit,445.0,2025-04
C10941,2023-10-29,Withdrawal,2898.0,2023-10
C10941,2021-09-03,Withdrawal,2614.0,2021-09
C10941,2020-04-30,Withdrawal,605.0,2020-04
C10941,2025-04-01,Deposit,2265.0,2025-04
C10941,2022-07-09,Withdrawal,2267.0,2022-07
C10941,2022-01-29,Deposit,5917.0,2022-01
C10941,2020-06-04,Deposit,7682.0,2020-06
C10941,2024-04-26,Deposit,8615.0,2024-04
C10941,2024-04-23,Deposit,9392.0,2024-04
C10941,2024-07-25,Withdrawal,4484.0,2024-07
C10941,2022-09-18,Withdrawal,183.0,2022-09
C10941,2023-08-08,Withdrawal,4116.0,2023-08
C10941,2022-01-21,Withdrawal,4196.0,2022-01
C10942,2022-03-31,Deposit,38696.0,2022-03
C10942,2022-10-15,Withdrawal,3666.0,2022-10
C10942,2023-11-12,Withdrawal,3450.0,2023-11
C10942,2025-07-06,Deposit,8121.0,2025-07
C10942,2024-08-06,Withdrawal,389.0,2024-08
C10943,2022-04-10,Deposit,22013.0,2022-04
C10943,2022-12-06,Withdrawal,4669.0,2022-12
C10943,2022-07-05,Withdrawal,4729.0,2022-07
C10943,2023-07-06,Withdrawal,2750.0,2023-07
C10943,2023-04-02,Deposit,2067.0,2023-04
C10943,2024-07-07,Withdrawal,3814.0,2024-07
C10943,2024-02-08,Withdrawal,2033.0,2024-02
C10943,2025-06-09,Withdrawal,1822.0,2025-06
C10943,2022-04-27,Withdrawal,3487.0,2022-04
C10944,2025-02-08,Deposit,42160.0,2025-02
C10945,2023-09-26,Deposit,31421.0,2023-09
C10945,2025-07-26,Deposit,2156.0,2025-07
C10945,2024-05-30,Deposit,7407.0,2024-05
C10945,2025-04-21,Deposit,2778.0,2025-04
C10945,2023-11-04,Withdrawal,3028.0,2023-11
C10945,2025-06-16,Withdrawal,4620.0,2025-06
C10946,2021-08-01,Deposit,23943.0,2021-08
C10946,2024-08-05,Deposit,4848.0,2024-08
C10946,2024-02-16,Withdrawal,1308.0,2024-02
C10946,2025-03-17,Withdrawal,3034.0,2025-03
C10946,2022-10-22,Withdrawal,743.0,2022-10
C10946,2024-11-08,Deposit,8094.0,2024-11
C10946,2023-02-28,Withdrawal,2269.0,2023-02
C10946,2021-10-24,Withdrawal,4247.0,2021-10
C10947,2024-01-11,Deposit,6283.0,2024-01
C10947,2024-04-12,Deposit,4522.0,2024-04
C10948,2023-10-04,Deposit,23457.0,2023-10
C10949,2023-03-21,Deposit,49704.0,2023-03
C10949,2025-06-22,Withdrawal,1807.0,2025-06
C10949,2025-06-10,Withdrawal,2856.0,2025-06
C10949,2025-07-19,Deposit,5228.0,2025-07
C10949,2025-05-23,Deposit,8108.0,2025-05
C10949,2023-11-28,Deposit,6992.0,2023-11
C10949,2024-09-04,Deposit,8922.0,2024-09
C10949,2024-12-24,Deposit,1235.0,2024-12
C10950,2021-07-29,Deposit,10486.0,2021-07
C10950,2023-09-11,Withdrawal,3389.0,2023-09
C10950,2025-07-04,Withdrawal,1829.0,2025-07
C10950,2023-01-28,Withdrawal,467.0,2023-01
C10950,2023-02-04,Withdrawal,3684.0,2023-02
C10950,2024-02-18,Deposit,2153.0,2024-02
C10950,2025-01-29,Deposit,2048.0,2025-01
C10950,2025-03-24,Deposit,9667.0,2025-03
C10950,2025-03-20,Withdrawal,2630.0,2025-03
C10950,2024-03-27,Deposit,1127.0,2024-03
C10951,2024-10-23,Deposit,46061.0,2024-10
C10951,2024-12-27,Withdrawal,2914.0,2024-12
C10951,2025-05-15,Withdrawal,813.0,2025-05
C10952,2022-01-27,Deposit,9432.0,2022-01
C10952,2023-09-14,Deposit,7557.0,2023-09
C10952,2025-08-18,Withdrawal,424.0,2025-08
C10952,2022-08-20,Withdrawal,803.0,2022-08
C10952,2023-10-20,Withdrawal,1687.0,2023-10
C10952,2022-05-27,Withdrawal,1655.0,2022-05
C10952,2023-09-21,Withdrawal,2756.0,2023-09
C10952,2024-09-22,Deposit,5581.0,2024-09
C10952,2024-07-15,Deposit,3319.0,2024-07
C10952,2025-02-14,Deposit,9561.0,2025-02
C10952,2025-08-10,Withdrawal,2206.0,2025-08
C10952,2025-03-27,Withdrawal,2632.0,2025-03
C10953,2024-05-27,Deposit,27543.0,2024-05
C10953,2024-08-10,Deposit,916.0,2024-08
C10953,2024-06-04,Deposit,9272.0,2024-06
C10953,2024-07-15,Withdrawal,605.0,2024-07
C10954,2020-05-04,Deposit,29612.0,2020-05
C10954,2022-03-15,Withdrawal,4106.0,2022-03
C10954,2025-05-28,Deposit,4883.0,2025-05
C10954,2022-08-10,Withdrawal,3163.0,2022-08
C10954,2024-10-27,Deposit,5035.0,2024-10
C10954,2025-01-12,Deposit,1646.0,2025-01
C10954,2023-09-24,Withdrawal,3650.0,2023-09
C10954,2025-04-22,Deposit,4848.0,2025-04
C10954,2024-05-09,Deposit,5100.0,2024-05
C10954,2023-04-30,Withdrawal,4289.0,2023-04
C10954,2023-08-16,Deposit,8461.0,2023-08
C10954,2021-01-20,Deposit,3327.0,2021-01
C10954,2021-05-08,Withdrawal,4445.0,2021-05
C10955,2022-11-15,Deposit,11800.0,2022-11
C10955,2025-08-12,Deposit,3184.0,2025-08
C10955,2024-09-24,Deposit,5877.0,2024-09
C10955,2022-12-22,Deposit,4482.0,2022-12
C10956,2023-11-23,Deposit,25935.0,2023-11
C10956,2023-12-03,Withdrawal,259.0,2023-12
C10956,2024-02-02,Deposit,9268.0,2024-02
C10956,2024-03-22,Deposit,8562.0,2024-03
C10956,2024-08-16,Withdrawal,4733.0,2024-08
C10957,2022-05-17,Deposit,18420.0,2022-05
C10957,2024-08-20,Withdrawal,424.0,2024-08
C10957,2022-11-06,Deposit,5074.0,2022-11
C10957,2023-11-01,Deposit,6468.0,2023-11
C10957,2024-05-05,Withdrawal,2517.0,2024-05
C10957,2024-09-23,Deposit,7113.0,2024-09
C10957,2022-10-24,Deposit,3812.0,2022-10
C10957,2023-10-14,Deposit,2923.0,2023-10
C10957,2025-04-14,Withdrawal,1587.0,2025-04
C10957,2024-07-14,Withdrawal,2904.0,2024-07
C10958,2024-12-14,Deposit,9814.0,2024-12
C10958,2025-08-05,Deposit,8342.0,2025-08
C10959,2020-05-08,Deposit,45553.0,2020-05
C10959,2022-04-25,Withdrawal,2201.0,2022-04
C10959,2022-11-29,Deposit,3546.0,2022-11
C10959,2024-07-09,Withdrawal,3196.0,2024-07
C10959,2024-01-27,Deposit,3032.0,2024-01
C10959,2021-08-12,Deposit,842.0,2021-08
C10959,2022-08-09,Withdrawal,3584.0,2022-08
C10959,2022-12-27,Withdrawal,1121.0,2022-12
C10959,2021-02-10,Withdrawal,1837.0,2021-02
C10959,2022-06-26,Withdrawal,645.0,2022-06
C10959,2025-04-24,Deposit,9320.0,2025-04
C10960,2022-03-14,Deposit,31569.0,2022-03
C10960,2025-07-28,Withdrawal,315.0,2025-07
C10960,2022-07-09,Withdrawal,573.0,2022-07
C10960,2025-04-06,Withdrawal,1264.0,2025-04
C10961,2023-09-17,Deposit,42121.0,2023-09
C10961,2025-04-07,Withdrawal,4327.0,2025-04
C10962,2023-06-07,Deposit,29844.0,2023-06
C10962,2024-11-20,Deposit,2527.0,2024-11
C10962,2025-04-28,Withdrawal,4850.0,2025-04
C10962,2024-06-22,Deposit,8940.0,2024-06
C10962,2023-08-04,Withdrawal,4225.0,2023-08
C10962,2025-06-18,Deposit,9788.0,2025-06
C10963,2023-08-27,Deposit,45834.0,2023-08
C10964,2025-03-29,Deposit,19272.0,2025-03
C10965,2023-10-05,Deposit,27663.0,2023-10
C10965,2024-11-01,Deposit,9744.0,2024-11
C10965,2024-04-09,Deposit,4223.0,2024-04
C10965,2024-03-12,Withdrawal,2090.0,2024-03
C10965,2024-04-18,Deposit,4188.0,2024-04
C10966,2024-02-10,Deposit,41310.0,2024-02
C10966,2024-05-10,Deposit,3006.0,2024-05
C10966,2025-02-23,Withdrawal,4159.0,2025-02
C10966,2024-08-22,Withdrawal,4261.0,2024-08
C10966,2024-04-29,Withdrawal,2179.0,2024-04
C10966,2025-08-27,Withdrawal,3290.0,2025-08
C10967,2024-05-04,Deposit,47997.0,2024-05
C10967,2024-06-24,Deposit,5520.0,2024-06
C10968,2025-07-26,Deposit,34273.0,2025-07
C10969,2022-10-14,Deposit,20245.0,2022-10
C10970,2022-05-01,Deposit,38965.0,2022-05
C10970,2023-11-26,Deposit,5292.0,2023-11
C10970,2024-03-31,Deposit,6668.0,2024-03
C10970,2024-12-15,Deposit,2691.0,2024-12
C10970,2024-07-19,Withdrawal,1096.0,2024-07
C10970,2025-09-16,Deposit,7150.0,2025-09
C10971,2022-10-04,Deposit,32229.0,2022-10
C10971,2023-03-21,Deposit,5946.0,2023-03
C10971,2024-10-09,Deposit,5707.0,2024-10
C10971,2023-01-28,Withdrawal,3460.0,2023-01
C10971,2024-03-13,Deposit,2177.0,2024-03
C10971,2025-02-03,Deposit,1350.0,2025-02
C10971,2025-06-11,Withdrawal,215.0,2025-06
C10971,2023-05-13,Deposit,1619.0,2023-05
C10972,2023-07-27,Deposit,13521.0,2023-07
C10972,2024-09-10,Withdrawal,306.0,2024-09
C10972,2024-01-22,Deposit,1017.0,2024-01
C10972,2025-06-28,Deposit,4691.0,2025-06
C10972,2024-01-10,Withdrawal,2949.0,2024-01
C10973,2024-06-16,Deposit,26553.0,2024-06
C10973,2025-06-05,Withdrawal,4650.0,2025-06
C10973,2025-05-31,Withdrawal,433.0,2025-05
C10974,2025-04-28,Deposit,7496.0,2025-04
C10975,2024-05-18,Deposit,20164.0,2024-05
C10976,2024-08-09,Deposit,43455.0,2024-08
C10977,2025-07-24,Deposit,43454.0,2025-07
C10978,2020-01-01,Deposit,21188.0,2020-01
C10978,2025-02-12,Withdrawal,3230.0,2025-02
C10978,2024-05-04,Withdrawal,178.0,2024-05
C10978,2020-09-27,Withdrawal,611.0,2020-09
C10978,2024-09-13,Withdrawal,3729.0,2024-09
C10978,2023-08-07,Withdrawal,877.0,2023-08
C10978,2023-08-20,Withdrawal,2214.0,2023-08
C10978,2023-12-26,Withdrawal,2886.0,2023-12
C10978,2024-02-11,Deposit,9908.0,2024-02
C10978,2023-04-06,Deposit,7903.0,2023-04
C10978,2020-09-27,Deposit,1023.0,2020-09
C10978,2021-08-23,Withdrawal,4352.0,2021-08
C10978,2020-01-19,Withdrawal,2633.0,2020-01
C10978,2022-07-20,Deposit,6318.0,2022-07
C10978,2024-11-07,Withdrawal,759.0,2024-11
C10978,2022-12-04,Deposit,591.0,2022-12
C10978,2025-02-21,Withdrawal,1599.0,2025-02
C10978,2023-08-05,Withdrawal,2093.0,2023-08
C10978,2021-03-31,Deposit,4349.0,2021-03
C10979,2023-12-03,Deposit,6756.0,2023-12
C10979,2025-01-25,Withdrawal,1237.0,2025-01
C10979,2025-08-12,Deposit,1606.0,2025-08
C10979,2025-05-26,Deposit,6856.0,2025-05
C10979,2024-10-08,Withdrawal,903.0,2024-10
C10979,2024-07-05,Deposit,5098.0,2024-07
C10979,2024-06-03,Withdrawal,973.0,2024-06
C10979,2025-02-18,Deposit,5034.0,2025-02
C10979,2025-08-03,Withdrawal,4786.0,2025-08
C10979,2024-11-13,Deposit,3334.0,2024-11
C10980,2024-02-04,Deposit,47706.0,2024-02
C10981,2020-02-16,Deposit,49652.0,2020-02
C10981,2025-05-10,Withdrawal,2987.0,2025-05
C10981,2025-01-28,Deposit,3607.0,2025-01
C10981,2020-03-04,Withdrawal,2553.0,2020-03
C10981,2024-08-15,Deposit,5272.0,2024-08
C10982,2024-06-24,Deposit,19772.0,2024-06
C10982,2025-08-22,Withdrawal,4769.0,2025-08
C10983,2024-04-13,Deposit,24644.0,2024-04
C10983,2025-08-18,Deposit,1761.0,2025-08
C10983,2025-02-15,Deposit,6022.0,2025-02
C10984,2024-11-16,Deposit,27091.0,2024-11
C10985,2025-08-20,Deposit,36340.0,2025-08
C10986,2021-06-09,Deposit,40284.0,2021-06
C10986,2024-01-03,Withdrawal,2033.0,2024-01
C10986,2023-04-22,Withdrawal,4142.0,2023-04
C10986,2021-07-14,Deposit,7639.0,2021-07
C10986,2023-02-14,Deposit,8267.0,2023-02
C10986,2021-08-22,Deposit,2083.0,2021-08
C10986,2025-07-08,Withdrawal,3123.0,2025-07
C10986,2022-01-28,Withdrawal,4013.0,2022-01
C10986,2022-05-06,Deposit,3253.0,2022-05
C10986,2024-07-28,Withdrawal,4845.0,2024-07
C10986,2024-06-03,Deposit,6085.0,2024-06
C10987,2022-07-21,Deposit,8278.0,2022-07
C10987,2024-05-26,Deposit,2825.0,2024-05
C10987,2022-08-19,Withdrawal,1158.0,2022-08
C10987,2024-09-06,Deposit,2953.0,2024-09
C10987,2024-11-28,Deposit,885.0,2024-11
C10987,2025-06-08,Deposit,2575.0,2025-06
C10987,2025-05-04,Deposit,9672.0,2025-05
C10987,2024-06-11,Withdrawal,316.0,2024-06
C10987,2023-01-20,Deposit,4930.0,2023-01
C10987,2023-03-17,Deposit,7314.0,2023-03
C10988,2025-08-01,Deposit,8071.0,2025-08
C10989,2023-02-21,Deposit,20424.0,2023-02
C10989,2023-10-25,Deposit,8575.0,2023-10
C10989,2025-02-02,Withdrawal,3316.0,2025-02
C10989,2025-04-13,Withdrawal,1124.0,2025-04
C10989,2023-10-02,Deposit,9716.0,2023-10
C10989,2024-11-22,Withdrawal,768.0,2024-11
C10989,2025-05-25,Withdrawal,948.0,2025-05
C10989,2023-12-07,Withdrawal,1660.0,2023-12
C10990,2021-03-20,Deposit,25234.0,2021-03
C10990,2023-09-03,Withdrawal,4692.0,2023-09
C10991,2021-01-23,Deposit,38252.0,2021-01
C10991,2021-11-03,Deposit,8662.0,2021-11
C10991,2024-05-09,Deposit,4273.0,2024-05
C10991,2023-06-19,Deposit,119.0,2023-06
C10992,2020-11-15,Deposit,6091.0,2020-11
C10992,2023-04-02,Deposit,8377.0,2023-04
C10992,2021-08-31,Withdrawal,1084.0,2021-08
C10992,2024-10-06,Deposit,2751.0,2024-10
C10992,2022-11-16,Withdrawal,2209.0,2022-11
C10992,2021-03-03,Withdrawal,4961.0,2021-03
C10992,2023-06-22,Withdrawal,2738.0,2023-06
C10992,2021-08-10,Withdrawal,444.0,2021-08
C10992,2024-01-09,Deposit,2381.0,2024-01
C10992,2022-10-24,Withdrawal,454.0,2022-10
C10992,2021-04-21,Deposit,3291.0,2021-04
C10992,2022-02-22,Deposit,5224.0,2022-02
C10992,2022-08-21,Withdrawal,1439.0,2022-08
C10992,2021-02-22,Withdrawal,644.0,2021-02
C10992,2025-01-07,Withdrawal,2822.0,2025-01
C10993,2023-07-31,Deposit,27547.0,2023-07
C10993,2024-08-03,Withdrawal,1797.0,2024-08
C10993,2024-06-20,Deposit,8311.0,2024-06
C10993,2025-06-17,Deposit,1975.0,2025-06
C10993,2025-04-07,Deposit,5747.0,2025-04
C10993,2024-04-19,Withdrawal,1839.0,2024-04
C10994,2022-10-12,Deposit,41948.0,2022-10
C10995,2022-09-20,Deposit,7270.0,2022-09
C10996,2020-03-03,Deposit,29619.0,2020-03
C10996,2023-04-16,Withdrawal,4723.0,2023-04
C10996,2022-08-10,Deposit,6205.0,2022-08
C10996,2023-03-19,Withdrawal,1234.0,2023-03
C10997,2022-09-24,Deposit,34519.0,2022-09
C10997,2023-05-10,Deposit,3968.0,2023-05
C10997,2023-01-14,Withdrawal,3631.0,2023-01
C10998,2023-11-13,Deposit,23870.0,2023-11
C10999,2025-01-20,Deposit,36091.0,2025-01
